-- phpMyAdmin SQL Dump
-- version 4.0.10.19
-- https://www.phpmyadmin.net
--
-- Хост: localhost
-- Время создания: Авг 22 2017 г., 19:25
-- Версия сервера: 5.5.50-cll-lve
-- Версия PHP: 7.1.6

SET SQL_MODE = "NO_AUTO_VALUE_ON_ZERO";
SET time_zone = "+00:00";


/*!40101 SET @OLD_CHARACTER_SET_CLIENT=@@CHARACTER_SET_CLIENT */;
/*!40101 SET @OLD_CHARACTER_SET_RESULTS=@@CHARACTER_SET_RESULTS */;
/*!40101 SET @OLD_COLLATION_CONNECTION=@@COLLATION_CONNECTION */;
/*!40101 SET NAMES utf8 */;

--
-- База данных: `helpcase`
--

-- --------------------------------------------------------

--
-- Структура таблицы `attachments`
--

CREATE TABLE IF NOT EXISTS `attachments` (
  `id` int(11) NOT NULL AUTO_INCREMENT,
  `name` varchar(255) NOT NULL,
  `filename` varchar(255) NOT NULL,
  `size` int(11) DEFAULT NULL,
  `type` varchar(255) DEFAULT NULL,
  `ext` varchar(255) DEFAULT NULL,
  `time_create` int(11) DEFAULT NULL,
  PRIMARY KEY (`id`)
) ENGINE=InnoDB  DEFAULT CHARSET=utf8 AUTO_INCREMENT=3 ;

--
-- Дамп данных таблицы `attachments`
--

INSERT INTO `attachments` (`id`, `name`, `filename`, `size`, `type`, `ext`, `time_create`) VALUES
(1, '', 'Протокол скайп-совещания 20170807 Общее.pdf', 215467, 'application/pdf', 'pdf', 1502231241),
(2, '', 'Ограничения по заполнению полей карточки кейса.docx', 16946, 'application/vnd.openxmlformats-officedocument.wordprocessingml.document', 'docx', 1502290071);

-- --------------------------------------------------------

--
-- Структура таблицы `auth_assignments`
--

CREATE TABLE IF NOT EXISTS `auth_assignments` (
  `item_name` varchar(64) COLLATE utf8_unicode_ci NOT NULL,
  `user_id` varchar(64) COLLATE utf8_unicode_ci NOT NULL,
  `created_at` int(11) DEFAULT NULL,
  PRIMARY KEY (`item_name`,`user_id`)
) ENGINE=InnoDB DEFAULT CHARSET=utf8 COLLATE=utf8_unicode_ci;

--
-- Дамп данных таблицы `auth_assignments`
--

INSERT INTO `auth_assignments` (`item_name`, `user_id`, `created_at`) VALUES
('admin', '1', 1499407609);

-- --------------------------------------------------------

--
-- Структура таблицы `auth_items`
--

CREATE TABLE IF NOT EXISTS `auth_items` (
  `name` varchar(64) COLLATE utf8_unicode_ci NOT NULL,
  `type` int(11) NOT NULL,
  `description` text COLLATE utf8_unicode_ci,
  `rule_name` varchar(64) COLLATE utf8_unicode_ci DEFAULT NULL,
  `data` text COLLATE utf8_unicode_ci,
  `created_at` int(11) DEFAULT NULL,
  `updated_at` int(11) DEFAULT NULL,
  PRIMARY KEY (`name`),
  KEY `rule_name` (`rule_name`),
  KEY `idx-auth_item-type` (`type`)
) ENGINE=InnoDB DEFAULT CHARSET=utf8 COLLATE=utf8_unicode_ci;

--
-- Дамп данных таблицы `auth_items`
--

INSERT INTO `auth_items` (`name`, `type`, `description`, `rule_name`, `data`, `created_at`, `updated_at`) VALUES
('admin', 1, NULL, NULL, NULL, 1499407608, 1499407608),
('backend', 2, NULL, NULL, NULL, 1499407608, 1499407608),
('backend.main.main.error', 2, NULL, NULL, NULL, 1499407608, 1499407608),
('backend.main.main.login', 2, NULL, NULL, NULL, 1499407608, 1499407608),
('frontend.account', 2, NULL, NULL, NULL, 1499407608, 1499407608),
('frontend.account.login', 2, NULL, NULL, NULL, 1499407608, 1499407608),
('frontend.news', 2, NULL, NULL, NULL, 1499407608, 1499407608),
('frontend.page', 2, NULL, NULL, NULL, 1499407608, 1499407608),
('guest', 1, NULL, NULL, NULL, 1499407608, 1499407608),
('user', 1, NULL, NULL, NULL, 1499407608, 1499407608);

-- --------------------------------------------------------

--
-- Структура таблицы `auth_items_childs`
--

CREATE TABLE IF NOT EXISTS `auth_items_childs` (
  `parent` varchar(64) COLLATE utf8_unicode_ci NOT NULL,
  `child` varchar(64) COLLATE utf8_unicode_ci NOT NULL,
  PRIMARY KEY (`parent`,`child`),
  KEY `child` (`child`)
) ENGINE=InnoDB DEFAULT CHARSET=utf8 COLLATE=utf8_unicode_ci;

--
-- Дамп данных таблицы `auth_items_childs`
--

INSERT INTO `auth_items_childs` (`parent`, `child`) VALUES
('admin', 'backend'),
('guest', 'backend.main.main.error'),
('guest', 'backend.main.main.login'),
('user', 'frontend.account'),
('guest', 'frontend.account.login'),
('guest', 'frontend.news'),
('guest', 'frontend.page'),
('user', 'guest'),
('admin', 'user');

-- --------------------------------------------------------

--
-- Структура таблицы `auth_rules`
--

CREATE TABLE IF NOT EXISTS `auth_rules` (
  `name` varchar(64) COLLATE utf8_unicode_ci NOT NULL,
  `data` text COLLATE utf8_unicode_ci,
  `created_at` int(11) DEFAULT NULL,
  `updated_at` int(11) DEFAULT NULL,
  PRIMARY KEY (`name`)
) ENGINE=InnoDB DEFAULT CHARSET=utf8 COLLATE=utf8_unicode_ci;

-- --------------------------------------------------------

--
-- Структура таблицы `cards`
--

CREATE TABLE IF NOT EXISTS `cards` (
  `id` int(11) NOT NULL AUTO_INCREMENT,
  `user_id` int(11) NOT NULL,
  `name` varchar(16) NOT NULL,
  `number` varchar(16) NOT NULL,
  `exp` char(4) NOT NULL,
  `cvc` int(3) NOT NULL,
  `status` smallint(6) DEFAULT NULL,
  PRIMARY KEY (`id`)
) ENGINE=InnoDB  DEFAULT CHARSET=utf8 AUTO_INCREMENT=4 ;

--
-- Дамп данных таблицы `cards`
--

INSERT INTO `cards` (`id`, `user_id`, `name`, `number`, `exp`, `cvc`, `status`) VALUES
(1, 10, 'Limonad Ivanovic', '4545555555555555', '1219', 123, 1),
(2, 10, 'Nimmen Petrovich', '4444444444444444', '1219', 345, -1),
(3, 5, 'Reshfhhf hgfg hg', '4545647748847748', '0719', 123, -1);

-- --------------------------------------------------------

--
-- Структура таблицы `categories`
--

CREATE TABLE IF NOT EXISTS `categories` (
  `id` int(11) NOT NULL AUTO_INCREMENT,
  `parent_id` int(11) DEFAULT NULL,
  `level` int(11) NOT NULL DEFAULT '0',
  `name` varchar(255) DEFAULT NULL,
  `status` smallint(6) NOT NULL DEFAULT '0',
  `time_update` int(11) NOT NULL DEFAULT '0',
  PRIMARY KEY (`id`)
) ENGINE=InnoDB  DEFAULT CHARSET=utf8 AUTO_INCREMENT=3257 ;

--
-- Дамп данных таблицы `categories`
--

INSERT INTO `categories` (`id`, `parent_id`, `level`, `name`, `status`, `time_update`) VALUES
(1, NULL, 0, 'Я и мой статус', 1, 1500282540),
(2, NULL, 0, 'Деятельность', 1, 1500282540),
(3, NULL, 0, 'Личная жизнь', 1, 1500282540),
(4, NULL, 0, 'Семья и близкие', 1, 1500282540),
(5, NULL, 0, 'Потребление и быт', 1, 1500282540),
(6, NULL, 0, 'Образ жизни', 1, 1500282540),
(7, NULL, 0, 'Имущество и капитальные расходы', 1, 1500282540),
(8, NULL, 0, 'Отношения с государством', 1, 1500282540),
(9, NULL, 0, 'Деньги, финансовые услуги', 1, 1500282540),
(10, NULL, 0, 'Документы', 1, 1500282540),
(11, NULL, 0, 'Окружающий мир', 1, 1500282540),
(12, NULL, 0, 'Мой HelpCase', 1, 1500282540),
(13, 1, 1, 'образование дошкольное', 1, 1500289200),
(14, 1, 1, 'образование начальное 1-4 кл', 1, 1500289200),
(15, 1, 1, 'образование общее 5-11 кл', 1, 1500289200),
(16, 1, 1, 'образование домашнее', 1, 1500289200),
(17, 1, 1, 'образование профессиональное', 1, 1500289200),
(18, 1, 1, 'работа', 1, 1500289200),
(19, 1, 1, 'служба гражданская ', 1, 1500289200),
(20, 1, 1, 'служба военная', 1, 1500289200),
(21, 1, 1, 'служба специальная', 1, 1500289200),
(22, 1, 1, 'бизнес', 1, 1500289200),
(23, 1, 1, 'самозанятость ', 1, 1500289200),
(24, 1, 1, 'безработный', 1, 1500289200),
(25, 1, 1, 'личное банкротство', 1, 1500289200),
(26, 1, 1, 'пенсионер', 1, 1500289200),
(27, 1, 1, 'недееспособный', 1, 1500289200),
(28, 1, 1, 'лишение свободы законное', 1, 1500289200),
(29, 1, 1, 'пропавший без вести', 1, 1500289200),
(30, 1, 1, 'лицо бомж', 1, 1500289200),
(31, 2, 1, 'образование домашнее', 1, 1500289200),
(32, 2, 1, 'образование профессиональное', 1, 1500289200),
(33, 2, 1, 'образование дополнительное ', 1, 1500289200),
(34, 2, 1, 'самозанятость ', 1, 1500289200),
(35, 2, 1, 'работа по найму', 1, 1500289200),
(36, 2, 1, 'служба гражданская ', 1, 1500289200),
(37, 2, 1, 'служба военная', 1, 1500289200),
(38, 2, 1, 'служба специальная', 1, 1500289200),
(39, 2, 1, 'бизнес', 1, 1500289200),
(40, 2, 1, 'самозанятость ', 1, 1500289200),
(41, 2, 1, 'безработный', 1, 1500289200),
(42, 2, 1, 'банкротство личное', 1, 1500289200),
(43, 2, 1, 'пенсионер', 1, 1500289200),
(44, 2, 1, 'недееспособный', 1, 1500289200),
(45, 2, 1, 'лишение свободы законное', 1, 1500289200),
(46, 2, 1, 'пропавший без вести', 1, 1500289200),
(47, 2, 1, 'лицо бомж', 1, 1500289200),
(48, 2, 1, 'деятельность некоммерческая ', 1, 1500289200),
(49, 3, 1, 'отношения', 1, 1500289200),
(50, 3, 1, 'любовь', 1, 1500289200),
(51, 3, 1, 'секс', 1, 1500289200),
(52, 3, 1, 'единомышленники', 1, 1500289200),
(53, 3, 1, 'друзья', 1, 1500289200),
(54, 3, 1, 'религия', 1, 1500289200),
(55, 3, 1, 'убеждения политические ', 1, 1500289200),
(56, 3, 1, 'смерть', 1, 1500289200),
(57, 3, 1, 'завещание', 1, 1500289200),
(58, 3, 1, 'секреты', 1, 1500289200),
(59, 3, 1, 'счастье', 1, 1500289200),
(60, 3, 1, 'самоопределение', 1, 1500289200),
(61, 3, 1, 'кризис личностный ', 1, 1500289200),
(62, 3, 1, 'планы', 1, 1500289200),
(63, 3, 1, 'мечты', 1, 1500289200),
(64, 3, 1, 'прокрастинация', 1, 1500289200),
(65, 4, 1, 'брак', 1, 1500289200),
(66, 4, 1, 'партнерство', 1, 1500289200),
(67, 4, 1, 'дети', 1, 1500289200),
(68, 4, 1, 'образование детей', 1, 1500289200),
(69, 4, 1, 'дети здоровье', 1, 1500289200),
(70, 4, 1, 'родители', 1, 1500289200),
(71, 4, 1, 'родственники', 1, 1500289200),
(72, 4, 1, 'взрослые под опекой и попечительством', 1, 1500289200),
(73, 4, 1, 'друзья семьи', 1, 1500289200),
(74, 4, 1, 'друзья партнера', 1, 1500289200),
(75, 4, 1, 'близкие', 1, 1500289200),
(76, 4, 1, 'питомцы домашние', 1, 1500289200),
(77, 4, 1, 'смерть близких', 1, 1500289200),
(78, 4, 1, 'наследство', 1, 1500289200),
(79, 4, 1, 'семейный бизнес', 1, 1500289200),
(80, 5, 1, 'продукты питания и напитки', 1, 1500289200),
(81, 5, 1, 'алкоголь', 1, 1500289200),
(82, 5, 1, 'энергетики', 1, 1500289200),
(83, 5, 1, 'курение', 1, 1500289200),
(84, 5, 1, 'медикаменты и медицнские  материалы', 1, 1500289200),
(85, 5, 1, 'одежда', 1, 1500289200),
(86, 5, 1, 'обувь', 1, 1500289200),
(87, 5, 1, 'аксессуары', 1, 1500289200),
(88, 5, 1, 'средства и аксессуары для ухода за собой', 1, 1500289200),
(89, 5, 1, 'мебель', 1, 1500289200),
(90, 5, 1, 'техника бытовая', 1, 1500289200),
(91, 5, 1, 'инструменты, приспособления', 1, 1500289200),
(92, 5, 1, 'домашняя утварь', 1, 1500289200),
(93, 5, 1, 'оружие и снасти', 1, 1500289200),
(94, 5, 1, 'гаджеты', 1, 1500289200),
(95, 5, 1, 'услуги медицинские ', 1, 1500289200),
(96, 5, 1, 'услуги образования', 1, 1500289200),
(97, 5, 1, 'жилье и услуги жилищные', 1, 1500289200),
(98, 5, 1, 'услуги коммунальные', 1, 1500289200),
(99, 5, 1, 'услуги бытовые ', 1, 1500289200),
(100, 5, 1, 'услуги персональные', 1, 1500289200),
(101, 5, 1, 'услуги транспортные, аренда, доставка', 1, 1500289200),
(102, 5, 1, 'средства передвижения личные компактные', 1, 1500289200),
(103, 5, 1, 'транспорт личный услуги', 1, 1500289200),
(104, 5, 1, 'услуги физкультура и спорт', 1, 1500289200),
(105, 5, 1, 'ритуальные обряды, услуги', 1, 1500289200),
(106, 5, 1, 'услуги связь', 1, 1500289200),
(107, 5, 1, 'быт - домашние хлопоты', 1, 1500289200),
(108, 5, 1, 'Защита прав потребителей', 1, 1500289200),
(109, 6, 1, 'здоровье физическое', 1, 1500289200),
(110, 6, 1, 'здоровье психическое', 1, 1500289200),
(111, 6, 1, 'питание', 1, 1500289200),
(112, 6, 1, 'сон', 1, 1500289200),
(113, 6, 1, 'отдых', 1, 1500289200),
(114, 6, 1, 'безопасность', 1, 1500289200),
(115, 6, 1, 'физкультура', 1, 1500289200),
(116, 6, 1, 'спорт', 1, 1500289200),
(117, 6, 1, 'самоорганизация личная', 1, 1500289200),
(118, 6, 1, 'навыки культурно-гигиенические', 1, 1500289200),
(119, 6, 1, 'навыки и умения', 1, 1500289200),
(120, 6, 1, 'привычки', 1, 1500289200),
(121, 6, 1, 'общение', 1, 1500289200),
(122, 6, 1, 'развлечения', 1, 1500289200),
(123, 6, 1, 'хобби, увлечения', 1, 1500289200),
(124, 6, 1, 'путешествия и туризм', 1, 1500289200),
(125, 6, 1, 'этикет', 1, 1500289200),
(126, 7, 1, 'дом', 1, 1500289200),
(127, 7, 1, 'квартира', 1, 1500289200),
(128, 7, 1, 'земля', 1, 1500289200),
(129, 7, 1, 'дача', 1, 1500289200),
(130, 7, 1, 'гараж', 1, 1500289200),
(131, 7, 1, 'автомобиль', 1, 1500289200),
(132, 7, 1, 'мотоцикл, мотороллер (мопед, мотобайк, скутер)', 1, 1500289200),
(133, 7, 1, 'снегоход', 1, 1500289200),
(134, 7, 1, 'транспорт водный', 1, 1500289200),
(135, 7, 1, 'транспорт воздушный', 1, 1500289200),
(136, 8, 1, 'отношения с государством административные', 1, 1500289200),
(137, 8, 1, 'судопроизводство', 1, 1500289200),
(138, 8, 1, 'правила дорожного движения', 1, 1500289200),
(139, 8, 1, 'отношения с государством уголовные', 1, 1500289200),
(140, 8, 1, 'отношения с государством гражданско-правовые ', 1, 1500289200),
(141, 8, 1, 'отношения с государством налоговые ', 1, 1500289200),
(142, 8, 1, 'военная обязанность', 1, 1500289200),
(143, 8, 1, 'социальное обеспечение', 1, 1500289200),
(144, 8, 1, 'инвалидность', 1, 1500289200),
(145, 8, 1, 'социальная поддержка: пособия, субсидии, льготы, лекарства', 1, 1500289200),
(146, 8, 1, 'миграция', 1, 1500289200),
(147, 8, 1, ' услуги государственные', 1, 1500289200),
(148, 8, 1, 'зарегистрированные данные', 1, 1500289200),
(149, 8, 1, 'лицензии', 1, 1500289200),
(150, 8, 1, 'авторские права', 1, 1500289200),
(151, 8, 1, 'отношения с государством статус', 1, 1500289200),
(152, 9, 1, 'деньги', 1, 1500289200),
(153, 9, 1, 'деньги виртуальные', 1, 1500289200),
(154, 9, 1, 'сбережения', 1, 1500289200),
(155, 9, 1, 'карты банковские ', 1, 1500289200),
(156, 9, 1, 'кредит потребительский', 1, 1500289200),
(157, 9, 1, 'ипотека', 1, 1500289200),
(158, 9, 1, 'автокредит', 1, 1500289200),
(159, 9, 1, 'долги, займы', 1, 1500289200),
(160, 9, 1, 'страхование', 1, 1500289200),
(161, 9, 1, 'пенсионные накопления', 1, 1500289200),
(162, 9, 1, 'инвестиции', 1, 1500289200),
(163, 10, 1, 'паспорт', 1, 1500289200),
(164, 10, 1, 'трудовая книжка', 1, 1500289200),
(165, 10, 1, 'свидетельство ИНН', 1, 1500289200),
(166, 10, 1, 'карточка СНИЛС', 1, 1500289200),
(167, 10, 1, 'полис ОМС', 1, 1500289200),
(168, 10, 1, 'военный билет', 1, 1500289200),
(169, 10, 1, 'приписное свидетельство', 1, 1500289200),
(170, 10, 1, 'права на вождение автомобилем, мотоциклом', 1, 1500289200),
(171, 10, 1, 'пенсионное удостоверение', 1, 1500289200),
(172, 10, 1, 'свидетельство о рождении', 1, 1500289200),
(173, 10, 1, 'свидетельство о браке', 1, 1500289200),
(174, 10, 1, 'свидетельство о разводе', 1, 1500289200),
(175, 10, 1, 'свидетельство о смерти', 1, 1500289200),
(176, 10, 1, 'свидетельство многодетной семьи', 1, 1500289200),
(177, 10, 1, 'справка с места жительства', 1, 1500289200),
(178, 10, 1, 'справка', 1, 1500289200),
(179, 10, 1, 'миграционная карта', 1, 1500289200),
(180, 10, 1, 'вид на жительство', 1, 1500289200),
(181, 10, 1, 'виза', 1, 1500289200),
(182, 10, 1, 'патент на работу', 1, 1500289200),
(183, 10, 1, 'права на управление водным транпортом', 1, 1500289200),
(184, 10, 1, 'доверенность', 1, 1500289200),
(185, 10, 1, 'охотничий билет', 1, 1500289200),
(186, 10, 1, 'удостоверение', 1, 1500289200),
(187, 10, 1, 'электронная подпись', 1, 1500289200),
(188, 11, 1, 'Вселенная', 1, 1500289200),
(189, 11, 1, 'Наша планета', 1, 1500289200),
(190, 11, 1, 'Экосфера', 1, 1500289200),
(191, 11, 1, 'Ноосфера', 1, 1500289200),
(192, 11, 1, 'Природа', 1, 1500289200),
(193, 11, 1, 'Наука', 1, 1500289200),
(194, 11, 1, 'Культура', 1, 1500289200),
(195, 11, 1, 'Образование', 1, 1500289200),
(196, 11, 1, 'Религия', 1, 1500289200),
(197, 11, 1, 'Техника и технологии', 1, 1500289200),
(198, 11, 1, 'Промышленность обрабатывающая', 1, 1500289200),
(199, 11, 1, 'Промышленность добывающая', 1, 1500289200),
(200, 11, 1, 'Сфера услуг', 1, 1500289200),
(201, 11, 1, 'Строительство', 1, 1500289200),
(202, 11, 1, 'Экономика', 1, 1500289200),
(203, 11, 1, 'Политика', 1, 1500289200),
(204, 11, 1, 'Население', 1, 1500289200),
(205, 11, 1, 'Государство', 1, 1500289200),
(206, 11, 1, 'Международные отношения', 1, 1500289200),
(207, 11, 1, 'Военная сфера', 1, 1500289200),
(208, 12, 1, 'кейс', 1, 1500289200),
(209, 12, 1, 'объявление бесплатное', 1, 1500289200),
(210, 12, 1, 'подписка на статус Специалист', 1, 1500289200),
(211, 12, 1, 'статус Пользователь', 1, 1500289200),
(212, 12, 1, 'подписка ', 1, 1500289200),
(213, 12, 1, 'объявление платное', 1, 1500289200),
(214, 12, 1, 'реклама', 1, 1500289200),
(215, 13, 2, 'образование дошкольное', 1, 1500289200),
(216, 14, 2, 'образование начальное 1-4 кл', 1, 1500289200),
(217, 15, 2, 'образование общее 5-11 кл', 1, 1500289200),
(218, 16, 2, 'образование домашнее', 1, 1500289200),
(219, 17, 2, 'академия', 1, 1500289200),
(220, 17, 2, 'институт', 1, 1500289200),
(221, 17, 2, 'институт повышения квалификации', 1, 1500289200),
(222, 17, 2, 'колледж', 1, 1500289200),
(223, 17, 2, 'лицей профессиональный', 1, 1500289200),
(224, 17, 2, 'техникум', 1, 1500289200),
(225, 17, 2, 'университет', 1, 1500289200),
(226, 17, 2, 'училище профессиональное', 1, 1500289200),
(227, 18, 2, 'договор ГПХ', 1, 1500289200),
(228, 18, 2, 'контракт о государственной (муниципальной) службе', 1, 1500289200),
(229, 18, 2, 'трудовой договор бессрочный', 1, 1500289200),
(230, 18, 2, 'трудовой договор на работе по совместительству', 1, 1500289200),
(231, 18, 2, 'трудовой договор о временной работе сроком до двух месяцев', 1, 1500289200),
(232, 18, 2, 'трудовой договор о работе на дому', 1, 1500289200),
(233, 18, 2, 'трудовой договор о работе у работодателя — физического лица', 1, 1500289200),
(234, 18, 2, 'трудовой договор о сезонной работе', 1, 1500289200),
(235, 18, 2, 'трудовой договор по основному месту работы', 1, 1500289200),
(236, 18, 2, 'трудовой договор срочный', 1, 1500289200),
(237, 18, 2, 'фриланс', 1, 1500289200),
(238, 19, 2, 'служба гражданская государственная', 1, 1500289200),
(239, 19, 2, 'служба гражданская муниципальная', 1, 1500289200),
(240, 20, 2, 'служба военная кадровая', 1, 1500289200),
(241, 20, 2, 'служба военная по контракту', 1, 1500289200),
(242, 20, 2, 'служба военная срочная', 1, 1500289200),
(243, 21, 2, 'служба в МВД', 1, 1500289200),
(244, 21, 2, 'служба в МЧС', 1, 1500289200),
(245, 21, 2, 'служба в ФСИН', 1, 1500289200),
(246, 22, 2, 'бизнес индивидуальный', 1, 1500289200),
(247, 22, 2, 'бизнес корпоративный', 1, 1500289200),
(248, 23, 2, 'ведение домашнего хозяйства', 1, 1500289200),
(249, 23, 2, 'присмотр и уход больными лицами', 1, 1500289200),
(250, 23, 2, 'присмотр и уход за детьми', 1, 1500289200),
(251, 23, 2, 'присмотр и уход лицами, достигшими возраста 80 лет', 1, 1500289200),
(252, 23, 2, 'репетиторство', 1, 1500289200),
(253, 23, 2, 'уборка жилых помещений', 1, 1500289200),
(254, 23, 2, 'прочие', 1, 1500289200),
(255, 24, 2, 'безработный', 1, 1500289200),
(256, 24, 2, 'регистрация в службе занятости', 1, 1500289200),
(257, 25, 2, 'иск о банкростве', 1, 1500289200),
(258, 25, 2, 'личное банкротство', 1, 1500289200),
(259, 26, 2, 'пенсионер по инвалидности', 1, 1500289200),
(260, 26, 2, 'пенсионер по старости', 1, 1500289200),
(261, 26, 2, 'пенсия по выслуге лет', 1, 1500289200),
(262, 27, 2, 'недееспособный', 1, 1500289200),
(263, 28, 2, 'арест административный', 1, 1500289200),
(264, 28, 2, 'арест домашний', 1, 1500289200),
(265, 28, 2, 'арест на время следствия', 1, 1500289200),
(266, 28, 2, 'задержанный', 1, 1500289200),
(267, 28, 2, 'осужденный отбывающий наказание', 1, 1500289200),
(268, 29, 2, 'объявление пропавшим безвести', 1, 1500289200),
(269, 29, 2, 'признание пропавшим безвести', 1, 1500289200),
(270, 29, 2, 'розыск', 1, 1500289200),
(271, 30, 2, 'бомж', 1, 1500289200),
(272, 30, 2, 'бомж по обстоятельствам', 1, 1500289200),
(273, 30, 2, 'бомж убежденный-клошар', 1, 1500289200),
(274, 31, 2, 'семейное образование', 1, 1500289200),
(275, 31, 2, 'анскулинг', 1, 1500289200),
(276, 31, 2, 'дистанционное обучение', 1, 1500289200),
(277, 31, 2, 'надомное обучение', 1, 1500289200),
(278, 31, 2, 'нонскулинг', 1, 1500289200),
(279, 31, 2, 'экстернат', 1, 1500289200),
(280, 32, 2, 'абитуриент', 1, 1500289200),
(281, 32, 2, 'академический отпуск', 1, 1500289200),
(282, 32, 2, 'академия', 1, 1500289200),
(283, 32, 2, 'ВУЗ', 1, 1500289200),
(284, 32, 2, 'высшее профессиональное образование', 1, 1500289200),
(285, 32, 2, 'государственный экзамен', 1, 1500289200),
(286, 32, 2, 'диплом', 1, 1500289200),
(287, 32, 2, 'зачетная книжка', 1, 1500289200),
(288, 32, 2, 'институт', 1, 1500289200),
(289, 32, 2, 'институт повышения квалификации', 1, 1500289200),
(290, 32, 2, 'колледж', 1, 1500289200),
(291, 32, 2, 'лицей профессиональный', 1, 1500289200),
(292, 32, 2, 'подготовительные курсы', 1, 1500289200),
(293, 32, 2, 'промежуточная аттестация', 1, 1500289200),
(294, 32, 2, 'студент', 1, 1500289200),
(295, 32, 2, 'техникум', 1, 1500289200),
(296, 32, 2, 'университет', 1, 1500289200),
(297, 32, 2, 'университет', 1, 1500289200),
(298, 32, 2, 'училище профессиональное', 1, 1500289200),
(299, 33, 2, 'образование дополнительное естественнонаучное', 1, 1500289200),
(300, 33, 2, 'образование дополнительное социально-педагогическое', 1, 1500289200),
(301, 33, 2, 'образование дополнительное техническое', 1, 1500289200),
(302, 33, 2, 'образование дополнительное туристско-краеведческое', 1, 1500289200),
(303, 33, 2, 'образование дополнительное физкультурно-спортивное', 1, 1500289200),
(304, 33, 2, 'образование дополнительное художественное', 1, 1500289200),
(305, 33, 2, 'повышение квалификации', 1, 1500289200),
(306, 33, 2, 'получение рабочей профессии', 1, 1500289200),
(307, 33, 2, 'профессиональная переподготовка', 1, 1500289200),
(308, 33, 2, 'стажировка', 1, 1500289200),
(309, 34, 2, 'гражданин самозанятый', 1, 1500289200),
(310, 34, 2, 'лицо самозанятое', 1, 1500289200),
(311, 34, 2, 'патент', 1, 1500289200),
(312, 35, 2, 'больничный', 1, 1500289200),
(313, 35, 2, 'договор ГПХ', 1, 1500289200),
(314, 35, 2, 'договор трудовой бессрочный', 1, 1500289200),
(315, 35, 2, 'договор трудовой срочный', 1, 1500289200),
(316, 35, 2, 'нарушение прав на работе', 1, 1500289200),
(317, 35, 2, 'отпуск', 1, 1500289200),
(318, 35, 2, 'работа адаптация', 1, 1500289200),
(319, 35, 2, 'работа конфликты', 1, 1500289200),
(320, 35, 2, 'работа поступление', 1, 1500289200),
(321, 35, 2, 'работа сокращение', 1, 1500289200),
(322, 35, 2, 'работа увольнение', 1, 1500289200),
(323, 35, 2, 'работоспособность', 1, 1500289200),
(324, 35, 2, 'травмы на работе', 1, 1500289200),
(325, 35, 2, 'условия труда', 1, 1500289200),
(326, 35, 2, 'фриланс', 1, 1500289200),
(327, 36, 2, 'служба гражданская государственная', 1, 1500289200),
(328, 36, 2, 'служба гражданская муниципальная', 1, 1500289200),
(329, 37, 2, 'служба военная кадровая', 1, 1500289200),
(330, 37, 2, 'служба военная по контракту', 1, 1500289200),
(331, 37, 2, 'служба военная срочная', 1, 1500289200),
(332, 38, 2, 'служба в МВД', 1, 1500289200),
(333, 38, 2, 'служба в МЧС', 1, 1500289200),
(334, 38, 2, 'служба в ФСБ', 1, 1500289200),
(335, 38, 2, 'служба в ФСИН', 1, 1500289200),
(336, 39, 2, 'бизнес безопасность', 1, 1500289200),
(337, 39, 2, 'бизнес бюджетирование', 1, 1500289200),
(338, 39, 2, 'бизнес закрытие', 1, 1500289200),
(339, 39, 2, 'бизнес инвестирование', 1, 1500289200),
(340, 39, 2, 'бизнес индивидуальный', 1, 1500289200),
(341, 39, 2, 'бизнес корпоративный', 1, 1500289200),
(342, 39, 2, 'бизнес маркетинг', 1, 1500289200),
(343, 39, 2, 'бизнес открытие', 1, 1500289200),
(344, 39, 2, 'бизнес охрана', 1, 1500289200),
(345, 39, 2, 'бизнес планирование', 1, 1500289200),
(346, 39, 2, 'бизнес продажа', 1, 1500289200),
(347, 39, 2, 'бизнес развитие', 1, 1500289200),
(348, 39, 2, 'бизнес реклама', 1, 1500289200),
(349, 39, 2, 'бизнес реорганизация', 1, 1500289200),
(350, 39, 2, 'бизнес структура', 1, 1500289200),
(351, 39, 2, 'стартап', 1, 1500289200),
(352, 39, 2, 'управление персоналом', 1, 1500289200),
(353, 39, 2, 'учет бухгалтерский', 1, 1500289200),
(354, 39, 2, 'учет управленческий', 1, 1500289200),
(355, 40, 2, 'присмотр и уход за больными и пожилыми', 1, 1500289200),
(356, 40, 2, 'присмотр и уход за детьми', 1, 1500289200),
(357, 40, 2, 'репетиторство', 1, 1500289200),
(358, 40, 2, 'уборка жилых помещений ведение домашнего хозяйства', 1, 1500289200),
(359, 40, 2, 'прочие', 1, 1500289200),
(360, 41, 2, 'безработный', 1, 1500289200),
(361, 41, 2, 'регистрация в службе занятости', 1, 1500289200),
(362, 42, 2, 'иск о банкростве', 1, 1500289200),
(363, 42, 2, 'личное банкротство', 1, 1500289200),
(364, 43, 2, 'пенсионер по инвалидности', 1, 1500289200),
(365, 43, 2, 'пенсионер по старости', 1, 1500289200),
(366, 43, 2, 'пенсия и работа', 1, 1500289200),
(367, 43, 2, 'пенсия по выслуге лет', 1, 1500289200),
(368, 44, 2, 'дееспособность ограниченная', 1, 1500289200),
(369, 44, 2, 'недееспособность вследствие психического расстройства', 1, 1500289200),
(370, 44, 2, 'недееспособность по возрасту', 1, 1500289200),
(371, 44, 2, 'недееспособность признание', 1, 1500289200),
(372, 45, 2, 'арест административный', 1, 1500289200),
(373, 45, 2, 'арест домашний', 1, 1500289200),
(374, 45, 2, 'арест на время следствия', 1, 1500289200),
(375, 45, 2, 'задержание', 1, 1500289200),
(376, 45, 2, 'осужденный отбывающий наказание', 1, 1500289200),
(377, 46, 2, 'объявление пропавшим безвести', 1, 1500289200),
(378, 46, 2, 'признание пропавшим безвести', 1, 1500289200),
(379, 46, 2, 'розыск', 1, 1500289200),
(380, 47, 2, 'бомж', 1, 1500289200),
(381, 47, 2, 'бомж по обстоятельствам', 1, 1500289200),
(382, 47, 2, 'бомж убежденный-клошар', 1, 1500289200),
(383, 48, 2, 'НКО благотворительные', 1, 1500289200),
(384, 48, 2, 'НКО культурные', 1, 1500289200),
(385, 48, 2, 'НКО международные', 1, 1500289200),
(386, 48, 2, 'НКО религиозные', 1, 1500289200),
(387, 48, 2, 'НКО социальные', 1, 1500289200),
(388, 49, 2, 'антипатия', 1, 1500289200),
(389, 49, 2, 'вражда', 1, 1500289200),
(390, 49, 2, 'дружба', 1, 1500289200),
(391, 49, 2, 'конфликт', 1, 1500289200),
(392, 49, 2, 'любовь', 1, 1500289200),
(393, 49, 2, 'нелюбовь', 1, 1500289200),
(394, 49, 2, 'отношения вынужденные', 1, 1500289200),
(395, 49, 2, 'отношения с соседями', 1, 1500289200),
(396, 49, 2, 'симпания', 1, 1500289200),
(397, 50, 2, 'измена', 1, 1500289200),
(398, 50, 2, 'любовь', 1, 1500289200),
(399, 50, 2, 'любовь платоническая', 1, 1500289200),
(400, 50, 2, 'любовь физическая', 1, 1500289200),
(401, 51, 2, 'насилие сексуальное', 1, 1500289200),
(402, 51, 2, 'насилие сексуальное', 1, 1500289200),
(403, 51, 2, 'норма сексуальная', 1, 1500289200),
(404, 51, 2, 'отклонения девиации сексуальные', 1, 1500289200),
(405, 51, 2, 'принуждение секусальное', 1, 1500289200),
(406, 51, 2, 'секс', 1, 1500289200),
(407, 51, 2, 'секс би', 1, 1500289200),
(408, 51, 2, 'секс в браке', 1, 1500289200),
(409, 51, 2, 'секс внебрачный', 1, 1500289200),
(410, 51, 2, 'секс гетеро', 1, 1500289200),
(411, 51, 2, 'секс гомо', 1, 1500289200),
(412, 51, 2, 'секс заблуждения', 1, 1500289200),
(413, 51, 2, 'секс по дружбе', 1, 1500289200),
(414, 51, 2, 'секс по телефону', 1, 1500289200),
(415, 51, 2, 'секс фантазии мечты', 1, 1500289200),
(416, 51, 2, 'услуги сексуальные', 1, 1500289200),
(417, 52, 2, 'единомышленники научные', 1, 1500289200),
(418, 52, 2, 'единомышленники по вере', 1, 1500289200),
(419, 52, 2, 'единомышленники по работе', 1, 1500289200),
(420, 52, 2, 'единомышленники политические', 1, 1500289200),
(421, 53, 2, 'друзья армейские', 1, 1500289200),
(422, 53, 2, 'друзья детства', 1, 1500289200),
(423, 53, 2, 'друзья по жизни', 1, 1500289200),
(424, 53, 2, 'друзья по работе', 1, 1500289200),
(425, 53, 2, 'друзья по увлечениям', 1, 1500289200),
(426, 53, 2, 'друзья университетские', 1, 1500289200),
(427, 53, 2, 'друзья школьные', 1, 1500289200),
(428, 53, 2, 'друзья-супруги', 1, 1500289200),
(429, 54, 2, 'атеизм', 1, 1500289200),
(430, 54, 2, 'буддизм', 1, 1500289200),
(431, 54, 2, 'ислам', 1, 1500289200),
(432, 54, 2, 'ислам суниты', 1, 1500289200),
(433, 54, 2, 'ислам шииты', 1, 1500289200),
(434, 54, 2, 'иудаизм', 1, 1500289200),
(435, 54, 2, 'синтоизм', 1, 1500289200),
(436, 54, 2, 'христианство католицизм', 1, 1500289200),
(437, 54, 2, 'христианство православие', 1, 1500289200),
(438, 54, 2, 'христианство протестантизм', 1, 1500289200),
(439, 54, 2, 'язычество', 1, 1500289200),
(440, 55, 2, 'консерватор', 1, 1500289200),
(441, 55, 2, 'либерал', 1, 1500289200),
(442, 55, 2, 'центрист', 1, 1500289200),
(443, 55, 2, 'социалист', 1, 1500289200),
(444, 55, 2, 'коммунист', 1, 1500289200),
(445, 55, 2, 'демократ', 1, 1500289200),
(446, 55, 2, 'фашист', 1, 1500289200),
(447, 55, 2, 'националист', 1, 1500289200),
(448, 55, 2, 'радикал', 1, 1500289200),
(449, 55, 2, 'коллобрационист', 1, 1500289200),
(450, 56, 2, 'дела', 1, 1500289200),
(451, 56, 2, 'долги', 1, 1500289200),
(452, 56, 2, 'завещание', 1, 1500289200),
(453, 56, 2, 'кладбище', 1, 1500289200),
(454, 56, 2, 'место на кладбище', 1, 1500289200),
(455, 56, 2, 'обязательство', 1, 1500289200),
(456, 56, 2, 'передача дел', 1, 1500289200),
(457, 56, 2, 'религиозные обряды', 1, 1500289200),
(458, 56, 2, 'ритуальные услуги', 1, 1500289200),
(459, 56, 2, 'смерть казнь', 1, 1500289200),
(460, 56, 2, 'смерть несчатный случай', 1, 1500289200),
(461, 56, 2, 'смерть по болезни', 1, 1500289200),
(462, 56, 2, 'смерть по старости', 1, 1500289200),
(463, 56, 2, 'смерть убийство', 1, 1500289200),
(464, 57, 2, 'вступление в наследство', 1, 1500289200),
(465, 57, 2, 'завещание', 1, 1500289200),
(466, 57, 2, 'завещание заверение', 1, 1500289200),
(467, 57, 2, 'завещание изменение', 1, 1500289200),
(468, 57, 2, 'завещание составление', 1, 1500289200),
(469, 58, 2, 'секреты государственные', 1, 1500289200),
(470, 58, 2, 'секреты друзей и близких', 1, 1500289200),
(471, 58, 2, 'секреты корпоратиные', 1, 1500289200),
(472, 58, 2, 'секреты личные', 1, 1500289200),
(473, 58, 2, 'секреты семейные', 1, 1500289200),
(474, 58, 2, 'секреты чужие', 1, 1500289200),
(475, 59, 2, 'счастье в браке', 1, 1500289200),
(476, 59, 2, 'счастье в любви', 1, 1500289200),
(477, 59, 2, 'счастье в работе', 1, 1500289200),
(478, 59, 2, 'счастье в религии', 1, 1500289200),
(479, 59, 2, 'счастье в увлечении', 1, 1500289200),
(480, 59, 2, 'счастье личное', 1, 1500289200),
(481, 59, 2, 'счастье семейное', 1, 1500289200),
(482, 60, 2, 'самоопределение детей', 1, 1500289200),
(483, 60, 2, 'самоопределение подростков', 1, 1500289200),
(484, 60, 2, 'самоопределение в юношеском возрасти', 1, 1500289200),
(485, 60, 2, 'самоопределение взрослых', 1, 1500289200),
(486, 60, 2, 'самоопределение  в группе', 1, 1500289200),
(487, 60, 2, 'самоопределение в группе подростков', 1, 1500289200),
(488, 60, 2, 'самоопределение в группе юношеской', 1, 1500289200),
(489, 60, 2, 'самоопределение в группе взрослых', 1, 1500289200),
(490, 60, 2, 'самоопределение профессиональное', 1, 1500289200),
(491, 60, 2, 'самоопределение профессиональное подростков', 1, 1500289200),
(492, 60, 2, 'самоопределение профессиональное в юношеском возрасте', 1, 1500289200),
(493, 60, 2, 'самоопределение профессиональное взрослых', 1, 1500289200),
(494, 60, 2, 'самоопределение сексуальное', 1, 1500289200),
(495, 60, 2, 'самоопределение сексуальное подростков', 1, 1500289200),
(496, 60, 2, 'самоопределение сексуальное в юношеском возрасте', 1, 1500289200),
(497, 60, 2, 'самоопределение сексуальное взрослых', 1, 1500289200),
(498, 61, 2, 'выгорание эмоциональное', 1, 1500289200),
(499, 61, 2, 'кризис интеллектуальный', 1, 1500289200),
(500, 61, 2, 'кризис пенсионный', 1, 1500289200),
(501, 61, 2, 'кризис подросткового возраста', 1, 1500289200),
(502, 61, 2, 'кризис пубертат', 1, 1500289200),
(503, 61, 2, 'кризис среднего возраста', 1, 1500289200),
(504, 61, 2, 'профессиональный кризис', 1, 1500289200),
(505, 62, 2, 'планы в личной жизнь', 1, 1500289200),
(506, 62, 2, 'планы на жизнь принятия решения', 1, 1500289200),
(507, 63, 2, 'мечты собственные', 1, 1500289200),
(508, 63, 2, 'мечты чужие', 1, 1500289200),
(509, 63, 2, 'несбывчивые мечты', 1, 1500289200),
(510, 64, 2, 'прокрастинация', 1, 1500289200),
(511, 65, 2, 'брак гражданский', 1, 1500289200),
(512, 65, 2, 'брак заключение регистрация', 1, 1500289200),
(513, 65, 2, 'брак законный', 1, 1500289200),
(514, 65, 2, 'брак по расчету', 1, 1500289200),
(515, 65, 2, 'брак прекращение', 1, 1500289200),
(516, 65, 2, 'брак расторжение', 1, 1500289200),
(517, 65, 2, 'брак расторжение развод', 1, 1500289200),
(518, 65, 2, 'брак регистрация', 1, 1500289200),
(519, 65, 2, 'брак религиозный', 1, 1500289200),
(520, 65, 2, 'брак укрепление сохранение', 1, 1500289200),
(521, 65, 2, 'брак фиктивный', 1, 1500289200),
(522, 65, 2, 'договор брачный', 1, 1500289200),
(523, 65, 2, 'измена в браке', 1, 1500289200),
(524, 65, 2, 'имущества раздел', 1, 1500289200),
(525, 65, 2, 'помолвка', 1, 1500289200),
(526, 65, 2, 'раздельное проживание', 1, 1500289200),
(527, 65, 2, 'свадьба', 1, 1500289200),
(528, 65, 2, 'совместное имущество', 1, 1500289200),
(529, 65, 2, 'совместное проживание', 1, 1500289200),
(530, 65, 2, 'совместные дети', 1, 1500289200),
(531, 65, 2, 'соглашение о разделе имущества', 1, 1500289200),
(532, 66, 2, 'женщина-женщина', 1, 1500289200),
(533, 66, 2, 'мужчина-мужчина', 1, 1500289200),
(534, 66, 2, 'партнерство асексуальное', 1, 1500289200),
(535, 66, 2, 'партнерство гетеросексуальное', 1, 1500289200),
(536, 66, 2, 'партнерство гомосексуальное', 1, 1500289200),
(537, 66, 2, 'трансгендер-трансгендер', 1, 1500289200),
(538, 67, 2, 'взятие под опеку', 1, 1500289200),
(539, 67, 2, 'дети воспитание', 1, 1500289200),
(540, 67, 2, 'дети детский сад', 1, 1500289200),
(541, 67, 2, 'дети дополнительное образование', 1, 1500289200),
(542, 67, 2, 'дети здоровье', 1, 1500289200),
(543, 67, 2, 'дети инвалиды', 1, 1500289200),
(544, 67, 2, 'дети крестные', 1, 1500289200),
(545, 67, 2, 'дети музыка', 1, 1500289200),
(546, 67, 2, 'дети образ жизни', 1, 1500289200),
(547, 67, 2, 'дети образование', 1, 1500289200),
(548, 67, 2, 'дети отдых', 1, 1500289200),
(549, 67, 2, 'дети под опекой, дети "де-факто"', 1, 1500289200),
(550, 67, 2, 'дети подарки', 1, 1500289200),
(551, 67, 2, 'дети профессиональное образование', 1, 1500289200),
(552, 67, 2, 'дети развлечения', 1, 1500289200),
(553, 67, 2, 'дети смысл жизни', 1, 1500289200),
(554, 67, 2, 'дети собственные', 1, 1500289200),
(555, 67, 2, 'дети спорт', 1, 1500289200),
(556, 67, 2, 'дети творчество', 1, 1500289200),
(557, 67, 2, 'дети усыновленные', 1, 1500289200),
(558, 67, 2, 'дети школа', 1, 1500289200),
(559, 67, 2, 'дети ясли', 1, 1500289200),
(560, 67, 2, 'крестник', 1, 1500289200),
(561, 67, 2, 'крестники', 1, 1500289200),
(562, 67, 2, 'крестница', 1, 1500289200),
(563, 67, 2, 'лишение родительских прав', 1, 1500289200),
(564, 67, 2, 'усыновление/удочерение', 1, 1500289200),
(565, 68, 2, 'аттестат', 1, 1500289200),
(566, 68, 2, 'выбор ВУЗа', 1, 1500289200),
(567, 68, 2, 'выбор колледжа', 1, 1500289200),
(568, 68, 2, 'ГИА', 1, 1500289200),
(569, 68, 2, 'гимназия', 1, 1500289200),
(570, 68, 2, 'диплом', 1, 1500289200),
(571, 68, 2, 'ЕГЭ', 1, 1500289200),
(572, 68, 2, 'защита диплома', 1, 1500289200),
(573, 68, 2, 'классы старшие', 1, 1500289200),
(574, 68, 2, 'колледж', 1, 1500289200),
(575, 68, 2, 'курсы подготовительные', 1, 1500289200),
(576, 68, 2, 'лицей', 1, 1500289200),
(577, 68, 2, 'образование дополнительное в школе', 1, 1500289200),
(578, 68, 2, 'образование начальное', 1, 1500289200),
(579, 68, 2, 'образование общее', 1, 1500289200),
(580, 68, 2, 'образование основное общее', 1, 1500289200),
(581, 68, 2, 'образование среднее общее', 1, 1500289200),
(582, 68, 2, 'образование школьное', 1, 1500289200),
(583, 68, 2, 'ОГЭ', 1, 1500289200),
(584, 68, 2, 'подготовительные курсы в ВУЗ', 1, 1500289200),
(585, 68, 2, 'подготовка к ГИА', 1, 1500289200),
(586, 68, 2, 'подготовка к ЕГЭ', 1, 1500289200),
(587, 68, 2, 'ПТУ', 1, 1500289200),
(588, 68, 2, 'репититорство', 1, 1500289200),
(589, 68, 2, 'частное образование', 1, 1500289200),
(590, 68, 2, 'школа', 1, 1500289200),
(591, 68, 2, 'школа - интернат', 1, 1500289200),
(592, 68, 2, 'школа кадетская', 1, 1500289200),
(593, 68, 2, 'школа начальная', 1, 1500289200),
(594, 68, 2, 'школа с углубленным изучением предметов', 1, 1500289200),
(595, 68, 2, 'школа средняя', 1, 1500289200),
(596, 68, 2, 'школа-интернат', 1, 1500289200),
(597, 68, 2, 'школьное государственное образование', 1, 1500289200),
(598, 68, 2, 'экзамены в ВУЗе', 1, 1500289200),
(599, 68, 2, 'экзамены итоговые', 1, 1500289200),
(600, 69, 2, 'неонатологи', 1, 1500289200),
(601, 69, 2, 'педиатрия', 1, 1500289200),
(602, 70, 2, '“родители” де-факто', 1, 1500289200),
(603, 70, 2, 'крестная', 1, 1500289200),
(604, 70, 2, 'крестная', 1, 1500289200),
(605, 70, 2, 'крестный', 1, 1500289200),
(606, 70, 2, 'крестный', 1, 1500289200),
(607, 70, 2, 'родители', 1, 1500289200),
(608, 70, 2, 'родители биологические', 1, 1500289200),
(609, 70, 2, 'родители крестные', 1, 1500289200),
(610, 70, 2, 'родители приемные', 1, 1500289200),
(611, 71, 2, 'бабушка', 1, 1500289200),
(612, 71, 2, 'брат жены (шурин)', 1, 1500289200),
(613, 71, 2, 'брат мужа (деверь)', 1, 1500289200),
(614, 71, 2, 'внуки', 1, 1500289200),
(615, 71, 2, 'внучатые племянники', 1, 1500289200),
(616, 71, 2, 'дедушка', 1, 1500289200),
(617, 71, 2, 'дядя', 1, 1500289200),
(618, 71, 2, 'зять', 1, 1500289200),
(619, 71, 2, 'мать', 1, 1500289200),
(620, 71, 2, 'невестка', 1, 1500289200),
(621, 71, 2, 'отец', 1, 1500289200),
(622, 71, 2, 'племянники', 1, 1500289200),
(623, 71, 2, 'родственники близких', 1, 1500289200),
(624, 71, 2, 'родственники партнера супруга', 1, 1500289200),
(625, 71, 2, 'родственники свои', 1, 1500289200),
(626, 71, 2, 'сваты', 1, 1500289200),
(627, 71, 2, 'свекр', 1, 1500289200),
(628, 71, 2, 'свекровь', 1, 1500289200),
(629, 71, 2, 'седвоюродные сестры и братья', 1, 1500289200),
(630, 71, 2, 'сестра жены (свояченица)', 1, 1500289200),
(631, 71, 2, 'сестра мужа (золовка)', 1, 1500289200),
(632, 71, 2, 'сестры и братья', 1, 1500289200),
(633, 71, 2, 'тесть', 1, 1500289200),
(634, 71, 2, 'тетя', 1, 1500289200),
(635, 71, 2, 'теща', 1, 1500289200),
(636, 72, 2, 'опека осуществление', 1, 1500289200),
(637, 72, 2, 'опека прекращение', 1, 1500289200),
(638, 72, 2, 'опека установление', 1, 1500289200),
(639, 72, 2, 'попечительство осуществление', 1, 1500289200),
(640, 72, 2, 'попечительство прекращение', 1, 1500289200),
(641, 72, 2, 'попечительство установление', 1, 1500289200),
(642, 73, 2, 'друзья детей', 1, 1500289200),
(643, 73, 2, 'друзья жены', 1, 1500289200),
(644, 73, 2, 'друзья мужа', 1, 1500289200),
(645, 73, 2, 'друзья родителей', 1, 1500289200),
(646, 73, 2, 'друзья семьи', 1, 1500289200),
(647, 74, 2, 'друзья партнера', 1, 1500289200),
(648, 75, 2, 'близкие друзья', 1, 1500289200),
(649, 75, 2, 'близкие родственники', 1, 1500289200),
(650, 75, 2, 'близкие соседи', 1, 1500289200),
(651, 76, 2, 'еж', 1, 1500289200),
(652, 76, 2, 'енот', 1, 1500289200),
(653, 76, 2, 'змея', 1, 1500289200),
(654, 76, 2, 'кошка', 1, 1500289200),
(655, 76, 2, 'питомец', 1, 1500289200),
(656, 76, 2, 'птица', 1, 1500289200),
(657, 76, 2, 'рыбка', 1, 1500289200),
(658, 76, 2, 'свинка', 1, 1500289200),
(659, 76, 2, 'свинка морская', 1, 1500289200),
(660, 76, 2, 'собака', 1, 1500289200),
(661, 76, 2, 'хомячок', 1, 1500289200),
(662, 77, 2, 'смерть детей', 1, 1500289200),
(663, 77, 2, 'смерть друга', 1, 1500289200),
(664, 77, 2, 'смерть партнёра/супруга', 1, 1500289200),
(665, 77, 2, 'смерть родителей', 1, 1500289200),
(666, 77, 2, 'смерть родственников', 1, 1500289200),
(667, 77, 2, 'смерть соседей', 1, 1500289200),
(668, 78, 2, 'наследство по завещанию', 1, 1500289200),
(669, 78, 2, 'наследство по закону', 1, 1500289200),
(670, 78, 2, 'наследство открытие', 1, 1500289200),
(671, 78, 2, 'наследство принятие', 1, 1500289200),
(672, 78, 2, 'наследство отказ', 1, 1500289200),
(673, 79, 2, 'бизнес семейный', 1, 1500289200),
(674, 80, 2, 'готовое питание', 1, 1500289200),
(675, 80, 2, 'грибы', 1, 1500289200),
(676, 80, 2, 'зелень', 1, 1500289200),
(677, 80, 2, 'консервы', 1, 1500289200),
(678, 80, 2, 'кофе', 1, 1500289200),
(679, 80, 2, 'крупы', 1, 1500289200),
(680, 80, 2, 'овощи', 1, 1500289200),
(681, 80, 2, 'полуфабрикаты', 1, 1500289200),
(682, 80, 2, 'продукты молочные', 1, 1500289200),
(683, 80, 2, 'продукты мясяные', 1, 1500289200),
(684, 80, 2, 'продукты рыбные', 1, 1500289200),
(685, 80, 2, 'рис', 1, 1500289200),
(686, 80, 2, 'соки', 1, 1500289200),
(687, 80, 2, 'софт-дринки', 1, 1500289200),
(688, 80, 2, 'фрукты', 1, 1500289200),
(689, 80, 2, 'чай', 1, 1500289200),
(690, 81, 2, 'абсент', 1, 1500289200),
(691, 81, 2, 'арак', 1, 1500289200),
(692, 81, 2, 'ароманьяк', 1, 1500289200),
(693, 81, 2, 'бальзам', 1, 1500289200),
(694, 81, 2, 'вермут', 1, 1500289200),
(695, 81, 2, 'вино', 1, 1500289200),
(696, 81, 2, 'виски', 1, 1500289200),
(697, 81, 2, 'водка', 1, 1500289200),
(698, 81, 2, 'граппа', 1, 1500289200),
(699, 81, 2, 'джин', 1, 1500289200),
(700, 81, 2, 'кальвадос', 1, 1500289200),
(701, 81, 2, 'киршвассер', 1, 1500289200),
(702, 81, 2, 'коктейли алкогольные', 1, 1500289200),
(703, 81, 2, 'коньяк', 1, 1500289200),
(704, 81, 2, 'корн', 1, 1500289200),
(705, 81, 2, 'ликер', 1, 1500289200),
(706, 81, 2, 'мастика', 1, 1500289200),
(707, 81, 2, 'мескаль', 1, 1500289200),
(708, 81, 2, 'метакса', 1, 1500289200),
(709, 81, 2, 'наливка', 1, 1500289200),
(710, 81, 2, 'настойка', 1, 1500289200),
(711, 81, 2, 'перада', 1, 1500289200),
(712, 81, 2, 'перри', 1, 1500289200),
(713, 81, 2, 'пиво', 1, 1500289200),
(714, 81, 2, 'портвейн', 1, 1500289200),
(715, 81, 2, 'пуаре', 1, 1500289200),
(716, 81, 2, 'пульке', 1, 1500289200),
(717, 81, 2, 'ракия', 1, 1500289200),
(718, 81, 2, 'ракия', 1, 1500289200),
(719, 81, 2, 'ром', 1, 1500289200),
(720, 81, 2, 'саке', 1, 1500289200),
(721, 81, 2, 'сетю', 1, 1500289200),
(722, 81, 2, 'сидр', 1, 1500289200),
(723, 81, 2, 'сливовица', 1, 1500289200),
(724, 81, 2, 'соджу', 1, 1500289200),
(725, 81, 2, 'текила', 1, 1500289200),
(726, 81, 2, 'узо', 1, 1500289200),
(727, 81, 2, 'фрамбуаз', 1, 1500289200),
(728, 81, 2, 'чача', 1, 1500289200),
(729, 81, 2, 'шампанское', 1, 1500289200),
(730, 81, 2, 'шнапс', 1, 1500289200),
(731, 81, 2, 'эль', 1, 1500289200),
(732, 82, 2, 'энергетики витаминизированные', 1, 1500289200),
(733, 82, 2, 'энергетики содержащие стимуляторы', 1, 1500289200),
(734, 82, 2, 'энергетики спортивные', 1, 1500289200),
(735, 83, 2, 'вэйп', 1, 1500289200),
(736, 83, 2, 'кальян', 1, 1500289200),
(737, 83, 2, 'папиросы', 1, 1500289200),
(738, 83, 2, 'сигареты', 1, 1500289200),
(739, 83, 2, 'сигареты электронные', 1, 1500289200),
(740, 83, 2, 'сигары', 1, 1500289200),
(741, 84, 2, 'бандаж', 1, 1500289200),
(742, 84, 2, 'бинт', 1, 1500289200),
(743, 84, 2, 'гели', 1, 1500289200),
(744, 84, 2, 'гипсовая повязка', 1, 1500289200),
(745, 84, 2, 'градустник', 1, 1500289200),
(746, 84, 2, 'ингаляции', 1, 1500289200),
(747, 84, 2, 'инъекции', 1, 1500289200),
(748, 84, 2, 'капсулы', 1, 1500289200),
(749, 84, 2, 'корсет', 1, 1500289200),
(750, 84, 2, 'мази', 1, 1500289200),
(751, 84, 2, 'микстуры', 1, 1500289200),
(752, 84, 2, 'перевязочные материалы', 1, 1500289200),
(753, 84, 2, 'пластыри', 1, 1500289200),
(754, 84, 2, 'пластырь', 1, 1500289200),
(755, 84, 2, 'присыпки', 1, 1500289200),
(756, 84, 2, 'свечи', 1, 1500289200),
(757, 84, 2, 'сиропы', 1, 1500289200),
(758, 84, 2, 'спреи', 1, 1500289200),
(759, 84, 2, 'таблетки', 1, 1500289200),
(760, 84, 2, 'шина', 1, 1500289200),
(761, 85, 2, 'арафатка', 1, 1500289200),
(762, 85, 2, 'бандана', 1, 1500289200),
(763, 85, 2, 'бейсболка', 1, 1500289200),
(764, 85, 2, 'берет', 1, 1500289200),
(765, 85, 2, 'блуза', 1, 1500289200),
(766, 85, 2, 'боа', 1, 1500289200),
(767, 85, 2, 'болеро', 1, 1500289200),
(768, 85, 2, 'бриджи', 1, 1500289200),
(769, 85, 2, 'брюки', 1, 1500289200),
(770, 85, 2, 'бюстгалтер', 1, 1500289200),
(771, 85, 2, 'варежки', 1, 1500289200),
(772, 85, 2, 'ветровка', 1, 1500289200),
(773, 85, 2, 'водолазка (гольф)', 1, 1500289200),
(774, 85, 2, 'галстук', 1, 1500289200),
(775, 85, 2, 'галстук-бабочка', 1, 1500289200),
(776, 85, 2, 'горжетка', 1, 1500289200),
(777, 85, 2, 'джемпер', 1, 1500289200),
(778, 85, 2, 'джинсы', 1, 1500289200),
(779, 85, 2, 'дубленка', 1, 1500289200),
(780, 85, 2, 'жакет', 1, 1500289200),
(781, 85, 2, 'жилет', 1, 1500289200),
(782, 85, 2, 'кардиган', 1, 1500289200),
(783, 85, 2, 'каска', 1, 1500289200),
(784, 85, 2, 'кашне', 1, 1500289200),
(785, 85, 2, 'кепи', 1, 1500289200),
(786, 85, 2, 'кепка', 1, 1500289200),
(787, 85, 2, 'комбинация/сорочка', 1, 1500289200),
(788, 85, 2, 'комбинезон', 1, 1500289200),
(789, 85, 2, 'костюм деловой', 1, 1500289200),
(790, 85, 2, 'костюм спортивный', 1, 1500289200),
(791, 85, 2, 'кофта', 1, 1500289200),
(792, 85, 2, 'куртка', 1, 1500289200),
(793, 85, 2, 'леггинсы', 1, 1500289200),
(794, 85, 2, 'лосины', 1, 1500289200),
(795, 85, 2, 'майка', 1, 1500289200),
(796, 85, 2, 'митенки', 1, 1500289200),
(797, 85, 2, 'нижнее белье', 1, 1500289200),
(798, 85, 2, 'ночная сорочка', 1, 1500289200),
(799, 85, 2, 'одежда вечерняя/праздничная/для гостей и приемов', 1, 1500289200),
(800, 85, 2, 'одежда демисезонная', 1, 1500289200),
(801, 85, 2, 'одежда детская', 1, 1500289200),
(802, 85, 2, 'одежда для больных', 1, 1500289200),
(803, 85, 2, 'одежда для младенцев', 1, 1500289200),
(804, 85, 2, 'одежда для особых случаев', 1, 1500289200),
(805, 85, 2, 'одежда для отдыха', 1, 1500289200),
(806, 85, 2, 'одежда для рыбалки и охоты', 1, 1500289200),
(807, 85, 2, 'одежда домашняя', 1, 1500289200),
(808, 85, 2, 'одежда дорожная', 1, 1500289200),
(809, 85, 2, 'одежда женская', 1, 1500289200),
(810, 85, 2, 'одежда зимняя', 1, 1500289200),
(811, 85, 2, 'одежда крестильная', 1, 1500289200),
(812, 85, 2, 'одежда летняя', 1, 1500289200);
INSERT INTO `categories` (`id`, `parent_id`, `level`, `name`, `status`, `time_update`) VALUES
(813, 85, 2, 'одежда молодежная', 1, 1500289200),
(814, 85, 2, 'одежда мужская', 1, 1500289200),
(815, 85, 2, 'одежда офисная', 1, 1500289200),
(816, 85, 2, 'одежда подростковая', 1, 1500289200),
(817, 85, 2, 'одежда рабочая', 1, 1500289200),
(818, 85, 2, 'одежда свадебная', 1, 1500289200),
(819, 85, 2, 'одежда спортивная', 1, 1500289200),
(820, 85, 2, 'одежда школьная', 1, 1500289200),
(821, 85, 2, 'палантин', 1, 1500289200),
(822, 85, 2, 'пальто', 1, 1500289200),
(823, 85, 2, 'панамка', 1, 1500289200),
(824, 85, 2, 'пеньюар', 1, 1500289200),
(825, 85, 2, 'перчатки', 1, 1500289200),
(826, 85, 2, 'пиджак', 1, 1500289200),
(827, 85, 2, 'пижама', 1, 1500289200),
(828, 85, 2, 'пилотка', 1, 1500289200),
(829, 85, 2, 'платок на голову', 1, 1500289200),
(830, 85, 2, 'платок шейный', 1, 1500289200),
(831, 85, 2, 'платье', 1, 1500289200),
(832, 85, 2, 'плащ', 1, 1500289200),
(833, 85, 2, 'повязка на голову', 1, 1500289200),
(834, 85, 2, 'подтяжки для брюк', 1, 1500289200),
(835, 85, 2, 'подтяжки для носков', 1, 1500289200),
(836, 85, 2, 'ползунки', 1, 1500289200),
(837, 85, 2, 'полукомбинезон', 1, 1500289200),
(838, 85, 2, 'полушубок', 1, 1500289200),
(839, 85, 2, 'пончо', 1, 1500289200),
(840, 85, 2, 'пояс-кушак', 1, 1500289200),
(841, 85, 2, 'пуловер', 1, 1500289200),
(842, 85, 2, 'пуховик', 1, 1500289200),
(843, 85, 2, 'ремень', 1, 1500289200),
(844, 85, 2, 'рубашка', 1, 1500289200),
(845, 85, 2, 'сарафан', 1, 1500289200),
(846, 85, 2, 'свитер', 1, 1500289200),
(847, 85, 2, 'смокинг', 1, 1500289200),
(848, 85, 2, 'снуд (шарф-труба)', 1, 1500289200),
(849, 85, 2, 'толстовка', 1, 1500289200),
(850, 85, 2, 'топ', 1, 1500289200),
(851, 85, 2, 'трусы', 1, 1500289200),
(852, 85, 2, 'туника', 1, 1500289200),
(853, 85, 2, 'тюрбан', 1, 1500289200),
(854, 85, 2, 'фрак', 1, 1500289200),
(855, 85, 2, 'фуражка', 1, 1500289200),
(856, 85, 2, 'футболка поло (тенниска)', 1, 1500289200),
(857, 85, 2, 'футболка с длинным руковом', 1, 1500289200),
(858, 85, 2, 'футболка с коротким рукавом', 1, 1500289200),
(859, 85, 2, 'халат', 1, 1500289200),
(860, 85, 2, 'чулки (носки, гольфы, колготки, гетры)', 1, 1500289200),
(861, 85, 2, 'шаль', 1, 1500289200),
(862, 85, 2, 'шапка  капюшон', 1, 1500289200),
(863, 85, 2, 'шарф', 1, 1500289200),
(864, 85, 2, 'шлем', 1, 1500289200),
(865, 85, 2, 'шляпа', 1, 1500289200),
(866, 85, 2, 'шляпа-пирожок', 1, 1500289200),
(867, 85, 2, 'шорты', 1, 1500289200),
(868, 85, 2, 'шуба', 1, 1500289200),
(869, 85, 2, 'юбка', 1, 1500289200),
(870, 86, 2, 'балетки', 1, 1500289200),
(871, 86, 2, 'бахилы', 1, 1500289200),
(872, 86, 2, 'бахилы', 1, 1500289200),
(873, 86, 2, 'босоножки', 1, 1500289200),
(874, 86, 2, 'ботильоны', 1, 1500289200),
(875, 86, 2, 'ботинки', 1, 1500289200),
(876, 86, 2, 'ботфорты', 1, 1500289200),
(877, 86, 2, 'бурки', 1, 1500289200),
(878, 86, 2, 'валенки', 1, 1500289200),
(879, 86, 2, 'вибрам 5 пальцев (Vibram FiveFingers)', 1, 1500289200),
(880, 86, 2, 'вьетнамки', 1, 1500289200),
(881, 86, 2, 'галоши', 1, 1500289200),
(882, 86, 2, 'гладиаторы', 1, 1500289200),
(883, 86, 2, 'дезерты', 1, 1500289200),
(884, 86, 2, 'дерби', 1, 1500289200),
(885, 86, 2, 'кеды', 1, 1500289200),
(886, 86, 2, 'кроссовки', 1, 1500289200),
(887, 86, 2, 'ледоступы', 1, 1500289200),
(888, 86, 2, 'лоферы', 1, 1500289200),
(889, 86, 2, 'мокасины', 1, 1500289200),
(890, 86, 2, 'монки', 1, 1500289200),
(891, 86, 2, 'обувь вечерняя/праздничная/для гостей и приемов', 1, 1500289200),
(892, 86, 2, 'обувь демисезонная', 1, 1500289200),
(893, 86, 2, 'обувь для особых случаев', 1, 1500289200),
(894, 86, 2, 'обувь для отдыха', 1, 1500289200),
(895, 86, 2, 'обувь для рыбалки и охоты', 1, 1500289200),
(896, 86, 2, 'обувь домашняя', 1, 1500289200),
(897, 86, 2, 'обувь дорожная', 1, 1500289200),
(898, 86, 2, 'обувь зимняя', 1, 1500289200),
(899, 86, 2, 'обувь крестильная', 1, 1500289200),
(900, 86, 2, 'обувь летняя', 1, 1500289200),
(901, 86, 2, 'обувь офисная', 1, 1500289200),
(902, 86, 2, 'обувь рабочая', 1, 1500289200),
(903, 86, 2, 'обувь свадебная', 1, 1500289200),
(904, 86, 2, 'обувь спортивная', 1, 1500289200),
(905, 86, 2, 'обувь школьная', 1, 1500289200),
(906, 86, 2, 'оксфорды', 1, 1500289200),
(907, 86, 2, 'пантолеты', 1, 1500289200),
(908, 86, 2, 'полуботинки', 1, 1500289200),
(909, 86, 2, 'полукеды', 1, 1500289200),
(910, 86, 2, 'полусапоги', 1, 1500289200),
(911, 86, 2, 'сандалии', 1, 1500289200),
(912, 86, 2, 'сапоги', 1, 1500289200),
(913, 86, 2, 'сапоги болотные', 1, 1500289200),
(914, 86, 2, 'сапоги заколенники', 1, 1500289200),
(915, 86, 2, 'сапоги резиновые', 1, 1500289200),
(916, 86, 2, 'сапоги резиновые рыбацкие', 1, 1500289200),
(917, 86, 2, 'сланцы', 1, 1500289200),
(918, 86, 2, 'слиперы', 1, 1500289200),
(919, 86, 2, 'сникерсы', 1, 1500289200),
(920, 86, 2, 'тенниски', 1, 1500289200),
(921, 86, 2, 'топсайдеры', 1, 1500289200),
(922, 86, 2, 'туфли', 1, 1500289200),
(923, 86, 2, 'угги', 1, 1500289200),
(924, 86, 2, 'шлепанцы', 1, 1500289200),
(925, 86, 2, 'эспадрильи', 1, 1500289200),
(926, 87, 2, 'бижутерия', 1, 1500289200),
(927, 87, 2, 'браслет ножной', 1, 1500289200),
(928, 87, 2, 'браслет ручной', 1, 1500289200),
(929, 87, 2, 'брелок', 1, 1500289200),
(930, 87, 2, 'булавка шляпная', 1, 1500289200),
(931, 87, 2, 'бусы', 1, 1500289200),
(932, 87, 2, 'бутоньерка', 1, 1500289200),
(933, 87, 2, 'венок', 1, 1500289200),
(934, 87, 2, 'гребень', 1, 1500289200),
(935, 87, 2, 'диадема', 1, 1500289200),
(936, 87, 2, 'драгоценности', 1, 1500289200),
(937, 87, 2, 'зажим для галстука (булавка для галстука)', 1, 1500289200),
(938, 87, 2, 'заколка для волос', 1, 1500289200),
(939, 87, 2, 'каффы', 1, 1500289200),
(940, 87, 2, 'клипсы', 1, 1500289200),
(941, 87, 2, 'колье', 1, 1500289200),
(942, 87, 2, 'кольцо', 1, 1500289200),
(943, 87, 2, 'кулон (подвеска)', 1, 1500289200),
(944, 87, 2, 'обруч для волос', 1, 1500289200),
(945, 87, 2, 'ожерелье', 1, 1500289200),
(946, 87, 2, 'очки', 1, 1500289200),
(947, 87, 2, 'очки для плавания', 1, 1500289200),
(948, 87, 2, 'очки солнцезащитные', 1, 1500289200),
(949, 87, 2, 'пирсинг', 1, 1500289200),
(950, 87, 2, 'платок нагрудный', 1, 1500289200),
(951, 87, 2, 'платок носовой', 1, 1500289200),
(952, 87, 2, 'резинка для волос', 1, 1500289200),
(953, 87, 2, 'серьги', 1, 1500289200),
(954, 87, 2, 'украшения вечерние', 1, 1500289200),
(955, 87, 2, 'украшения детские', 1, 1500289200),
(956, 87, 2, 'украшения женские', 1, 1500289200),
(957, 87, 2, 'украшения летние', 1, 1500289200),
(958, 87, 2, 'украшения мужские', 1, 1500289200),
(959, 87, 2, 'украшения офисные', 1, 1500289200),
(960, 87, 2, 'украшения свадебные', 1, 1500289200),
(961, 87, 2, 'украшения траурные', 1, 1500289200),
(962, 87, 2, 'фенечка', 1, 1500289200),
(963, 87, 2, 'цветы для волос', 1, 1500289200),
(964, 87, 2, 'цепочка для часов', 1, 1500289200),
(965, 87, 2, 'цепь', 1, 1500289200),
(966, 87, 2, 'часы', 1, 1500289200),
(967, 87, 2, 'шарм', 1, 1500289200),
(968, 87, 2, 'шпилька', 1, 1500289200),
(969, 88, 2, 'ванна для ног (ванночка для ног)', 1, 1500289200),
(970, 88, 2, 'ванна для рук (ванночка для рук)', 1, 1500289200),
(971, 88, 2, 'выпрямитель', 1, 1500289200),
(972, 88, 2, 'гель для душа', 1, 1500289200),
(973, 88, 2, 'зубная щетка', 1, 1500289200),
(974, 88, 2, 'зубной центр', 1, 1500289200),
(975, 88, 2, 'ирригатор', 1, 1500289200),
(976, 88, 2, 'ирригатор', 1, 1500289200),
(977, 88, 2, 'крем для лица', 1, 1500289200),
(978, 88, 2, 'крем для ног', 1, 1500289200),
(979, 88, 2, 'крем для рук', 1, 1500289200),
(980, 88, 2, 'крем для тела', 1, 1500289200),
(981, 88, 2, 'маникюрные инструменты', 1, 1500289200),
(982, 88, 2, 'маска для волос', 1, 1500289200),
(983, 88, 2, 'маска для лица', 1, 1500289200),
(984, 88, 2, 'маска для ног', 1, 1500289200),
(985, 88, 2, 'маска для рук', 1, 1500289200),
(986, 88, 2, 'массажер', 1, 1500289200),
(987, 88, 2, 'мочалка', 1, 1500289200),
(988, 88, 2, 'мультистайлер', 1, 1500289200),
(989, 88, 2, 'мыло', 1, 1500289200),
(990, 88, 2, 'педикюрные  инструменты', 1, 1500289200),
(991, 88, 2, 'пемза', 1, 1500289200),
(992, 88, 2, 'пена для ванны', 1, 1500289200),
(993, 88, 2, 'пена для купания', 1, 1500289200),
(994, 88, 2, 'пинцет', 1, 1500289200),
(995, 88, 2, 'плойка', 1, 1500289200),
(996, 88, 2, 'растворы для ванны', 1, 1500289200),
(997, 88, 2, 'расческа', 1, 1500289200),
(998, 88, 2, 'соль для ванны', 1, 1500289200),
(999, 88, 2, 'стайлер', 1, 1500289200),
(1000, 88, 2, 'термобигуди', 1, 1500289200),
(1001, 88, 2, 'термощетка', 1, 1500289200),
(1002, 88, 2, 'триммер', 1, 1500289200),
(1003, 88, 2, 'фен', 1, 1500289200),
(1004, 88, 2, 'шампунь', 1, 1500289200),
(1005, 88, 2, 'щетка для лица', 1, 1500289200),
(1006, 88, 2, 'щетка для ног', 1, 1500289200),
(1007, 88, 2, 'щетка для пилинга', 1, 1500289200),
(1008, 88, 2, 'щетка для рук', 1, 1500289200),
(1009, 88, 2, 'щетка для языка', 1, 1500289200),
(1010, 88, 2, 'щипцы для завивки', 1, 1500289200),
(1011, 88, 2, 'электробигуди', 1, 1500289200),
(1012, 88, 2, 'электробритва', 1, 1500289200),
(1013, 88, 2, 'эпилятор', 1, 1500289200),
(1014, 89, 2, 'вешалка', 1, 1500289200),
(1015, 89, 2, 'диван', 1, 1500289200),
(1016, 89, 2, 'диван-кровать', 1, 1500289200),
(1017, 89, 2, 'комод', 1, 1500289200),
(1018, 89, 2, 'кресло', 1, 1500289200),
(1019, 89, 2, 'кресло рабочее', 1, 1500289200),
(1020, 89, 2, 'кресло-качалка', 1, 1500289200),
(1021, 89, 2, 'кресло-кровать', 1, 1500289200),
(1022, 89, 2, 'кровать', 1, 1500289200),
(1023, 89, 2, 'кушетка', 1, 1500289200),
(1024, 89, 2, 'манеж детский', 1, 1500289200),
(1025, 89, 2, 'мебель для бани/сауны', 1, 1500289200),
(1026, 89, 2, 'мебель для ванной', 1, 1500289200),
(1027, 89, 2, 'мебель для гостиной', 1, 1500289200),
(1028, 89, 2, 'мебель для дачи', 1, 1500289200),
(1029, 89, 2, 'мебель для детской', 1, 1500289200),
(1030, 89, 2, 'мебель для загородного дома', 1, 1500289200),
(1031, 89, 2, 'мебель для квартиры', 1, 1500289200),
(1032, 89, 2, 'мебель для отдыха', 1, 1500289200),
(1033, 89, 2, 'мебель для отдыха на природе', 1, 1500289200),
(1034, 89, 2, 'мебель для прихожей', 1, 1500289200),
(1035, 89, 2, 'мебель для спальни', 1, 1500289200),
(1036, 89, 2, 'мебель для столовой', 1, 1500289200),
(1037, 89, 2, 'мебель для съемной квартиры', 1, 1500289200),
(1038, 89, 2, 'подставка под телевизор', 1, 1500289200),
(1039, 89, 2, 'полка книжная', 1, 1500289200),
(1040, 89, 2, 'секретер', 1, 1500289200),
(1041, 89, 2, 'сервант', 1, 1500289200),
(1042, 89, 2, 'скамья', 1, 1500289200),
(1043, 89, 2, 'стол журнальный', 1, 1500289200),
(1044, 89, 2, 'стол обеденный', 1, 1500289200),
(1045, 89, 2, 'стол письменный', 1, 1500289200),
(1046, 89, 2, 'стол сервировочный', 1, 1500289200),
(1047, 89, 2, 'стол туалетный', 1, 1500289200),
(1048, 89, 2, 'стул', 1, 1500289200),
(1049, 89, 2, 'сундук', 1, 1500289200),
(1050, 89, 2, 'табурет', 1, 1500289200),
(1051, 89, 2, 'тахта', 1, 1500289200),
(1052, 89, 2, 'тумба для телевизора', 1, 1500289200),
(1053, 89, 2, 'тумба туалетная', 1, 1500289200),
(1054, 89, 2, 'шезлонг', 1, 1500289200),
(1055, 89, 2, 'шкаф для белья', 1, 1500289200),
(1056, 89, 2, 'шкаф для обуви', 1, 1500289200),
(1057, 89, 2, 'шкаф для одежды', 1, 1500289200),
(1058, 89, 2, 'шкаф для посуды', 1, 1500289200),
(1059, 89, 2, 'шкаф книжный', 1, 1500289200),
(1060, 89, 2, 'шкаф кухонный', 1, 1500289200),
(1061, 89, 2, 'шкаф многоцелевой', 1, 1500289200),
(1062, 89, 2, 'шкаф под мойку', 1, 1500289200),
(1063, 89, 2, 'шкаф-витрина', 1, 1500289200),
(1064, 89, 2, 'шкаф-купе', 1, 1500289200),
(1065, 89, 2, 'шкаф-перегородка', 1, 1500289200),
(1066, 90, 2, 'аэрогриль', 1, 1500289200),
(1067, 90, 2, 'блендер', 1, 1500289200),
(1068, 90, 2, 'блинница', 1, 1500289200),
(1069, 90, 2, 'варочная панель', 1, 1500289200),
(1070, 90, 2, 'вафельница', 1, 1500289200),
(1071, 90, 2, 'водонагреватель', 1, 1500289200),
(1072, 90, 2, 'вытяжка', 1, 1500289200),
(1073, 90, 2, 'духовой шкаф', 1, 1500289200),
(1074, 90, 2, 'йогуртница', 1, 1500289200),
(1075, 90, 2, 'кондиционер', 1, 1500289200),
(1076, 90, 2, 'кофеварка', 1, 1500289200),
(1077, 90, 2, 'кулер', 1, 1500289200),
(1078, 90, 2, 'кухонная плита', 1, 1500289200),
(1079, 90, 2, 'кухонный комбайн', 1, 1500289200),
(1080, 90, 2, 'ломтерезка', 1, 1500289200),
(1081, 90, 2, 'миксер', 1, 1500289200),
(1082, 90, 2, 'мини-печь', 1, 1500289200),
(1083, 90, 2, 'мороженица', 1, 1500289200),
(1084, 90, 2, 'морозильник', 1, 1500289200),
(1085, 90, 2, 'мультиварка', 1, 1500289200),
(1086, 90, 2, 'мультирезка', 1, 1500289200),
(1087, 90, 2, 'мяосорубка', 1, 1500289200),
(1088, 90, 2, 'пароварка', 1, 1500289200),
(1089, 90, 2, 'парооочиститель', 1, 1500289200),
(1090, 90, 2, 'печь микроволновая', 1, 1500289200),
(1091, 90, 2, 'посудомоечная машина', 1, 1500289200),
(1092, 90, 2, 'пылесос', 1, 1500289200),
(1093, 90, 2, 'соковыжималка', 1, 1500289200),
(1094, 90, 2, 'стиральная машина', 1, 1500289200),
(1095, 90, 2, 'сушилка для овощей и фруктов', 1, 1500289200),
(1096, 90, 2, 'телевизор', 1, 1500289200),
(1097, 90, 2, 'термопот', 1, 1500289200),
(1098, 90, 2, 'тостер', 1, 1500289200),
(1099, 90, 2, 'фритюрница', 1, 1500289200),
(1100, 90, 2, 'хлебопечка', 1, 1500289200),
(1101, 90, 2, 'холодильник', 1, 1500289200),
(1102, 90, 2, 'швейная машина', 1, 1500289200),
(1103, 90, 2, 'электрический чайник', 1, 1500289200),
(1104, 90, 2, 'электрогриль', 1, 1500289200),
(1105, 90, 2, 'электромельница', 1, 1500289200),
(1106, 90, 2, 'яйцеварка', 1, 1500289200),
(1107, 91, 2, 'бензопила', 1, 1500289200),
(1108, 91, 2, 'болгарка', 1, 1500289200),
(1109, 91, 2, 'бруски шлифовальны', 1, 1500289200),
(1110, 91, 2, 'валики малярные', 1, 1500289200),
(1111, 91, 2, 'ведра строительные', 1, 1500289200),
(1112, 91, 2, 'виброметр,', 1, 1500289200),
(1113, 91, 2, 'видеоэндоскоп', 1, 1500289200),
(1114, 91, 2, 'газоанализатор', 1, 1500289200),
(1115, 91, 2, 'гайковерт', 1, 1500289200),
(1116, 91, 2, 'гвоздодер', 1, 1500289200),
(1117, 91, 2, 'генератор', 1, 1500289200),
(1118, 91, 2, 'гладилки штукатурные', 1, 1500289200),
(1119, 91, 2, 'гравер', 1, 1500289200),
(1120, 91, 2, 'держатель', 1, 1500289200),
(1121, 91, 2, 'детектор металла проводки', 1, 1500289200),
(1122, 91, 2, 'динамометр', 1, 1500289200),
(1123, 91, 2, 'дозиметр', 1, 1500289200),
(1124, 91, 2, 'домкрат', 1, 1500289200),
(1125, 91, 2, 'дрель', 1, 1500289200),
(1126, 91, 2, 'емкости', 1, 1500289200),
(1127, 91, 2, 'емкости для малярных работ', 1, 1500289200),
(1128, 91, 2, 'зажим', 1, 1500289200),
(1129, 91, 2, 'заклепочник', 1, 1500289200),
(1130, 91, 2, 'инструмент для плиточных работ', 1, 1500289200),
(1131, 91, 2, 'инструмент для укладки напольных покрытий', 1, 1500289200),
(1132, 91, 2, 'инструментов', 1, 1500289200),
(1133, 91, 2, 'кабелеискатель', 1, 1500289200),
(1134, 91, 2, 'кельмы мастерки', 1, 1500289200),
(1135, 91, 2, 'кисти малярные', 1, 1500289200),
(1136, 91, 2, 'клещи', 1, 1500289200),
(1137, 91, 2, 'ключ', 1, 1500289200),
(1138, 91, 2, 'компрессор', 1, 1500289200),
(1139, 91, 2, 'кордщетки', 1, 1500289200),
(1140, 91, 2, 'краскопульт', 1, 1500289200),
(1141, 91, 2, 'курвиметр', 1, 1500289200),
(1142, 91, 2, 'кусачки', 1, 1500289200),
(1143, 91, 2, 'лазерная рулетка дальномер', 1, 1500289200),
(1144, 91, 2, 'ленты строительные', 1, 1500289200),
(1145, 91, 2, 'лобзик', 1, 1500289200),
(1146, 91, 2, 'логгер данных температуры и влажности', 1, 1500289200),
(1147, 91, 2, 'локатор', 1, 1500289200),
(1148, 91, 2, 'лом', 1, 1500289200),
(1149, 91, 2, 'люксметр', 1, 1500289200),
(1150, 91, 2, 'манометр', 1, 1500289200),
(1151, 91, 2, 'машина циклевальная', 1, 1500289200),
(1152, 91, 2, 'машина шлифовальная шлифмашина', 1, 1500289200),
(1153, 91, 2, 'металлоискатель', 1, 1500289200),
(1154, 91, 2, 'многофункциональный инструмент МФИ', 1, 1500289200),
(1155, 91, 2, 'мойка высокоо давления', 1, 1500289200),
(1156, 91, 2, 'молоток', 1, 1500289200),
(1157, 91, 2, 'молоток отбойный', 1, 1500289200),
(1158, 91, 2, 'мультимер', 1, 1500289200),
(1159, 91, 2, 'набор инструментов', 1, 1500289200),
(1160, 91, 2, 'наборы малярные', 1, 1500289200),
(1161, 91, 2, 'нивелир', 1, 1500289200),
(1162, 91, 2, 'ножницы метизы', 1, 1500289200),
(1163, 91, 2, 'органайзеры', 1, 1500289200),
(1164, 91, 2, 'отвертка', 1, 1500289200),
(1165, 91, 2, 'панели', 1, 1500289200),
(1166, 91, 2, 'паяльник', 1, 1500289200),
(1167, 91, 2, 'переноски', 1, 1500289200),
(1168, 91, 2, 'перформатор', 1, 1500289200),
(1169, 91, 2, 'пила', 1, 1500289200),
(1170, 91, 2, 'пинцет', 1, 1500289200),
(1171, 91, 2, 'пирометр', 1, 1500289200),
(1172, 91, 2, 'пистолет', 1, 1500289200),
(1173, 91, 2, 'плоскогубцы', 1, 1500289200),
(1174, 91, 2, 'подъемник', 1, 1500289200),
(1175, 91, 2, 'пресс', 1, 1500289200),
(1176, 91, 2, 'резак', 1, 1500289200),
(1177, 91, 2, 'реноватор', 1, 1500289200),
(1178, 91, 2, 'рубанок', 1, 1500289200),
(1179, 91, 2, 'ручные инструменты', 1, 1500289200),
(1180, 91, 2, 'сварочный аппарат инвертор', 1, 1500289200),
(1181, 91, 2, 'сетки шлифовальные', 1, 1500289200),
(1182, 91, 2, 'системы', 1, 1500289200),
(1183, 91, 2, 'склерометр', 1, 1500289200),
(1184, 91, 2, 'скребки очистительные', 1, 1500289200),
(1185, 91, 2, 'стеллажи для хранения', 1, 1500289200),
(1186, 91, 2, 'степлер гвоздезабиватель', 1, 1500289200),
(1187, 91, 2, 'струбцина', 1, 1500289200),
(1188, 91, 2, 'стусло', 1, 1500289200),
(1189, 91, 2, 'сумки', 1, 1500289200),
(1190, 91, 2, 'тахометр', 1, 1500289200),
(1191, 91, 2, 'термометр', 1, 1500289200),
(1192, 91, 2, 'тиски', 1, 1500289200),
(1193, 91, 2, 'толщинометр', 1, 1500289200),
(1194, 91, 2, 'трансофрматор', 1, 1500289200),
(1195, 91, 2, 'трассоискатель', 1, 1500289200),
(1196, 91, 2, 'уровень', 1, 1500289200),
(1197, 91, 2, 'утконосы', 1, 1500289200),
(1198, 91, 2, 'фены промышленный', 1, 1500289200),
(1199, 91, 2, 'фрезер', 1, 1500289200),
(1200, 91, 2, 'цикли', 1, 1500289200),
(1201, 91, 2, 'шнур отбивочный', 1, 1500289200),
(1202, 91, 2, 'шпатели', 1, 1500289200),
(1203, 91, 2, 'штроборез бороздодел', 1, 1500289200),
(1204, 91, 2, 'шумомер', 1, 1500289200),
(1205, 91, 2, 'шуруповерт', 1, 1500289200),
(1206, 91, 2, 'щетки', 1, 1500289200),
(1207, 91, 2, 'щипцы', 1, 1500289200),
(1208, 91, 2, 'электроинструменты', 1, 1500289200),
(1209, 91, 2, 'ящики', 1, 1500289200),
(1210, 92, 2, 'емкости для хранения', 1, 1500289200),
(1211, 92, 2, 'кастрюли', 1, 1500289200),
(1212, 92, 2, 'посуда', 1, 1500289200),
(1213, 92, 2, 'сковороды', 1, 1500289200),
(1214, 92, 2, 'столовые приборы', 1, 1500289200),
(1215, 93, 2, 'автомат', 1, 1500289200),
(1216, 93, 2, 'карабин', 1, 1500289200),
(1217, 93, 2, 'мачете', 1, 1500289200),
(1218, 93, 2, 'нож', 1, 1500289200),
(1219, 93, 2, 'одежда и обувь для охоты и рыбалки', 1, 1500289200),
(1220, 93, 2, 'оружие охотничье', 1, 1500289200),
(1221, 93, 2, 'оружие самообороны', 1, 1500289200),
(1222, 93, 2, 'пистолет', 1, 1500289200),
(1223, 93, 2, 'пулемёт ', 1, 1500289200),
(1224, 93, 2, 'револьвер', 1, 1500289200),
(1225, 93, 2, 'ружьё', 1, 1500289200),
(1226, 93, 2, 'снаряжение для охоты и рыбалки', 1, 1500289200),
(1227, 93, 2, 'средства самообороны', 1, 1500289200),
(1228, 93, 2, 'топор', 1, 1500289200),
(1229, 94, 2, 'гаджеты виртуальной и дополненной реальности', 1, 1500289200),
(1230, 94, 2, 'геймерские гаджеты', 1, 1500289200),
(1231, 94, 2, '3D-принтеры', 1, 1500289200),
(1232, 94, 2, 'usb-гаджеты', 1, 1500289200),
(1233, 94, 2, 'умные часы', 1, 1500289200),
(1234, 94, 2, 'смартфоны', 1, 1500289200),
(1235, 94, 2, 'аксессуары', 1, 1500289200),
(1236, 94, 2, 'медицинские гаджеты', 1, 1500289200),
(1237, 94, 2, 'фитнес-трекеры', 1, 1500289200),
(1238, 95, 2, 'консультация медицинская', 1, 1500289200),
(1239, 95, 2, 'лечение амюулаторное', 1, 1500289200),
(1240, 95, 2, 'лечение клиническое', 1, 1500289200),
(1241, 95, 2, 'лечение саноторное', 1, 1500289200),
(1242, 95, 2, 'медицина традиционная', 1, 1500289200),
(1243, 95, 2, 'медицна нетрадиционная', 1, 1500289200),
(1244, 95, 2, 'обследование медицинское', 1, 1500289200),
(1245, 95, 2, 'процедура медицинская', 1, 1500289200),
(1246, 95, 2, 'самолечение', 1, 1500289200),
(1247, 96, 2, 'бакалавр', 1, 1500289200),
(1248, 96, 2, 'колледж', 1, 1500289200),
(1249, 96, 2, 'магистр', 1, 1500289200),
(1250, 96, 2, 'образование второе высшее', 1, 1500289200),
(1251, 96, 2, 'образование специальное', 1, 1500289200),
(1252, 96, 2, 'образование среднее профессиональное', 1, 1500289200),
(1253, 96, 2, 'переподготовка профессиональная ', 1, 1500289200),
(1254, 96, 2, 'подготовительные курсы в ВУЗ', 1, 1500289200),
(1255, 96, 2, 'подготовка к ЕГЭ', 1, 1500289200),
(1256, 96, 2, 'ПТУ', 1, 1500289200),
(1257, 96, 2, 'специалист', 1, 1500289200),
(1258, 97, 2, 'аренда жилья', 1, 1500289200),
(1259, 97, 2, 'домофон', 1, 1500289200),
(1260, 97, 2, 'капитальный ремонт', 1, 1500289200),
(1261, 97, 2, 'коллективная антенна', 1, 1500289200),
(1262, 97, 2, 'отношения с собственниками жилья', 1, 1500289200),
(1263, 97, 2, 'отношения с соседями', 1, 1500289200),
(1264, 97, 2, 'охрана', 1, 1500289200),
(1265, 97, 2, 'плата за аренду жилья', 1, 1500289200),
(1266, 97, 2, 'плата за жилищные услуги', 1, 1500289200),
(1267, 97, 2, 'плата за пользование жилым помещением (наем)', 1, 1500289200),
(1268, 97, 2, 'пользование жилым помещением (наем)', 1, 1500289200),
(1269, 97, 2, 'радио', 1, 1500289200),
(1270, 97, 2, 'содержание и ремонт лифтов', 1, 1500289200),
(1271, 97, 2, 'содержание и текущий ремонт жилого помещения', 1, 1500289200),
(1272, 97, 2, 'телетрансляция', 1, 1500289200),
(1273, 97, 2, 'товарищество собственников жилья', 1, 1500289200),
(1274, 97, 2, 'управляющая компания', 1, 1500289200),
(1275, 98, 2, 'газ', 1, 1500289200),
(1276, 98, 2, 'горячая вода', 1, 1500289200),
(1277, 98, 2, 'обращение с твердыми коммунальными отходами (обращение с ТКО)', 1, 1500289200),
(1278, 98, 2, 'отведение сточных вод', 1, 1500289200),
(1279, 98, 2, 'плата за коммунальные услуги', 1, 1500289200),
(1280, 98, 2, 'твердое топливо (печное отопление)', 1, 1500289200),
(1281, 98, 2, 'теплоэнергия', 1, 1500289200),
(1282, 98, 2, 'холодная вода', 1, 1500289200),
(1283, 98, 2, 'электроэнергия', 1, 1500289200),
(1284, 99, 2, 'ателье', 1, 1500289200),
(1285, 99, 2, 'вывести грызунов', 1, 1500289200),
(1286, 99, 2, 'окрашивание текстильных и меховых изделий', 1, 1500289200),
(1287, 99, 2, 'прачечная', 1, 1500289200),
(1288, 99, 2, 'прокат одежды', 1, 1500289200),
(1289, 99, 2, 'ремонт бытовой техники', 1, 1500289200),
(1290, 99, 2, 'ремонт обуви', 1, 1500289200),
(1291, 99, 2, 'ремонт одежды', 1, 1500289200),
(1292, 99, 2, 'уборка жилья', 1, 1500289200),
(1293, 99, 2, 'уничтожение насекомых', 1, 1500289200),
(1294, 99, 2, 'уничтожение тараканов', 1, 1500289200),
(1295, 99, 2, 'химчистка', 1, 1500289200),
(1296, 99, 2, 'чистка обуви', 1, 1500289200),
(1297, 100, 2, 'визажист', 1, 1500289200),
(1298, 100, 2, 'генеалог', 1, 1500289200),
(1299, 100, 2, 'косметолог', 1, 1500289200),
(1300, 100, 2, 'маникюр', 1, 1500289200),
(1301, 100, 2, 'массажист', 1, 1500289200),
(1302, 100, 2, 'парикмахер', 1, 1500289200),
(1303, 100, 2, 'педикюр', 1, 1500289200),
(1304, 100, 2, 'сопровождение (эскорт)', 1, 1500289200),
(1305, 101, 2, 'автобус', 1, 1500289200),
(1306, 101, 2, 'доставка', 1, 1500289200),
(1307, 101, 2, 'маршрутка', 1, 1500289200),
(1308, 101, 2, 'метро', 1, 1500289200),
(1309, 101, 2, 'отвественность перевозчика', 1, 1500289200),
(1310, 101, 2, 'перевозка', 1, 1500289200),
(1311, 101, 2, 'поезд', 1, 1500289200),
(1312, 101, 2, 'самолет', 1, 1500289200),
(1313, 101, 2, 'такси', 1, 1500289200),
(1314, 101, 2, 'трамвай', 1, 1500289200),
(1315, 101, 2, 'троллебус', 1, 1500289200),
(1316, 101, 2, 'электричка', 1, 1500289200),
(1317, 102, 2, 'байкборд', 1, 1500289200),
(1318, 102, 2, 'беговел', 1, 1500289200),
(1319, 102, 2, 'ватрушка', 1, 1500289200),
(1320, 102, 2, 'велосипед', 1, 1500289200),
(1321, 102, 2, 'велоскейтборд', 1, 1500289200),
(1322, 102, 2, 'гидроскутер', 1, 1500289200),
(1323, 102, 2, 'джамперы', 1, 1500289200),
(1324, 102, 2, 'коньки', 1, 1500289200),
(1325, 102, 2, 'лонгборд', 1, 1500289200),
(1326, 102, 2, 'лыжи', 1, 1500289200),
(1327, 102, 2, 'моноколесо (моноцикл)', 1, 1500289200),
(1328, 102, 2, 'мотоскейт', 1, 1500289200),
(1329, 102, 2, 'роликовые коньки', 1, 1500289200),
(1330, 102, 2, 'роликовые лыжи', 1, 1500289200),
(1331, 102, 2, 'роллерсёрф', 1, 1500289200),
(1332, 102, 2, 'самокат', 1, 1500289200),
(1333, 102, 2, 'самокат трехколесный (трайк-самокат)', 1, 1500289200),
(1334, 102, 2, 'санки', 1, 1500289200),
(1335, 102, 2, 'сегвей', 1, 1500289200),
(1336, 102, 2, 'скейтборд', 1, 1500289200),
(1337, 102, 2, 'скутер одноколесный', 1, 1500289200),
(1338, 102, 2, 'снейкборд', 1, 1500289200),
(1339, 102, 2, 'спидборд', 1, 1500289200),
(1340, 102, 2, 'флоуборд', 1, 1500289200),
(1341, 102, 2, 'фэтбайк', 1, 1500289200),
(1342, 102, 2, 'электровелосипед', 1, 1500289200),
(1343, 102, 2, 'электросамокат', 1, 1500289200),
(1344, 103, 2, 'заправка', 1, 1500289200),
(1345, 103, 2, 'обслуживание', 1, 1500289200),
(1346, 103, 2, 'полис ОСАГО', 1, 1500289200),
(1347, 103, 2, 'ремонт', 1, 1500289200),
(1348, 103, 2, 'страховка КАСКО', 1, 1500289200),
(1349, 103, 2, 'страховка ОСАГО', 1, 1500289200),
(1350, 104, 2, 'подготовка к ГТО', 1, 1500289200),
(1351, 104, 2, 'физкультура адаптивная и лечебная', 1, 1500289200),
(1352, 104, 2, 'физкультура гигиеническая', 1, 1500289200),
(1353, 104, 2, 'физкультура профессионально-прикладная', 1, 1500289200),
(1354, 104, 2, 'физкультура рекреационная (оздоровительная)', 1, 1500289200),
(1355, 105, 2, 'венки цветы ленты', 1, 1500289200),
(1356, 105, 2, 'вынос умершего из дома', 1, 1500289200),
(1357, 105, 2, 'доставка гроба и других ритуальных принадлежностей', 1, 1500289200),
(1358, 105, 2, 'захоронение в колумбарий', 1, 1500289200),
(1359, 105, 2, 'захоронение в могилу', 1, 1500289200),
(1360, 105, 2, 'капсула для праха', 1, 1500289200),
(1361, 105, 2, 'копка могилы', 1, 1500289200),
(1362, 105, 2, 'кремация', 1, 1500289200),
(1363, 105, 2, 'крест', 1, 1500289200),
(1364, 105, 2, 'обустройство места  захоронения', 1, 1500289200),
(1365, 105, 2, 'ограда', 1, 1500289200),
(1366, 105, 2, 'организация похорон', 1, 1500289200),
(1367, 105, 2, 'оформление документов для погребения', 1, 1500289200),
(1368, 105, 2, 'памятник', 1, 1500289200),
(1369, 105, 2, 'перевозка тела умершего', 1, 1500289200),
(1370, 105, 2, 'погребальная одежда', 1, 1500289200),
(1371, 105, 2, 'погребальный обряд', 1, 1500289200),
(1372, 105, 2, 'подготовка тела к погребению', 1, 1500289200),
(1373, 105, 2, 'поминальная трапеза', 1, 1500289200),
(1374, 105, 2, 'развеивание праха', 1, 1500289200),
(1375, 105, 2, 'скамейка', 1, 1500289200),
(1376, 105, 2, 'траурная похоронная музыка', 1, 1500289200),
(1377, 105, 2, 'траурный транспорт услуги', 1, 1500289200),
(1378, 105, 2, 'урна', 1, 1500289200),
(1379, 105, 2, 'хранение тела умершего', 1, 1500289200),
(1380, 106, 2, 'интернет', 1, 1500289200),
(1381, 106, 2, 'почта', 1, 1500289200),
(1382, 106, 2, 'услуги курьерской связи', 1, 1500289200),
(1383, 106, 2, 'услуги связи мобильной', 1, 1500289200),
(1384, 106, 2, 'услуги связи фиксированной', 1, 1500289200),
(1385, 107, 2, 'глажка', 1, 1500289200),
(1386, 107, 2, 'мытье окон', 1, 1500289200),
(1387, 107, 2, 'приготовление пищи', 1, 1500289200),
(1388, 107, 2, 'стирка', 1, 1500289200),
(1389, 107, 2, 'уборка балкона', 1, 1500289200),
(1390, 107, 2, 'уборка балкона', 1, 1500289200),
(1391, 107, 2, 'уборка ванной', 1, 1500289200),
(1392, 107, 2, 'уборка гостиной', 1, 1500289200),
(1393, 107, 2, 'уборка детской', 1, 1500289200),
(1394, 107, 2, 'уборка дома', 1, 1500289200),
(1395, 107, 2, 'уборка комнаты', 1, 1500289200),
(1396, 107, 2, 'уборка кухни', 1, 1500289200),
(1397, 107, 2, 'уборка прихожей', 1, 1500289200),
(1398, 107, 2, 'уход за одеждой', 1, 1500289200),
(1399, 107, 2, 'уход обувью', 1, 1500289200),
(1400, 108, 2, 'бракованный товар', 1, 1500289200),
(1401, 108, 2, 'возврат гаджетов', 1, 1500289200),
(1402, 108, 2, 'возврат качественного товара', 1, 1500289200),
(1403, 108, 2, 'возврат некачественного товара', 1, 1500289200),
(1404, 108, 2, 'возврат одежды', 1, 1500289200),
(1405, 108, 2, 'жалоба', 1, 1500289200),
(1406, 108, 2, 'обмен одежды', 1, 1500289200),
(1407, 108, 2, 'обмен товара', 1, 1500289200),
(1408, 108, 2, 'претензия', 1, 1500289200),
(1409, 108, 2, 'экспертиза товара', 1, 1500289200),
(1410, 109, 2, 'артериальное давление', 1, 1500289200),
(1411, 109, 2, 'биоритмы', 1, 1500289200),
(1412, 109, 2, 'долголетие', 1, 1500289200),
(1413, 109, 2, 'закаливание', 1, 1500289200),
(1414, 109, 2, 'зарядка гимнастика утренняя', 1, 1500289200),
(1415, 109, 2, 'здоровый образ жизни ЗОЖ', 1, 1500289200),
(1416, 109, 2, 'здоровье генетическое', 1, 1500289200),
(1417, 109, 2, 'здоровье профессиональное', 1, 1500289200),
(1418, 109, 2, 'здоровье реабилитация', 1, 1500289200),
(1419, 109, 2, 'здоровье сексуальное', 1, 1500289200),
(1420, 109, 2, 'иммунитет', 1, 1500289200),
(1421, 109, 2, 'обеспечение медицинское', 1, 1500289200),
(1422, 109, 2, 'окружающая среда', 1, 1500289200),
(1423, 109, 2, 'похудение', 1, 1500289200),
(1424, 109, 2, 'привычки вредные', 1, 1500289200),
(1425, 109, 2, 'продолжительность жизни ', 1, 1500289200),
(1426, 109, 2, 'пульс', 1, 1500289200),
(1427, 109, 2, 'режим двигательный', 1, 1500289200),
(1428, 109, 2, 'режим жизни', 1, 1500289200),
(1429, 109, 2, 'режим питания', 1, 1500289200),
(1430, 109, 2, 'температура тела', 1, 1500289200),
(1431, 109, 2, 'уровень физического развития', 1, 1500289200),
(1432, 109, 2, 'частота дыхательных движений', 1, 1500289200),
(1433, 110, 2, 'диспозиции поддерживающие оптимизм', 1, 1500289200),
(1434, 110, 2, 'диспозиции поддерживающие пессимизм', 1, 1500289200),
(1435, 110, 2, 'паттерны поведенческие', 1, 1500289200),
(1436, 110, 2, 'паттерны эмоциональные', 1, 1500289200),
(1437, 110, 2, 'психические отклонения', 1, 1500289200),
(1438, 110, 2, 'расстройства нарушения когнитивные', 1, 1500289200),
(1439, 111, 2, 'питание больных', 1, 1500289200),
(1440, 111, 2, 'питание в гостях', 1, 1500289200),
(1441, 111, 2, 'питание в дороге', 1, 1500289200),
(1442, 111, 2, 'питание взрослых', 1, 1500289200),
(1443, 111, 2, 'питание детей', 1, 1500289200),
(1444, 111, 2, 'питание диетическое', 1, 1500289200),
(1445, 111, 2, 'питание домашнее', 1, 1500289200),
(1446, 111, 2, 'питание за границей', 1, 1500289200),
(1447, 111, 2, 'питание здоровое', 1, 1500289200),
(1448, 111, 2, 'питание младенцев', 1, 1500289200),
(1449, 111, 2, 'питание на отдыхе', 1, 1500289200),
(1450, 111, 2, 'питание на работе', 1, 1500289200),
(1451, 111, 2, 'питание подростков', 1, 1500289200),
(1452, 111, 2, 'питание пожилых', 1, 1500289200),
(1453, 111, 2, 'питание рациональное', 1, 1500289200),
(1454, 111, 2, 'питание спотривное', 1, 1500289200),
(1455, 111, 2, 'питание у родственников', 1, 1500289200),
(1456, 112, 2, 'сон бифазный', 1, 1500289200),
(1457, 112, 2, 'сон больных', 1, 1500289200),
(1458, 112, 2, 'сон быстрый', 1, 1500289200),
(1459, 112, 2, 'сон в автобусе', 1, 1500289200),
(1460, 112, 2, 'сон в больнице', 1, 1500289200),
(1461, 112, 2, 'сон в гостинице', 1, 1500289200),
(1462, 112, 2, 'сон в гостях', 1, 1500289200),
(1463, 112, 2, 'сон в детском саду', 1, 1500289200),
(1464, 112, 2, 'сон в доме отдыха', 1, 1500289200),
(1465, 112, 2, 'сон в командировке', 1, 1500289200),
(1466, 112, 2, 'сон в маршрутке', 1, 1500289200),
(1467, 112, 2, 'сон в машине', 1, 1500289200),
(1468, 112, 2, 'сон в поезде', 1, 1500289200),
(1469, 112, 2, 'сон в пути', 1, 1500289200),
(1470, 112, 2, 'сон в самолете', 1, 1500289200),
(1471, 112, 2, 'сон в санатории', 1, 1500289200),
(1472, 112, 2, 'сон взрослых', 1, 1500289200),
(1473, 112, 2, 'сон детей', 1, 1500289200),
(1474, 112, 2, 'сон дома', 1, 1500289200),
(1475, 112, 2, 'сон здоровый', 1, 1500289200),
(1476, 112, 2, 'сон избыток', 1, 1500289200),
(1477, 112, 2, 'сон младенцев', 1, 1500289200),
(1478, 112, 2, 'сон монофазный', 1, 1500289200),
(1479, 112, 2, 'сон на пляже', 1, 1500289200),
(1480, 112, 2, 'сон на природе', 1, 1500289200),
(1481, 112, 2, 'сон на работе', 1, 1500289200),
(1482, 112, 2, 'сон нарушения', 1, 1500289200),
(1483, 112, 2, 'сон недостаток дефицит', 1, 1500289200),
(1484, 112, 2, 'сон подростков', 1, 1500289200),
(1485, 112, 2, 'сон пожилых', 1, 1500289200),
(1486, 112, 2, 'сон полифазный', 1, 1500289200),
(1487, 112, 2, 'сон режим', 1, 1500289200),
(1488, 113, 2, 'отдых активный', 1, 1500289200),
(1489, 113, 2, 'отдых в бане сауне', 1, 1500289200),
(1490, 113, 2, 'отдых в горах', 1, 1500289200),
(1491, 113, 2, 'отдых в городе', 1, 1500289200),
(1492, 113, 2, 'отдых в деревне', 1, 1500289200),
(1493, 113, 2, 'отдых в доме отдыха, отдых в санатории,', 1, 1500289200),
(1494, 113, 2, 'отдых в лесу', 1, 1500289200),
(1495, 113, 2, 'отдых в праздники', 1, 1500289200),
(1496, 113, 2, 'отдых в стране', 1, 1500289200),
(1497, 113, 2, 'отдых весной', 1, 1500289200),
(1498, 113, 2, 'отдых вечером', 1, 1500289200),
(1499, 113, 2, 'отдых взрослых', 1, 1500289200),
(1500, 113, 2, 'отдых горнолыжный', 1, 1500289200),
(1501, 113, 2, 'отдых деловой', 1, 1500289200),
(1502, 113, 2, 'отдых детей', 1, 1500289200),
(1503, 113, 2, 'отдых днем', 1, 1500289200),
(1504, 113, 2, 'отдых дома', 1, 1500289200),
(1505, 113, 2, 'отдых за городом', 1, 1500289200),
(1506, 113, 2, 'отдых за границей', 1, 1500289200),
(1507, 113, 2, 'отдых зимний', 1, 1500289200),
(1508, 113, 2, 'отдых интеллектуальный', 1, 1500289200),
(1509, 113, 2, 'отдых летний', 1, 1500289200),
(1510, 113, 2, 'отдых лечебный', 1, 1500289200),
(1511, 113, 2, 'отдых младенцев', 1, 1500289200),
(1512, 113, 2, 'отдых на  даче', 1, 1500289200),
(1513, 113, 2, 'отдых на море', 1, 1500289200),
(1514, 113, 2, 'отдых на огороде', 1, 1500289200),
(1515, 113, 2, 'отдых на озере', 1, 1500289200),
(1516, 113, 2, 'отдых на реке', 1, 1500289200),
(1517, 113, 2, 'отдых одиночный', 1, 1500289200),
(1518, 113, 2, 'отдых осенью', 1, 1500289200),
(1519, 113, 2, 'отдых пассивный', 1, 1500289200),
(1520, 113, 2, 'отдых пляжный', 1, 1500289200),
(1521, 113, 2, 'отдых подростков', 1, 1500289200),
(1522, 113, 2, 'отдых пожилых', 1, 1500289200),
(1523, 113, 2, 'отдых рекреационный оздоровительный', 1, 1500289200),
(1524, 113, 2, 'отдых с детьми', 1, 1500289200),
(1525, 113, 2, 'отдых с другом', 1, 1500289200),
(1526, 113, 2, 'отдых с друзьями', 1, 1500289200),
(1527, 113, 2, 'отдых с обучением', 1, 1500289200),
(1528, 113, 2, 'отдых с семьей', 1, 1500289200),
(1529, 113, 2, 'отдых с сотрудниками', 1, 1500289200),
(1530, 113, 2, 'отдых с супругом партнером', 1, 1500289200),
(1531, 113, 2, 'отдых светский', 1, 1500289200),
(1532, 113, 2, 'отдых фестивальный', 1, 1500289200),
(1533, 113, 2, 'отдых экскурсионный', 1, 1500289200),
(1534, 113, 2, 'отдых экстремальный', 1, 1500289200),
(1535, 113, 2, 'отпуск отдых подготовка', 1, 1500289200),
(1536, 113, 2, 'отпуск сборы', 1, 1500289200),
(1537, 114, 2, 'безопасность в горах', 1, 1500289200),
(1538, 114, 2, 'безопасность в гостинице', 1, 1500289200),
(1539, 114, 2, 'безопасность в гостях', 1, 1500289200),
(1540, 114, 2, 'безопасность в жару', 1, 1500289200),
(1541, 114, 2, 'безопасность в лесу', 1, 1500289200),
(1542, 114, 2, 'безопасность в пути', 1, 1500289200),
(1543, 114, 2, 'безопасность в самолете', 1, 1500289200),
(1544, 114, 2, 'безопасность в семье', 1, 1500289200),
(1545, 114, 2, 'безопасность в холод', 1, 1500289200),
(1546, 114, 2, 'безопасность в экстремальных условиях', 1, 1500289200),
(1547, 114, 2, 'безопасность во время природных катастроф', 1, 1500289200),
(1548, 114, 2, 'безопасность детей', 1, 1500289200),
(1549, 114, 2, 'безопасность дома', 1, 1500289200),
(1550, 114, 2, 'безопасность друзей', 1, 1500289200),
(1551, 114, 2, 'безопасность информационная', 1, 1500289200),
(1552, 114, 2, 'безопасность компьютерная', 1, 1500289200),
(1553, 114, 2, 'безопасность на море', 1, 1500289200),
(1554, 114, 2, 'безопасность на озере', 1, 1500289200),
(1555, 114, 2, 'безопасность на отдыхе', 1, 1500289200),
(1556, 114, 2, 'безопасность на работе', 1, 1500289200),
(1557, 114, 2, 'безопасность на реке', 1, 1500289200),
(1558, 114, 2, 'безопасность родителей', 1, 1500289200),
(1559, 114, 2, 'безопасность родных', 1, 1500289200),
(1560, 114, 2, 'безопасность семьи', 1, 1500289200),
(1561, 114, 2, 'безопасность супруга партнера', 1, 1500289200),
(1562, 114, 2, 'безопасность физическая', 1, 1500289200),
(1563, 115, 2, 'адаптивная и лечебная физкультура', 1, 1500289200),
(1564, 115, 2, 'аэробика', 1, 1500289200),
(1565, 115, 2, 'аэробика аква-', 1, 1500289200),
(1566, 115, 2, 'подготовка к ГТО', 1, 1500289200),
(1567, 115, 2, 'профессионально-прикладная физкультура', 1, 1500289200),
(1568, 115, 2, 'рекреационная физкультура', 1, 1500289200),
(1569, 115, 2, 'стрейчинг', 1, 1500289200),
(1570, 115, 2, 'тренировки кардио', 1, 1500289200),
(1571, 115, 2, 'тренировки силовые', 1, 1500289200),
(1572, 115, 2, 'физкультура гигиеническая', 1, 1500289200),
(1573, 115, 2, 'фитнес', 1, 1500289200),
(1574, 116, 2, 'X гонки', 1, 1500289200),
(1575, 116, 2, 'автогонки', 1, 1500289200),
(1576, 116, 2, 'альпинизм', 1, 1500289200),
(1577, 116, 2, 'боевые искусства', 1, 1500289200),
(1578, 116, 2, 'вейкбординг', 1, 1500289200),
(1579, 116, 2, 'виндсерфинг', 1, 1500289200),
(1580, 116, 2, 'водные лыжи', 1, 1500289200),
(1581, 116, 2, 'горные лыжи', 1, 1500289200),
(1582, 116, 2, 'горный туризм', 1, 1500289200),
(1583, 116, 2, 'гребной слалом', 1, 1500289200),
(1584, 116, 2, 'дайвинг', 1, 1500289200),
(1585, 116, 2, 'дельтапланеризм', 1, 1500289200),
(1586, 116, 2, 'кайтсёрфинг/кайтбординг/кайтинг', 1, 1500289200),
(1587, 116, 2, 'ледолазание/драйтулинг', 1, 1500289200),
(1588, 116, 2, 'маунтин-байк', 1, 1500289200),
(1589, 116, 2, 'парапланеризм', 1, 1500289200),
(1590, 116, 2, 'парашютизм', 1, 1500289200),
(1591, 116, 2, 'рафтинг', 1, 1500289200),
(1592, 116, 2, 'родео', 1, 1500289200),
(1593, 116, 2, 'скейтбординг', 1, 1500289200),
(1594, 116, 2, 'слэклайн', 1, 1500289200),
(1595, 116, 2, 'сноубординг', 1, 1500289200),
(1596, 116, 2, 'спорт командный', 1, 1500289200),
(1597, 116, 2, 'спорт любительский', 1, 1500289200),
(1598, 116, 2, 'спорт профессиональный', 1, 1500289200),
(1599, 117, 2, 'самоорганизация отдыха', 1, 1500289200),
(1600, 117, 2, 'самоорганизация работы', 1, 1500289200),
(1601, 117, 2, 'самоорганизация система', 1, 1500289200),
(1602, 117, 2, 'самоорганизация тренинги', 1, 1500289200),
(1603, 117, 2, 'таймменеджмент', 1, 1500289200),
(1604, 118, 2, 'ванна принятие', 1, 1500289200),
(1605, 118, 2, 'вещи содержание в чистоте', 1, 1500289200),
(1606, 118, 2, 'гигиена интимная', 1, 1500289200),
(1607, 118, 2, 'голова мытье', 1, 1500289200),
(1608, 118, 2, 'горшок навык пользования', 1, 1500289200),
(1609, 118, 2, 'душ гигиенический', 1, 1500289200),
(1610, 118, 2, 'еда навыки', 1, 1500289200),
(1611, 118, 2, 'зубы чистка', 1, 1500289200),
(1612, 118, 2, 'лицо умывание', 1, 1500289200),
(1613, 118, 2, 'мытье с мылом и мочалкой', 1, 1500289200),
(1614, 118, 2, 'навыки культурно-гигиенические взрослых', 1, 1500289200),
(1615, 118, 2, 'навыки культурно-гигиенические детей', 1, 1500289200),
(1616, 118, 2, 'ноги мытье', 1, 1500289200),
(1617, 118, 2, 'ногти стрижка уход', 1, 1500289200),
(1618, 118, 2, 'носовой платок навык пользования', 1, 1500289200),
(1619, 118, 2, 'одевание навык', 1, 1500289200),
(1620, 118, 2, 'помещение соблюдение порядка', 1, 1500289200),
(1621, 118, 2, 'причесывание', 1, 1500289200),
(1622, 118, 2, 'раздевание навык', 1, 1500289200),
(1623, 118, 2, 'руки мытье', 1, 1500289200),
(1624, 118, 2, 'туалет навык пользования', 1, 1500289200),
(1625, 119, 2, 'многозадачность', 1, 1500289200),
(1626, 119, 2, 'скорочтение', 1, 1500289200),
(1627, 119, 2, 'слепая печать', 1, 1500289200),
(1628, 119, 2, 'умение вести блог', 1, 1500289200),
(1629, 119, 2, 'умение добиваться цели', 1, 1500289200),
(1630, 119, 2, 'умение писать', 1, 1500289200),
(1631, 119, 2, 'умение располагать людей', 1, 1500289200),
(1632, 119, 2, 'умение слушать', 1, 1500289200),
(1633, 119, 2, 'умение ставить приоритеты', 1, 1500289200),
(1634, 119, 2, 'умение ставить цели', 1, 1500289200),
(1635, 119, 2, 'умение считать в уме', 1, 1500289200),
(1636, 119, 2, 'умение танцевать', 1, 1500289200),
(1637, 119, 2, 'умение шутить', 1, 1500289200),
(1638, 120, 2, 'акоголизм', 1, 1500289200),
(1639, 120, 2, 'анорексия', 1, 1500289200),
(1640, 120, 2, 'булимия', 1, 1500289200),
(1641, 120, 2, 'воровство клептомания', 1, 1500289200),
(1642, 120, 2, 'интернет-зависимость', 1, 1500289200),
(1643, 120, 2, 'курение', 1, 1500289200),
(1644, 120, 2, 'наркомания', 1, 1500289200),
(1645, 120, 2, 'переедание', 1, 1500289200);
INSERT INTO `categories` (`id`, `parent_id`, `level`, `name`, `status`, `time_update`) VALUES
(1646, 120, 2, 'перфекционизм', 1, 1500289200),
(1647, 120, 2, 'привычка болтать', 1, 1500289200),
(1648, 120, 2, 'привычка вести здоровый образ жизни ЗОЖ', 1, 1500289200),
(1649, 120, 2, 'привычка видеть во всем плохое', 1, 1500289200),
(1650, 120, 2, 'привычка видеть во всем хорошее', 1, 1500289200),
(1651, 120, 2, 'привычка врать лгать', 1, 1500289200),
(1652, 120, 2, 'привычка все делать в последнюю минуту', 1, 1500289200),
(1653, 120, 2, 'привычка все делать вовремя', 1, 1500289200),
(1654, 120, 2, 'привычка грызть ногти', 1, 1500289200),
(1655, 120, 2, 'привычка делать зарядку', 1, 1500289200),
(1656, 120, 2, 'привычка держать осанку', 1, 1500289200),
(1657, 120, 2, 'привычка есть вечером', 1, 1500289200),
(1658, 120, 2, 'привычка есть вредную еду', 1, 1500289200),
(1659, 120, 2, 'привычка есть ночью', 1, 1500289200),
(1660, 120, 2, 'привычка жаловаться', 1, 1500289200),
(1661, 120, 2, 'привычка заедать стресс', 1, 1500289200),
(1662, 120, 2, 'привычка засыпать и просыпаться в одно и то же время', 1, 1500289200),
(1663, 120, 2, 'привычка критиковать', 1, 1500289200),
(1664, 120, 2, 'привычка не слушать собеседника', 1, 1500289200),
(1665, 120, 2, 'привычка невнимательность к другим', 1, 1500289200),
(1666, 120, 2, 'привычка обижаться', 1, 1500289200),
(1667, 120, 2, 'привычка опаздывать', 1, 1500289200),
(1668, 120, 2, 'привычка оправдываться', 1, 1500289200),
(1669, 120, 2, 'привычка отказ искоренение', 1, 1500289200),
(1670, 120, 2, 'привычка откладывать дела', 1, 1500289200),
(1671, 120, 2, 'привычка перебивать', 1, 1500289200),
(1672, 120, 2, 'привычка пить воду', 1, 1500289200),
(1673, 120, 2, 'привычка пить кофе', 1, 1500289200),
(1674, 120, 2, 'привычка поздно ложиться спать', 1, 1500289200),
(1675, 120, 2, 'привычка правильно питаться', 1, 1500289200),
(1676, 120, 2, 'привычка просыпаться поздно', 1, 1500289200),
(1677, 120, 2, 'привычка просыпаться рано', 1, 1500289200),
(1678, 120, 2, 'привычка слушать музыку', 1, 1500289200),
(1679, 120, 2, 'привычка смотреть телевизор', 1, 1500289200),
(1680, 120, 2, 'привычка сплетничать', 1, 1500289200),
(1681, 120, 2, 'привычка сутулиться', 1, 1500289200),
(1682, 120, 2, 'привычка улыбаться', 1, 1500289200),
(1683, 120, 2, 'привычка учиться', 1, 1500289200),
(1684, 120, 2, 'привычка учиться', 1, 1500289200),
(1685, 120, 2, 'привычка формирование', 1, 1500289200),
(1686, 120, 2, 'привычка хорошо одеваться', 1, 1500289200),
(1687, 120, 2, 'привычка читать', 1, 1500289200),
(1688, 120, 2, 'привычка шутить', 1, 1500289200),
(1689, 120, 2, 'привычки взрослых', 1, 1500289200),
(1690, 120, 2, 'привычки вредные', 1, 1500289200),
(1691, 120, 2, 'привычки детей', 1, 1500289200),
(1692, 120, 2, 'привычки подростков', 1, 1500289200),
(1693, 120, 2, 'привычки полезные', 1, 1500289200),
(1694, 120, 2, 'пунктуальность', 1, 1500289200),
(1695, 120, 2, 'самолечение', 1, 1500289200),
(1696, 120, 2, 'шопоголизм', 1, 1500289200),
(1697, 121, 2, 'общение  с супругом партнером', 1, 1500289200),
(1698, 121, 2, 'общение в интернете', 1, 1500289200),
(1699, 121, 2, 'общение дома с семьей', 1, 1500289200),
(1700, 121, 2, 'общение личное', 1, 1500289200),
(1701, 121, 2, 'общение на работе с сослуживцами', 1, 1500289200),
(1702, 121, 2, 'общение по телефону', 1, 1500289200),
(1703, 121, 2, 'общение с близкими', 1, 1500289200),
(1704, 121, 2, 'общение с детьми', 1, 1500289200),
(1705, 121, 2, 'общение с друзьями', 1, 1500289200),
(1706, 121, 2, 'общение с незнакомыми людьми', 1, 1500289200),
(1707, 121, 2, 'общение с родственниками', 1, 1500289200),
(1708, 121, 2, 'обющение с соседями', 1, 1500289200),
(1709, 122, 2, 'автопрогулка', 1, 1500289200),
(1710, 122, 2, 'аква-парк', 1, 1500289200),
(1711, 122, 2, 'аттракционы', 1, 1500289200),
(1712, 122, 2, 'аэротруба', 1, 1500289200),
(1713, 122, 2, 'бар', 1, 1500289200),
(1714, 122, 2, 'бар диско-', 1, 1500289200),
(1715, 122, 2, 'бильярд', 1, 1500289200),
(1716, 122, 2, 'ботанический сад ', 1, 1500289200),
(1717, 122, 2, 'боулинг', 1, 1500289200),
(1718, 122, 2, 'буккроссинг чтение', 1, 1500289200),
(1719, 122, 2, 'велопрогулка', 1, 1500289200),
(1720, 122, 2, 'выставки', 1, 1500289200),
(1721, 122, 2, 'дендрарий', 1, 1500289200),
(1722, 122, 2, 'дискотека', 1, 1500289200),
(1723, 122, 2, 'зоопарк', 1, 1500289200),
(1724, 122, 2, 'игровой зал', 1, 1500289200),
(1725, 122, 2, 'игры командные', 1, 1500289200),
(1726, 122, 2, 'игры компьютерные', 1, 1500289200),
(1727, 122, 2, 'игры компьютерные', 1, 1500289200),
(1728, 122, 2, 'игры на воде', 1, 1500289200),
(1729, 122, 2, 'игры настольные', 1, 1500289200),
(1730, 122, 2, 'игры спортивные', 1, 1500289200),
(1731, 122, 2, 'казино', 1, 1500289200),
(1732, 122, 2, 'кальян', 1, 1500289200),
(1733, 122, 2, 'караоке', 1, 1500289200),
(1734, 122, 2, 'карнавал', 1, 1500289200),
(1735, 122, 2, 'картинг', 1, 1500289200),
(1736, 122, 2, 'карты', 1, 1500289200),
(1737, 122, 2, 'катание на ватрушках', 1, 1500289200),
(1738, 122, 2, 'катание на вертолете', 1, 1500289200),
(1739, 122, 2, 'катание на лыжах', 1, 1500289200),
(1740, 122, 2, 'катание на роликах', 1, 1500289200),
(1741, 122, 2, 'катание на снегоходах', 1, 1500289200),
(1742, 122, 2, 'катание на теплоходе', 1, 1500289200),
(1743, 122, 2, 'каток', 1, 1500289200),
(1744, 122, 2, 'кафе', 1, 1500289200),
(1745, 122, 2, 'кафе анти-', 1, 1500289200),
(1746, 122, 2, 'кафе интернет-', 1, 1500289200),
(1747, 122, 2, 'кафе кото-', 1, 1500289200),
(1748, 122, 2, 'квесты', 1, 1500289200),
(1749, 122, 2, 'кинотеатр', 1, 1500289200),
(1750, 122, 2, 'кинотеатр домашний', 1, 1500289200),
(1751, 122, 2, 'клуб', 1, 1500289200),
(1752, 122, 2, 'клуб интернет', 1, 1500289200),
(1753, 122, 2, 'клуб ночной', 1, 1500289200),
(1754, 122, 2, 'клуб танцевальный', 1, 1500289200),
(1755, 122, 2, 'конная', 1, 1500289200),
(1756, 122, 2, 'концерт', 1, 1500289200),
(1757, 122, 2, 'костер на природе', 1, 1500289200),
(1758, 122, 2, 'кроссворды сканворды ребусы', 1, 1500289200),
(1759, 122, 2, 'купание', 1, 1500289200),
(1760, 122, 2, 'купание', 1, 1500289200),
(1761, 122, 2, 'луна-парк', 1, 1500289200),
(1762, 122, 2, 'модели', 1, 1500289200),
(1763, 122, 2, 'музеи и выставки', 1, 1500289200),
(1764, 122, 2, 'океанариум', 1, 1500289200),
(1765, 122, 2, 'пазлы', 1, 1500289200),
(1766, 122, 2, 'парк развлечений ', 1, 1500289200),
(1767, 122, 2, 'пейнтбол', 1, 1500289200),
(1768, 122, 2, 'планетарий', 1, 1500289200),
(1769, 122, 2, 'прогулка пешая', 1, 1500289200),
(1770, 122, 2, 'прятки', 1, 1500289200),
(1771, 122, 2, 'развлечения весной', 1, 1500289200),
(1772, 122, 2, 'развлечения вне дома', 1, 1500289200),
(1773, 122, 2, 'развлечения гастрономические', 1, 1500289200),
(1774, 122, 2, 'развлечения дома', 1, 1500289200),
(1775, 122, 2, 'развлечения зимой', 1, 1500289200),
(1776, 122, 2, 'развлечения летом', 1, 1500289200),
(1777, 122, 2, 'развлечения осенью', 1, 1500289200),
(1778, 122, 2, 'развлечения с детьми', 1, 1500289200),
(1779, 122, 2, 'развлечения с друзьями', 1, 1500289200),
(1780, 122, 2, 'развлечения с семьей', 1, 1500289200),
(1781, 122, 2, 'развлечения с сослуживцами', 1, 1500289200),
(1782, 122, 2, 'развлечения экстремальные', 1, 1500289200),
(1783, 122, 2, 'сауна и баня', 1, 1500289200),
(1784, 122, 2, 'скачки', 1, 1500289200),
(1785, 122, 2, 'спа-салон', 1, 1500289200),
(1786, 122, 2, 'стрельба', 1, 1500289200),
(1787, 122, 2, 'театр', 1, 1500289200),
(1788, 122, 2, 'телевизор', 1, 1500289200),
(1789, 122, 2, 'тимбилдинг', 1, 1500289200),
(1790, 122, 2, 'тусовка', 1, 1500289200),
(1791, 122, 2, 'фестиваль', 1, 1500289200),
(1792, 122, 2, 'цирк', 1, 1500289200),
(1793, 122, 2, 'шашлык', 1, 1500289200),
(1794, 122, 2, 'шопинг', 1, 1500289200),
(1795, 122, 2, 'шоу', 1, 1500289200),
(1796, 122, 2, 'ярмарки', 1, 1500289200),
(1797, 123, 2, 'блог ведение', 1, 1500289200),
(1798, 123, 2, 'геокешинг', 1, 1500289200),
(1799, 123, 2, 'живопись', 1, 1500289200),
(1800, 123, 2, 'игра в любительском театре', 1, 1500289200),
(1801, 123, 2, 'игра на музыкальном инструменте', 1, 1500289200),
(1802, 123, 2, 'историческая реконструкция', 1, 1500289200),
(1803, 123, 2, 'караоке', 1, 1500289200),
(1804, 123, 2, 'карты', 1, 1500289200),
(1805, 123, 2, 'коллекционирование', 1, 1500289200),
(1806, 123, 2, 'кулинария', 1, 1500289200),
(1807, 123, 2, 'медитация', 1, 1500289200),
(1808, 123, 2, 'моделизм', 1, 1500289200),
(1809, 123, 2, 'наблюдение за птицами', 1, 1500289200),
(1810, 123, 2, 'охота', 1, 1500289200),
(1811, 123, 2, 'пейнтбол', 1, 1500289200),
(1812, 123, 2, 'пение', 1, 1500289200),
(1813, 123, 2, 'ролевые игры', 1, 1500289200),
(1814, 123, 2, 'рукоделие', 1, 1500289200),
(1815, 123, 2, 'рыбалка', 1, 1500289200),
(1816, 123, 2, 'садоводство', 1, 1500289200),
(1817, 123, 2, 'садоводство', 1, 1500289200),
(1818, 123, 2, 'собирание пазлов', 1, 1500289200),
(1819, 123, 2, 'страйкбол', 1, 1500289200),
(1820, 123, 2, 'танцы', 1, 1500289200),
(1821, 123, 2, 'туризм', 1, 1500289200),
(1822, 123, 2, 'фотография', 1, 1500289200),
(1823, 123, 2, 'цветоводство', 1, 1500289200),
(1824, 123, 2, 'чтение', 1, 1500289200),
(1825, 123, 2, 'шахматы', 1, 1500289200),
(1826, 123, 2, 'шашки', 1, 1500289200),
(1827, 123, 2, 'языки изучение', 1, 1500289200),
(1828, 124, 2, 'автобус', 1, 1500289200),
(1829, 124, 2, 'автостоп', 1, 1500289200),
(1830, 124, 2, 'аппартаменты', 1, 1500289200),
(1831, 124, 2, 'аэропорт', 1, 1500289200),
(1832, 124, 2, 'багаж', 1, 1500289200),
(1833, 124, 2, 'билеты возврат', 1, 1500289200),
(1834, 124, 2, 'билеты заказ бронирование', 1, 1500289200),
(1835, 124, 2, 'виза', 1, 1500289200),
(1836, 124, 2, 'виза шенген', 1, 1500289200),
(1837, 124, 2, 'вилла', 1, 1500289200),
(1838, 124, 2, 'гостиница заказ бронирование', 1, 1500289200),
(1839, 124, 2, 'гостиница отказ от бронирования', 1, 1500289200),
(1840, 124, 2, 'караванинг', 1, 1500289200),
(1841, 124, 2, 'машина', 1, 1500289200),
(1842, 124, 2, 'машина заказ бронирование аренда', 1, 1500289200),
(1843, 124, 2, 'паломничество', 1, 1500289200),
(1844, 124, 2, 'переводчик', 1, 1500289200),
(1845, 124, 2, 'поезд', 1, 1500289200),
(1846, 124, 2, 'путевка возврат', 1, 1500289200),
(1847, 124, 2, 'путевка горящая', 1, 1500289200),
(1848, 124, 2, 'путевка покупка', 1, 1500289200),
(1849, 124, 2, 'путешествия авто', 1, 1500289200),
(1850, 124, 2, 'путешествия вело', 1, 1500289200),
(1851, 124, 2, 'путешествия конные', 1, 1500289200),
(1852, 124, 2, 'путешествия мото', 1, 1500289200),
(1853, 124, 2, 'путешествия пешеходные', 1, 1500289200),
(1854, 124, 2, 'ручная кладь', 1, 1500289200),
(1855, 124, 2, 'самолет', 1, 1500289200),
(1856, 124, 2, 'сафари', 1, 1500289200),
(1857, 124, 2, 'туризм благотворительный', 1, 1500289200),
(1858, 124, 2, 'туризм бэкпэкер', 1, 1500289200),
(1859, 124, 2, 'туризм гастрономический', 1, 1500289200),
(1860, 124, 2, 'туризм горный', 1, 1500289200),
(1861, 124, 2, 'туризм групповой', 1, 1500289200),
(1862, 124, 2, 'туризм дарк', 1, 1500289200),
(1863, 124, 2, 'туризм деловой', 1, 1500289200),
(1864, 124, 2, 'туризм джайлоо', 1, 1500289200),
(1865, 124, 2, 'туризм индивидуальный', 1, 1500289200),
(1866, 124, 2, 'туризм индустриальный', 1, 1500289200),
(1867, 124, 2, 'туризм кино', 1, 1500289200),
(1868, 124, 2, 'туризм космический', 1, 1500289200),
(1869, 124, 2, 'туризм круизный', 1, 1500289200),
(1870, 124, 2, 'туризм медицинский', 1, 1500289200),
(1871, 124, 2, 'туризм образовательный', 1, 1500289200),
(1872, 124, 2, 'туризм оздоровительный', 1, 1500289200),
(1873, 124, 2, 'туризм рекреационный', 1, 1500289200),
(1874, 124, 2, 'туризм с целью родов', 1, 1500289200),
(1875, 124, 2, 'туризм сельский', 1, 1500289200),
(1876, 124, 2, 'туризм событийный', 1, 1500289200),
(1877, 124, 2, 'туризм спелео', 1, 1500289200),
(1878, 124, 2, 'туризм фото', 1, 1500289200),
(1879, 124, 2, 'туризм шопинг', 1, 1500289200),
(1880, 124, 2, 'туризм экологический', 1, 1500289200),
(1881, 124, 2, 'туризм экскурсионный', 1, 1500289200),
(1882, 124, 2, 'хостел', 1, 1500289200),
(1883, 124, 2, 'чаевые', 1, 1500289200),
(1884, 124, 2, 'чемодан', 1, 1500289200),
(1885, 124, 2, 'экскурсии', 1, 1500289200),
(1886, 125, 2, 'этикет деловой', 1, 1500289200),
(1887, 125, 2, 'этикет рабочий', 1, 1500289200),
(1888, 125, 2, 'этикет религиозный', 1, 1500289200),
(1889, 125, 2, 'этикет ресторанный', 1, 1500289200),
(1890, 125, 2, 'этикет светский', 1, 1500289200),
(1891, 125, 2, 'этикет семейный', 1, 1500289200),
(1892, 126, 2, 'аренда', 1, 1500289200),
(1893, 126, 2, 'выигрыш', 1, 1500289200),
(1894, 126, 2, 'дарение', 1, 1500289200),
(1895, 126, 2, 'залог', 1, 1500289200),
(1896, 126, 2, 'конфинскация', 1, 1500289200),
(1897, 126, 2, 'найм', 1, 1500289200),
(1898, 126, 2, 'наследство', 1, 1500289200),
(1899, 126, 2, 'находка', 1, 1500289200),
(1900, 126, 2, 'оформление прав и документов', 1, 1500289200),
(1901, 126, 2, 'планирование', 1, 1500289200),
(1902, 126, 2, 'подарок', 1, 1500289200),
(1903, 126, 2, 'покупка', 1, 1500289200),
(1904, 126, 2, 'пользование', 1, 1500289200),
(1905, 126, 2, 'потеря', 1, 1500289200),
(1906, 126, 2, 'продажа', 1, 1500289200),
(1907, 126, 2, 'ремонт', 1, 1500289200),
(1908, 126, 2, 'сдача в аренду', 1, 1500289200),
(1909, 126, 2, 'страхование', 1, 1500289200),
(1910, 126, 2, 'строительство', 1, 1500289200),
(1911, 126, 2, 'утрата криминальная', 1, 1500289200),
(1912, 126, 2, 'утрата по судебному решению', 1, 1500289200),
(1913, 127, 2, 'аренда', 1, 1500289200),
(1914, 127, 2, 'выигрыш', 1, 1500289200),
(1915, 127, 2, 'дарение', 1, 1500289200),
(1916, 127, 2, 'залог', 1, 1500289200),
(1917, 127, 2, 'конфинскация', 1, 1500289200),
(1918, 127, 2, 'найм', 1, 1500289200),
(1919, 127, 2, 'наследство', 1, 1500289200),
(1920, 127, 2, 'находка', 1, 1500289200),
(1921, 127, 2, 'оформление прав и документов', 1, 1500289200),
(1922, 127, 2, 'планирование', 1, 1500289200),
(1923, 127, 2, 'подарок', 1, 1500289200),
(1924, 127, 2, 'покупка', 1, 1500289200),
(1925, 127, 2, 'пользование', 1, 1500289200),
(1926, 127, 2, 'потеря', 1, 1500289200),
(1927, 127, 2, 'продажа', 1, 1500289200),
(1928, 127, 2, 'ремонт', 1, 1500289200),
(1929, 127, 2, 'сдача в аренду', 1, 1500289200),
(1930, 127, 2, 'страхование', 1, 1500289200),
(1931, 127, 2, 'строительство', 1, 1500289200),
(1932, 127, 2, 'утрата криминальная', 1, 1500289200),
(1933, 127, 2, 'утрата по судебному решению', 1, 1500289200),
(1934, 128, 2, 'аренда', 1, 1500289200),
(1935, 128, 2, 'выигрыш', 1, 1500289200),
(1936, 128, 2, 'дарение', 1, 1500289200),
(1937, 128, 2, 'залог', 1, 1500289200),
(1938, 128, 2, 'конфинскация', 1, 1500289200),
(1939, 128, 2, 'найм', 1, 1500289200),
(1940, 128, 2, 'наследство', 1, 1500289200),
(1941, 128, 2, 'находка', 1, 1500289200),
(1942, 128, 2, 'оформление прав и документов', 1, 1500289200),
(1943, 128, 2, 'планирование', 1, 1500289200),
(1944, 128, 2, 'подарок', 1, 1500289200),
(1945, 128, 2, 'покупка', 1, 1500289200),
(1946, 128, 2, 'пользование', 1, 1500289200),
(1947, 128, 2, 'потеря', 1, 1500289200),
(1948, 128, 2, 'продажа', 1, 1500289200),
(1949, 128, 2, 'ремонт', 1, 1500289200),
(1950, 128, 2, 'сдача в аренду', 1, 1500289200),
(1951, 128, 2, 'страхование', 1, 1500289200),
(1952, 128, 2, 'строительство', 1, 1500289200),
(1953, 128, 2, 'утрата криминальная', 1, 1500289200),
(1954, 128, 2, 'утрата по судебному решению', 1, 1500289200),
(1955, 129, 2, 'аренда', 1, 1500289200),
(1956, 129, 2, 'выигрыш', 1, 1500289200),
(1957, 129, 2, 'дарение', 1, 1500289200),
(1958, 129, 2, 'залог', 1, 1500289200),
(1959, 129, 2, 'конфинскация', 1, 1500289200),
(1960, 129, 2, 'найм', 1, 1500289200),
(1961, 129, 2, 'наследство', 1, 1500289200),
(1962, 129, 2, 'находка', 1, 1500289200),
(1963, 129, 2, 'оформление прав и документов', 1, 1500289200),
(1964, 129, 2, 'планирование', 1, 1500289200),
(1965, 129, 2, 'подарок', 1, 1500289200),
(1966, 129, 2, 'покупка', 1, 1500289200),
(1967, 129, 2, 'пользование', 1, 1500289200),
(1968, 129, 2, 'потеря', 1, 1500289200),
(1969, 129, 2, 'продажа', 1, 1500289200),
(1970, 129, 2, 'ремонт', 1, 1500289200),
(1971, 129, 2, 'сдача в аренду', 1, 1500289200),
(1972, 129, 2, 'страхование', 1, 1500289200),
(1973, 129, 2, 'строительство', 1, 1500289200),
(1974, 129, 2, 'утрата криминальная', 1, 1500289200),
(1975, 129, 2, 'утрата по судебному решению', 1, 1500289200),
(1976, 130, 2, 'аренда', 1, 1500289200),
(1977, 130, 2, 'выигрыш', 1, 1500289200),
(1978, 130, 2, 'дарение', 1, 1500289200),
(1979, 130, 2, 'залог', 1, 1500289200),
(1980, 130, 2, 'конфинскация', 1, 1500289200),
(1981, 130, 2, 'найм', 1, 1500289200),
(1982, 130, 2, 'наследство', 1, 1500289200),
(1983, 130, 2, 'находка', 1, 1500289200),
(1984, 130, 2, 'оформление прав и документов', 1, 1500289200),
(1985, 130, 2, 'планирование', 1, 1500289200),
(1986, 130, 2, 'подарок', 1, 1500289200),
(1987, 130, 2, 'покупка', 1, 1500289200),
(1988, 130, 2, 'пользование', 1, 1500289200),
(1989, 130, 2, 'потеря', 1, 1500289200),
(1990, 130, 2, 'продажа', 1, 1500289200),
(1991, 130, 2, 'ремонт', 1, 1500289200),
(1992, 130, 2, 'сдача в аренду', 1, 1500289200),
(1993, 130, 2, 'страхование', 1, 1500289200),
(1994, 130, 2, 'строительство', 1, 1500289200),
(1995, 130, 2, 'утрата криминальная', 1, 1500289200),
(1996, 130, 2, 'утрата по судебному решению', 1, 1500289200),
(1997, 131, 2, 'аренда', 1, 1500289200),
(1998, 131, 2, 'выигрыш', 1, 1500289200),
(1999, 131, 2, 'дарение', 1, 1500289200),
(2000, 131, 2, 'залог', 1, 1500289200),
(2001, 131, 2, 'конфинскация', 1, 1500289200),
(2002, 131, 2, 'найм', 1, 1500289200),
(2003, 131, 2, 'наследство', 1, 1500289200),
(2004, 131, 2, 'находка', 1, 1500289200),
(2005, 131, 2, 'оформление прав и документов', 1, 1500289200),
(2006, 131, 2, 'планирование', 1, 1500289200),
(2007, 131, 2, 'подарок', 1, 1500289200),
(2008, 131, 2, 'покупка', 1, 1500289200),
(2009, 131, 2, 'пользование', 1, 1500289200),
(2010, 131, 2, 'потеря', 1, 1500289200),
(2011, 131, 2, 'продажа', 1, 1500289200),
(2012, 131, 2, 'ремонт', 1, 1500289200),
(2013, 131, 2, 'сдача в аренду', 1, 1500289200),
(2014, 131, 2, 'страхование', 1, 1500289200),
(2015, 131, 2, 'утрата криминальная', 1, 1500289200),
(2016, 131, 2, 'утрата по судебному решению', 1, 1500289200),
(2017, 132, 2, 'аренда', 1, 1500289200),
(2018, 132, 2, 'выигрыш', 1, 1500289200),
(2019, 132, 2, 'дарение', 1, 1500289200),
(2020, 132, 2, 'залог', 1, 1500289200),
(2021, 132, 2, 'конфинскация', 1, 1500289200),
(2022, 132, 2, 'найм', 1, 1500289200),
(2023, 132, 2, 'наследство', 1, 1500289200),
(2024, 132, 2, 'находка', 1, 1500289200),
(2025, 132, 2, 'оформление прав и документов', 1, 1500289200),
(2026, 132, 2, 'планирование', 1, 1500289200),
(2027, 132, 2, 'подарок', 1, 1500289200),
(2028, 132, 2, 'покупка', 1, 1500289200),
(2029, 132, 2, 'пользование', 1, 1500289200),
(2030, 132, 2, 'потеря', 1, 1500289200),
(2031, 132, 2, 'продажа', 1, 1500289200),
(2032, 132, 2, 'ремонт', 1, 1500289200),
(2033, 132, 2, 'сдача в аренду', 1, 1500289200),
(2034, 132, 2, 'страхование', 1, 1500289200),
(2035, 132, 2, 'утрата криминальная', 1, 1500289200),
(2036, 132, 2, 'утрата по судебному решению', 1, 1500289200),
(2037, 133, 2, 'аренда', 1, 1500289200),
(2038, 133, 2, 'выигрыш', 1, 1500289200),
(2039, 133, 2, 'дарение', 1, 1500289200),
(2040, 133, 2, 'залог', 1, 1500289200),
(2041, 133, 2, 'конфинскация', 1, 1500289200),
(2042, 133, 2, 'найм', 1, 1500289200),
(2043, 133, 2, 'наследство', 1, 1500289200),
(2044, 133, 2, 'находка', 1, 1500289200),
(2045, 133, 2, 'оформление прав и документов', 1, 1500289200),
(2046, 133, 2, 'планирование', 1, 1500289200),
(2047, 133, 2, 'подарок', 1, 1500289200),
(2048, 133, 2, 'покупка', 1, 1500289200),
(2049, 133, 2, 'пользование', 1, 1500289200),
(2050, 133, 2, 'потеря', 1, 1500289200),
(2051, 133, 2, 'продажа', 1, 1500289200),
(2052, 133, 2, 'ремонт', 1, 1500289200),
(2053, 133, 2, 'сдача в аренду', 1, 1500289200),
(2054, 133, 2, 'страхование', 1, 1500289200),
(2055, 133, 2, 'утрата криминальная', 1, 1500289200),
(2056, 133, 2, 'утрата по судебному решению', 1, 1500289200),
(2057, 134, 2, 'аренда', 1, 1500289200),
(2058, 134, 2, 'выигрыш', 1, 1500289200),
(2059, 134, 2, 'дарение', 1, 1500289200),
(2060, 134, 2, 'залог', 1, 1500289200),
(2061, 134, 2, 'конфинскация', 1, 1500289200),
(2062, 134, 2, 'найм', 1, 1500289200),
(2063, 134, 2, 'наследство', 1, 1500289200),
(2064, 134, 2, 'находка', 1, 1500289200),
(2065, 134, 2, 'оформление прав и документов', 1, 1500289200),
(2066, 134, 2, 'планирование', 1, 1500289200),
(2067, 134, 2, 'подарок', 1, 1500289200),
(2068, 134, 2, 'покупка', 1, 1500289200),
(2069, 134, 2, 'пользование', 1, 1500289200),
(2070, 134, 2, 'потеря', 1, 1500289200),
(2071, 134, 2, 'продажа', 1, 1500289200),
(2072, 134, 2, 'ремонт', 1, 1500289200),
(2073, 134, 2, 'сдача в аренду', 1, 1500289200),
(2074, 134, 2, 'страхование', 1, 1500289200),
(2075, 134, 2, 'утрата криминальная', 1, 1500289200),
(2076, 134, 2, 'утрата по судебному решению', 1, 1500289200),
(2077, 135, 2, 'аренда', 1, 1500289200),
(2078, 135, 2, 'выигрыш', 1, 1500289200),
(2079, 135, 2, 'дарение', 1, 1500289200),
(2080, 135, 2, 'залог', 1, 1500289200),
(2081, 135, 2, 'конфинскация', 1, 1500289200),
(2082, 135, 2, 'найм', 1, 1500289200),
(2083, 135, 2, 'наследство', 1, 1500289200),
(2084, 135, 2, 'находка', 1, 1500289200),
(2085, 135, 2, 'оформление прав и документов', 1, 1500289200),
(2086, 135, 2, 'планирование', 1, 1500289200),
(2087, 135, 2, 'подарок', 1, 1500289200),
(2088, 135, 2, 'покупка', 1, 1500289200),
(2089, 135, 2, 'пользование', 1, 1500289200),
(2090, 135, 2, 'потеря', 1, 1500289200),
(2091, 135, 2, 'продажа', 1, 1500289200),
(2092, 135, 2, 'ремонт', 1, 1500289200),
(2093, 135, 2, 'сдача в аренду', 1, 1500289200),
(2094, 135, 2, 'страхование', 1, 1500289200),
(2095, 135, 2, 'утрата криминальная', 1, 1500289200),
(2096, 135, 2, 'утрата по судебному решению', 1, 1500289200),
(2097, 136, 2, 'арест административный', 1, 1500289200),
(2098, 136, 2, 'мировой судья', 1, 1500289200),
(2099, 136, 2, 'протокол', 1, 1500289200),
(2100, 136, 2, 'работы принудительные', 1, 1500289200),
(2101, 136, 2, 'решение вынесение', 1, 1500289200),
(2102, 136, 2, 'решение исполнение', 1, 1500289200),
(2103, 136, 2, 'санкции', 1, 1500289200),
(2104, 136, 2, 'штраф', 1, 1500289200),
(2105, 137, 2, 'Европейский суд по правам человека', 1, 1500289200),
(2106, 137, 2, 'Межамериканский суд по правам человека', 1, 1500289200),
(2107, 137, 2, 'Международный суд ООН', 1, 1500289200),
(2108, 137, 2, 'Международный суд по Сьерра-Леоне', 1, 1500289200),
(2109, 137, 2, 'Международный трибунал по бывшей Югославии', 1, 1500289200),
(2110, 137, 2, 'Международный трибунал по морскому праву', 1, 1500289200),
(2111, 137, 2, 'Международный трибунал по Руанде', 1, 1500289200),
(2112, 137, 2, 'Международный уголовный суд', 1, 1500289200),
(2113, 137, 2, 'Постоянная палата третейского суда', 1, 1500289200),
(2114, 137, 2, 'суд  арбитражный', 1, 1500289200),
(2115, 137, 2, 'суд  народный', 1, 1500289200),
(2116, 137, 2, 'суд верховный', 1, 1500289200),
(2117, 137, 2, 'суд военный', 1, 1500289200),
(2118, 137, 2, 'Суд ЕврАзЭС', 1, 1500289200),
(2119, 137, 2, 'Суд Европейского союза', 1, 1500289200),
(2120, 137, 2, 'суд конституционный', 1, 1500289200),
(2121, 137, 2, 'суд международный', 1, 1500289200),
(2122, 137, 2, 'суд мировой', 1, 1500289200),
(2123, 137, 2, 'Экономический суд СНГ', 1, 1500289200),
(2124, 138, 2, 'виновный', 1, 1500289200),
(2125, 138, 2, 'государственная инспекция безопасности дорожного движения ГАИ', 1, 1500289200),
(2126, 138, 2, 'жертвы', 1, 1500289200),
(2127, 138, 2, 'нарушение', 1, 1500289200),
(2128, 138, 2, 'обязательное страхование гражданской отвественности', 1, 1500289200),
(2129, 138, 2, 'ОСАГО', 1, 1500289200),
(2130, 138, 2, 'оценка ущерба происшествие дорожное', 1, 1500289200),
(2131, 138, 2, 'последствия', 1, 1500289200),
(2132, 138, 2, 'пострадавший', 1, 1500289200),
(2133, 138, 2, 'права на управление транспортным средством', 1, 1500289200),
(2134, 138, 2, 'правила дорожные автомобиль', 1, 1500289200),
(2135, 138, 2, 'правила дорожные мотоцикл', 1, 1500289200),
(2136, 138, 2, 'проишествие дорожное', 1, 1500289200),
(2137, 138, 2, 'протокол происшествие дорожное', 1, 1500289200),
(2138, 138, 2, 'ПТС', 1, 1500289200),
(2139, 138, 2, 'ремонт происшествие дорожное', 1, 1500289200),
(2140, 138, 2, 'свидетельство о регистрации транспортого средства', 1, 1500289200),
(2141, 138, 2, 'ущерб', 1, 1500289200),
(2142, 138, 2, 'ущерб происшествие дорожное', 1, 1500289200),
(2143, 139, 2, 'адвокат', 1, 1500289200),
(2144, 139, 2, 'амнистия', 1, 1500289200),
(2145, 139, 2, 'арест', 1, 1500289200),
(2146, 139, 2, 'вступление приговора в законную силу', 1, 1500289200),
(2147, 139, 2, 'домашний арест', 1, 1500289200),
(2148, 139, 2, 'допрос', 1, 1500289200),
(2149, 139, 2, 'доследственная проверка', 1, 1500289200),
(2150, 139, 2, 'задержание', 1, 1500289200),
(2151, 139, 2, 'заключение', 1, 1500289200),
(2152, 139, 2, 'залог', 1, 1500289200),
(2153, 139, 2, 'запрет на виды деятельности', 1, 1500289200),
(2154, 139, 2, 'защитник государственный', 1, 1500289200),
(2155, 139, 2, 'заявление о преступлении', 1, 1500289200),
(2156, 139, 2, 'исполнение наказания', 1, 1500289200),
(2157, 139, 2, 'исполнение проговора', 1, 1500289200),
(2158, 139, 2, 'компенсация ущерба', 1, 1500289200),
(2159, 139, 2, 'конфискация имущества', 1, 1500289200),
(2160, 139, 2, 'мера пресечения', 1, 1500289200),
(2161, 139, 2, 'наказание условное', 1, 1500289200),
(2162, 139, 2, 'обвинение', 1, 1500289200),
(2163, 139, 2, 'обжалование приговора', 1, 1500289200),
(2164, 139, 2, 'объяснение', 1, 1500289200),
(2165, 139, 2, 'оправдание', 1, 1500289200),
(2166, 139, 2, 'отмена приговора', 1, 1500289200),
(2167, 139, 2, 'отсрочка исполнения наказания', 1, 1500289200),
(2168, 139, 2, 'отсрочка исполнения приговора', 1, 1500289200),
(2169, 139, 2, 'отсутствие состава преступление', 1, 1500289200),
(2170, 139, 2, 'очная ставка', 1, 1500289200),
(2171, 139, 2, 'повестка', 1, 1500289200),
(2172, 139, 2, 'подписка о невыезде', 1, 1500289200),
(2173, 139, 2, 'показания', 1, 1500289200),
(2174, 139, 2, 'помилование прошение', 1, 1500289200),
(2175, 139, 2, 'порицание общественное', 1, 1500289200),
(2176, 139, 2, 'поручительство', 1, 1500289200),
(2177, 139, 2, 'потерпевшие', 1, 1500289200),
(2178, 139, 2, 'предварительное следствие', 1, 1500289200),
(2179, 139, 2, 'предъявление обвинения', 1, 1500289200),
(2180, 139, 2, 'приговор', 1, 1500289200),
(2181, 139, 2, 'процессуальное лицо', 1, 1500289200),
(2182, 139, 2, 'работы исправительные', 1, 1500289200),
(2183, 139, 2, 'регистрация заявления', 1, 1500289200),
(2184, 139, 2, 'свидетели', 1, 1500289200),
(2185, 139, 2, 'следователь', 1, 1500289200),
(2186, 139, 2, 'следственные действия', 1, 1500289200),
(2187, 139, 2, 'состав преступления', 1, 1500289200),
(2188, 139, 2, 'срок давности', 1, 1500289200),
(2189, 139, 2, 'судебное следсиве', 1, 1500289200),
(2190, 139, 2, 'условно-досрочное освобождение', 1, 1500289200),
(2191, 139, 2, 'ходатайство', 1, 1500289200),
(2192, 139, 2, 'штраф', 1, 1500289200),
(2193, 139, 2, 'экпертиза', 1, 1500289200),
(2194, 139, 2, 'эксперимент', 1, 1500289200),
(2195, 139, 2, 'эксперт', 1, 1500289200),
(2196, 140, 2, 'договор', 1, 1500289200),
(2197, 140, 2, 'проценты', 1, 1500289200),
(2198, 140, 2, 'ущерб', 1, 1500289200),
(2199, 140, 2, 'штраф', 1, 1500289200),
(2200, 141, 2, 'арест денежныйх средств', 1, 1500289200),
(2201, 141, 2, 'арест имущества', 1, 1500289200),
(2202, 141, 2, 'взыскание налога', 1, 1500289200),
(2203, 141, 2, 'деклараци налоговая', 1, 1500289200),
(2204, 141, 2, 'налога', 1, 1500289200),
(2205, 141, 2, 'налоговая задолженность', 1, 1500289200),
(2206, 141, 2, 'пени', 1, 1500289200),
(2207, 141, 2, 'пеня', 1, 1500289200),
(2208, 141, 2, 'приказ', 1, 1500289200),
(2209, 141, 2, 'проверка', 1, 1500289200),
(2210, 141, 2, 'проверка выездная', 1, 1500289200),
(2211, 141, 2, 'проверка камеральная', 1, 1500289200),
(2212, 141, 2, 'разъяснение', 1, 1500289200),
(2213, 141, 2, 'решение', 1, 1500289200),
(2214, 141, 2, 'сверка расчетов', 1, 1500289200),
(2215, 141, 2, 'уведовление', 1, 1500289200),
(2216, 141, 2, 'уведомление', 1, 1500289200),
(2217, 142, 2, 'альтернативная служба', 1, 1500289200),
(2218, 142, 2, 'военкомат', 1, 1500289200),
(2219, 142, 2, 'военная пенсия', 1, 1500289200),
(2220, 142, 2, 'военный билет', 1, 1500289200),
(2221, 142, 2, 'воинская обязанность', 1, 1500289200),
(2222, 142, 2, 'воинская часть', 1, 1500289200),
(2223, 142, 2, 'воинский учет', 1, 1500289200),
(2224, 142, 2, 'дезертирство', 1, 1500289200),
(2225, 142, 2, 'ефрейтор', 1, 1500289200),
(2226, 142, 2, 'командир', 1, 1500289200),
(2227, 142, 2, 'командный состав', 1, 1500289200),
(2228, 142, 2, 'компенсации', 1, 1500289200),
(2229, 142, 2, 'льготы', 1, 1500289200),
(2230, 142, 2, 'матрос', 1, 1500289200),
(2231, 142, 2, 'медицинское освидетельствование', 1, 1500289200),
(2232, 142, 2, 'министерство обороны', 1, 1500289200),
(2233, 142, 2, 'начальник', 1, 1500289200),
(2234, 142, 2, 'освобождение от воинской обязанности', 1, 1500289200),
(2235, 142, 2, 'отклонение от призыва', 1, 1500289200),
(2236, 142, 2, 'офицер', 1, 1500289200),
(2237, 142, 2, 'повестка', 1, 1500289200),
(2238, 142, 2, 'прапорщик', 1, 1500289200),
(2239, 142, 2, 'призыв', 1, 1500289200),
(2240, 142, 2, 'призывное свидетельство', 1, 1500289200),
(2241, 142, 2, 'самовольная отлучка', 1, 1500289200),
(2242, 142, 2, 'сборы', 1, 1500289200),
(2243, 142, 2, 'сержант', 1, 1500289200),
(2244, 142, 2, 'солдат', 1, 1500289200),
(2245, 142, 2, 'старшина', 1, 1500289200),
(2246, 142, 2, 'увольнение в запас', 1, 1500289200),
(2247, 142, 2, 'демобилизация', 1, 1500289200),
(2248, 142, 2, 'воинское довольствие', 1, 1500289200),
(2249, 143, 2, 'медицинскеое страхование профессиональное', 1, 1500289200),
(2250, 143, 2, 'медицинское страхование добровольное', 1, 1500289200),
(2251, 143, 2, 'обязательное медицинское страхование ОМС', 1, 1500289200),
(2252, 143, 2, 'обязательное пенсионное страхование ОПС', 1, 1500289200),
(2253, 143, 2, 'обязательное страхование от несчастных случаев ОС НС', 1, 1500289200),
(2254, 143, 2, 'пенсионное страхование дополнительное', 1, 1500289200),
(2255, 143, 2, 'Пенсионный Фонд России ПФР', 1, 1500289200),
(2256, 143, 2, 'страхование от безработицы', 1, 1500289200),
(2257, 143, 2, 'Фонд Социального Страхования ФСС', 1, 1500289200),
(2258, 144, 2, 'анализы', 1, 1500289200),
(2259, 144, 2, 'ВКК', 1, 1500289200),
(2260, 144, 2, 'врачебно-консультационная комиссия', 1, 1500289200),
(2261, 144, 2, 'заключение', 1, 1500289200),
(2262, 144, 2, 'инвалидная книжка', 1, 1500289200),
(2263, 144, 2, 'инвалидность', 1, 1500289200),
(2264, 144, 2, 'инвалидность оформление', 1, 1500289200),
(2265, 144, 2, 'инвалидность пенсия', 1, 1500289200),
(2266, 144, 2, 'медицинская комиссия', 1, 1500289200),
(2267, 144, 2, 'освидетельствование', 1, 1500289200),
(2268, 144, 2, 'справки', 1, 1500289200),
(2269, 144, 2, 'удостоверение инвалида', 1, 1500289200),
(2270, 144, 2, 'экспертиза', 1, 1500289200),
(2271, 145, 2, 'бесплатные лекарства', 1, 1500289200),
(2272, 145, 2, 'льготы', 1, 1500289200),
(2273, 145, 2, 'пособия', 1, 1500289200),
(2274, 145, 2, 'субсидии', 1, 1500289200),
(2275, 146, 2, 'вид на жительство', 1, 1500289200),
(2276, 146, 2, 'иностранная рабочая сила', 1, 1500289200),
(2277, 146, 2, 'патент', 1, 1500289200),
(2278, 146, 2, 'разрешение на работу в России', 1, 1500289200),
(2279, 146, 2, 'экзамен на знание языка', 1, 1500289200),
(2280, 147, 2, 'выписка', 1, 1500289200),
(2281, 147, 2, 'выписка БТИ', 1, 1500289200),
(2282, 147, 2, 'запрос информации', 1, 1500289200),
(2283, 147, 2, 'получение справки', 1, 1500289200),
(2284, 147, 2, 'регистрация', 1, 1500289200),
(2285, 147, 2, 'реестр', 1, 1500289200),
(2286, 147, 2, 'свидетельство о праве собственности', 1, 1500289200),
(2287, 147, 2, 'свидетельство о регистрации', 1, 1500289200),
(2288, 148, 2, 'запись гражданского состояния', 1, 1500289200),
(2289, 148, 2, 'запрос', 1, 1500289200),
(2290, 148, 2, 'многофункциональный центр (МФЦ)', 1, 1500289200),
(2291, 148, 2, 'регистрация', 1, 1500289200),
(2292, 149, 2, 'вид деятельности', 1, 1500289200),
(2293, 149, 2, 'лицензия', 1, 1500289200),
(2294, 149, 2, 'приложение к лицензии', 1, 1500289200),
(2295, 149, 2, 'реестр', 1, 1500289200),
(2296, 150, 2, 'автор', 1, 1500289200),
(2297, 150, 2, 'программа', 1, 1500289200),
(2298, 150, 2, 'книга', 1, 1500289200),
(2299, 150, 2, 'статья', 1, 1500289200),
(2300, 150, 2, 'имя', 1, 1500289200),
(2301, 150, 2, 'права использования', 1, 1500289200),
(2302, 150, 2, 'лицензия', 1, 1500289200),
(2303, 150, 2, 'произведение', 1, 1500289200),
(2304, 151, 2, 'безработный', 1, 1500289200),
(2305, 151, 2, 'брак', 1, 1500289200),
(2306, 151, 2, 'жена', 1, 1500289200),
(2307, 151, 2, 'инвалид', 1, 1500289200),
(2308, 151, 2, 'муж', 1, 1500289200),
(2309, 151, 2, 'несовершеннолетний', 1, 1500289200),
(2310, 151, 2, 'пенсионер', 1, 1500289200),
(2311, 151, 2, 'прописка', 1, 1500289200),
(2312, 151, 2, 'ребенок', 1, 1500289200),
(2313, 151, 2, 'регистрация', 1, 1500289200),
(2314, 151, 2, 'свидетельство', 1, 1500289200),
(2315, 152, 2, 'векеселя банковские', 1, 1500289200),
(2316, 152, 2, 'деньги на банковском счёте', 1, 1500289200),
(2317, 152, 2, 'деньги наличные', 1, 1500289200),
(2318, 152, 2, 'депозит банковский', 1, 1500289200),
(2319, 152, 2, 'долг займ', 1, 1500289200),
(2320, 152, 2, 'иностранная валюта', 1, 1500289200),
(2321, 152, 2, 'карты банковские электронные', 1, 1500289200),
(2322, 152, 2, 'кошелек электронный', 1, 1500289200),
(2323, 152, 2, 'криптовалюта', 1, 1500289200),
(2324, 152, 2, 'рубли', 1, 1500289200),
(2325, 152, 2, 'чек банковский', 1, 1500289200),
(2326, 152, 2, 'чек дорожный', 1, 1500289200),
(2327, 153, 2, 'биткоины', 1, 1500289200),
(2328, 153, 2, 'криптовалюта', 1, 1500289200),
(2329, 154, 2, 'банковские депозиты', 1, 1500289200),
(2330, 154, 2, 'драгоценные металлы', 1, 1500289200),
(2331, 154, 2, 'сбережения в валюте', 1, 1500289200),
(2332, 154, 2, 'сбережения наличные', 1, 1500289200),
(2333, 154, 2, 'ценные бумаги', 1, 1500289200),
(2334, 155, 2, 'cash back', 1, 1500289200),
(2335, 155, 2, 'CVC', 1, 1500289200),
(2336, 155, 2, 'NFC', 1, 1500289200),
(2337, 155, 2, 'PIN', 1, 1500289200),
(2338, 155, 2, 'QR код', 1, 1500289200),
(2339, 155, 2, 'банк эмитент', 1, 1500289200),
(2340, 155, 2, 'блокировка карты', 1, 1500289200),
(2341, 155, 2, 'владелец карты', 1, 1500289200),
(2342, 155, 2, 'владелец счета', 1, 1500289200),
(2343, 155, 2, 'грейс период', 1, 1500289200),
(2344, 155, 2, 'дата выпуска', 1, 1500289200),
(2345, 155, 2, 'дебетовая карта', 1, 1500289200),
(2346, 155, 2, 'дополнительная карта', 1, 1500289200),
(2347, 155, 2, 'карта Mastercard', 1, 1500289200),
(2348, 155, 2, 'карта Visa', 1, 1500289200),
(2349, 155, 2, 'карта выбор', 1, 1500289200),
(2350, 155, 2, 'карта кража', 1, 1500289200),
(2351, 155, 2, 'карта лимит', 1, 1500289200),
(2352, 155, 2, 'карта магнитная', 1, 1500289200),
(2353, 155, 2, 'карта МИР', 1, 1500289200),
(2354, 155, 2, 'карта обращение', 1, 1500289200),
(2355, 155, 2, 'карта привилегированная', 1, 1500289200),
(2356, 155, 2, 'карта с магнитной полосой', 1, 1500289200),
(2357, 155, 2, 'карта с чипом', 1, 1500289200),
(2358, 155, 2, 'карта утеря', 1, 1500289200),
(2359, 155, 2, 'карта чиповая', 1, 1500289200),
(2360, 155, 2, 'код безопасности', 1, 1500289200),
(2361, 155, 2, 'кредитная карта', 1, 1500289200),
(2362, 155, 2, 'льготный период', 1, 1500289200),
(2363, 155, 2, 'мошенничество', 1, 1500289200),
(2364, 155, 2, 'пин-код', 1, 1500289200),
(2365, 155, 2, 'платежная система', 1, 1500289200),
(2366, 155, 2, 'просрочка', 1, 1500289200),
(2367, 155, 2, 'срок действия', 1, 1500289200),
(2368, 156, 2, 'аннуитет', 1, 1500289200),
(2369, 156, 2, 'взыскание', 1, 1500289200),
(2370, 156, 2, 'досрочное погашение', 1, 1500289200),
(2371, 156, 2, 'залог', 1, 1500289200),
(2372, 156, 2, 'кредит оформление', 1, 1500289200),
(2373, 156, 2, 'кредит платежи', 1, 1500289200),
(2374, 156, 2, 'кредит погашение', 1, 1500289200),
(2375, 156, 2, 'кредит проценты', 1, 1500289200),
(2376, 156, 2, 'кредит реструктуризация', 1, 1500289200),
(2377, 156, 2, 'льготный период', 1, 1500289200),
(2378, 156, 2, 'обеспечение', 1, 1500289200),
(2379, 156, 2, 'обременение', 1, 1500289200),
(2380, 156, 2, 'платеж', 1, 1500289200),
(2381, 156, 2, 'поручительство', 1, 1500289200),
(2382, 156, 2, 'просрочка', 1, 1500289200),
(2383, 156, 2, 'проценты', 1, 1500289200),
(2384, 157, 2, 'аннуитет', 1, 1500289200),
(2385, 157, 2, 'взыскание', 1, 1500289200),
(2386, 157, 2, 'досрочное погашение', 1, 1500289200),
(2387, 157, 2, 'залог', 1, 1500289200),
(2388, 157, 2, 'ипотека оформление', 1, 1500289200),
(2389, 157, 2, 'ипотека платежи', 1, 1500289200),
(2390, 157, 2, 'ипотека погашение', 1, 1500289200),
(2391, 157, 2, 'ипотека проценты', 1, 1500289200),
(2392, 157, 2, 'ипотека реструктуризация', 1, 1500289200),
(2393, 157, 2, 'льготный период', 1, 1500289200),
(2394, 157, 2, 'обеспечение', 1, 1500289200),
(2395, 157, 2, 'обременение', 1, 1500289200),
(2396, 157, 2, 'платеж', 1, 1500289200),
(2397, 157, 2, 'поручительство', 1, 1500289200),
(2398, 157, 2, 'просрочка', 1, 1500289200),
(2399, 157, 2, 'проценты', 1, 1500289200),
(2400, 158, 2, 'автокредит оформление', 1, 1500289200),
(2401, 158, 2, 'автокредит платежи', 1, 1500289200),
(2402, 158, 2, 'автокредит погашение', 1, 1500289200),
(2403, 158, 2, 'автокредит проценты', 1, 1500289200),
(2404, 158, 2, 'автокредит реструктуризация', 1, 1500289200),
(2405, 158, 2, 'аннуитет', 1, 1500289200),
(2406, 158, 2, 'взыскание', 1, 1500289200),
(2407, 158, 2, 'досрочное погашение', 1, 1500289200),
(2408, 158, 2, 'залог', 1, 1500289200),
(2409, 158, 2, 'льготный период', 1, 1500289200),
(2410, 158, 2, 'обеспечение', 1, 1500289200),
(2411, 158, 2, 'обременение', 1, 1500289200),
(2412, 158, 2, 'платеж', 1, 1500289200),
(2413, 158, 2, 'поручительство', 1, 1500289200),
(2414, 158, 2, 'просрочка', 1, 1500289200),
(2415, 158, 2, 'проценты', 1, 1500289200),
(2416, 159, 2, 'аннуитет', 1, 1500289200),
(2417, 159, 2, 'взыскание', 1, 1500289200),
(2418, 159, 2, 'долг займ  погашение', 1, 1500289200),
(2419, 159, 2, 'долг займ  проценты', 1, 1500289200),
(2420, 159, 2, 'долг займ оформление', 1, 1500289200),
(2421, 159, 2, 'долг займ платежи', 1, 1500289200),
(2422, 159, 2, 'досрочное погашение', 1, 1500289200),
(2423, 159, 2, 'залог', 1, 1500289200),
(2424, 159, 2, 'льготный период', 1, 1500289200),
(2425, 159, 2, 'обеспечение', 1, 1500289200),
(2426, 159, 2, 'обременение', 1, 1500289200),
(2427, 159, 2, 'платеж', 1, 1500289200),
(2428, 159, 2, 'поручительство', 1, 1500289200),
(2429, 159, 2, 'просрочка', 1, 1500289200),
(2430, 159, 2, 'проценты', 1, 1500289200),
(2431, 160, 2, 'КАСКО', 1, 1500289200),
(2432, 160, 2, 'ОСАГО', 1, 1500289200),
(2433, 160, 2, 'страхование жизни', 1, 1500289200),
(2434, 160, 2, 'страхование имущества', 1, 1500289200),
(2435, 160, 2, 'страхование медицинское', 1, 1500289200),
(2436, 160, 2, 'страхование отвественности', 1, 1500289200),
(2437, 160, 2, 'страхование профессиональное', 1, 1500289200),
(2438, 161, 2, 'пенсия государственнаяя', 1, 1500289200),
(2439, 161, 2, 'пенсия негосударственная', 1, 1500289200),
(2440, 161, 2, 'страхование пенсионное', 1, 1500289200),
(2441, 162, 2, 'биржевые товары', 1, 1500289200),
(2442, 162, 2, 'доверительное управление', 1, 1500289200),
(2443, 162, 2, 'земля', 1, 1500289200),
(2444, 162, 2, 'недвижимость', 1, 1500289200),
(2445, 162, 2, 'трасты', 1, 1500289200),
(2446, 162, 2, 'управление активами', 1, 1500289200),
(2447, 162, 2, 'ценные бумаги', 1, 1500289200),
(2448, 163, 2, 'дипломатический', 1, 1500289200),
(2449, 163, 2, 'моряка', 1, 1500289200),
(2450, 163, 2, 'общегражданский', 1, 1500289200),
(2451, 163, 2, 'паспорт заграничный', 1, 1500289200),
(2452, 163, 2, 'служебный', 1, 1500289200),
(2453, 163, 2, 'справка о замене паспорта', 1, 1500289200),
(2454, 164, 2, 'трудовая книжка', 1, 1500289200),
(2455, 165, 2, 'свидетельство ИНН', 1, 1500289200),
(2456, 166, 2, 'карточка СНИЛС', 1, 1500289200),
(2457, 167, 2, 'полис ОМС', 1, 1500289200),
(2458, 168, 2, 'военный билет', 1, 1500289200),
(2459, 169, 2, 'приписное свидетельство', 1, 1500289200),
(2460, 170, 2, 'водительскогое удостоверение международное', 1, 1500289200),
(2461, 170, 2, 'водительское удостоверение', 1, 1500289200),
(2462, 170, 2, 'водительское удостоверение категории A', 1, 1500289200),
(2463, 170, 2, 'водительское удостоверение категории A1', 1, 1500289200),
(2464, 170, 2, 'водительское удостоверение категории B', 1, 1500289200);
INSERT INTO `categories` (`id`, `parent_id`, `level`, `name`, `status`, `time_update`) VALUES
(2465, 170, 2, 'водительское удостоверение категории B1', 1, 1500289200),
(2466, 170, 2, 'водительское удостоверение категории BE', 1, 1500289200),
(2467, 170, 2, 'водительское удостоверение категории C', 1, 1500289200),
(2468, 170, 2, 'водительское удостоверение категории C1', 1, 1500289200),
(2469, 170, 2, 'водительское удостоверение категории C1E', 1, 1500289200),
(2470, 170, 2, 'водительское удостоверение категории CE', 1, 1500289200),
(2471, 170, 2, 'водительское удостоверение категории D', 1, 1500289200),
(2472, 170, 2, 'водительское удостоверение категории D1', 1, 1500289200),
(2473, 170, 2, 'водительское удостоверение категории D1E', 1, 1500289200),
(2474, 170, 2, 'водительское удостоверение категории DE', 1, 1500289200),
(2475, 170, 2, 'водительское удостоверение категории M', 1, 1500289200),
(2476, 170, 2, 'водительское удостоверение категории Tb', 1, 1500289200),
(2477, 170, 2, 'водительское удостоверение категории Tm', 1, 1500289200),
(2478, 170, 2, 'водительское удостоверение национальное', 1, 1500289200),
(2479, 170, 2, 'права', 1, 1500289200),
(2480, 170, 2, 'права на вождение', 1, 1500289200),
(2481, 171, 2, 'пенсионное удостоверение', 1, 1500289200),
(2482, 172, 2, 'свидетельство о рождении получение', 1, 1500289200),
(2483, 172, 2, 'свидетельство о рождении дубликат', 1, 1500289200),
(2484, 173, 2, 'свидетельство о браке дубликат', 1, 1500289200),
(2485, 173, 2, 'свидетельство о браке получение', 1, 1500289200),
(2486, 174, 2, 'свидетельство о разводе дубликат ', 1, 1500289200),
(2487, 174, 2, 'свидетельство о разводе получение', 1, 1500289200),
(2488, 175, 2, 'свидетельство о смерти дубликат', 1, 1500289200),
(2489, 175, 2, 'свидетельство о смерти получение', 1, 1500289200),
(2490, 176, 2, 'свидетельство многодетной семьи получение', 1, 1500289200),
(2491, 176, 2, 'свидетельство многодетной семьи дубликат', 1, 1500289200),
(2492, 177, 2, 'справка о регистрации (форма № 9)', 1, 1500289200),
(2493, 177, 2, 'справка Характеристика жилого помещения (форма № 7)', 1, 1500289200),
(2494, 178, 2, 'справка из учебного заведения', 1, 1500289200),
(2495, 178, 2, 'справка из учебного заведения из военкомата', 1, 1500289200),
(2496, 178, 2, 'справка медицинская для получения водительских прав', 1, 1500289200),
(2497, 178, 2, 'справка об остутствии судимости', 1, 1500289200),
(2498, 178, 2, 'справка с работы', 1, 1500289200),
(2499, 179, 2, 'миграционная карта', 1, 1500289200),
(2500, 180, 2, 'вид на жительство без права на работу', 1, 1500289200),
(2501, 180, 2, 'вид на жительство временный', 1, 1500289200),
(2502, 180, 2, 'вид на жительство постоянный', 1, 1500289200),
(2503, 180, 2, 'голубая карат (синяя карта)', 1, 1500289200),
(2504, 180, 2, 'грин-карта (зеленая карта)', 1, 1500289200),
(2505, 181, 2, 'въездная виза', 1, 1500289200),
(2506, 181, 2, 'выездная виза', 1, 1500289200),
(2507, 181, 2, 'про-виза', 1, 1500289200),
(2508, 181, 2, 'рабочая виза', 1, 1500289200),
(2509, 181, 2, 'шенгенская виза', 1, 1500289200),
(2510, 182, 2, 'патент на работу', 1, 1500289200),
(2511, 183, 2, 'права на управление водным транпортом', 1, 1500289200),
(2512, 184, 2, 'доверенность в порядке передоверия', 1, 1500289200),
(2513, 184, 2, 'доверенность генеральная', 1, 1500289200),
(2514, 184, 2, 'доверенность нотариальная', 1, 1500289200),
(2515, 184, 2, 'доверенность простая письменная', 1, 1500289200),
(2516, 184, 2, 'доверенность специальная', 1, 1500289200),
(2517, 185, 2, 'охотничий билет единый', 1, 1500289200),
(2518, 185, 2, 'охотничий билет членский', 1, 1500289200),
(2519, 186, 2, 'удостоверение бывшего несовершеннолетнего узника концлагерей', 1, 1500289200),
(2520, 186, 2, 'удостоверение ветерана Великой Отечественной войны (удостоверение ветерана ВОВ)', 1, 1500289200),
(2521, 186, 2, 'удостоверение ветерана труда', 1, 1500289200),
(2522, 186, 2, 'удостоверение граждана, подвергшегося воздействию радиации', 1, 1500289200),
(2523, 186, 2, 'удостоверения инвалида Чернобыльской АЭС', 1, 1500289200),
(2524, 187, 2, 'центр удостоверящий', 1, 1500289200),
(2525, 187, 2, 'электронная подпись', 1, 1500289200),
(2526, 188, 2, 'S/2015', 1, 1500289200),
(2527, 188, 2, 'Астрономия', 1, 1500289200),
(2528, 188, 2, 'Венера', 1, 1500289200),
(2529, 188, 2, 'Вселенная', 1, 1500289200),
(2530, 188, 2, 'галактика', 1, 1500289200),
(2531, 188, 2, 'Гелиосфера', 1, 1500289200),
(2532, 188, 2, 'двойная звёзда', 1, 1500289200),
(2533, 188, 2, 'Дисномия', 1, 1500289200),
(2534, 188, 2, 'закон Хаббла', 1, 1500289200),
(2535, 188, 2, 'звезда', 1, 1500289200),
(2536, 188, 2, 'звёздная система большей кратности', 1, 1500289200),
(2537, 188, 2, 'звездное скопление', 1, 1500289200),
(2538, 188, 2, 'звезды', 1, 1500289200),
(2539, 188, 2, 'Земля', 1, 1500289200),
(2540, 188, 2, 'карлики', 1, 1500289200),
(2541, 188, 2, 'квазар', 1, 1500289200),
(2542, 188, 2, 'Кентавры', 1, 1500289200),
(2543, 188, 2, 'кольца Нептуна', 1, 1500289200),
(2544, 188, 2, 'кольца Сатурна', 1, 1500289200),
(2545, 188, 2, 'кольца Урана', 1, 1500289200),
(2546, 188, 2, 'кольца Юпитера', 1, 1500289200),
(2547, 188, 2, 'Кометы', 1, 1500289200),
(2548, 188, 2, 'космический луч', 1, 1500289200),
(2549, 188, 2, 'космическое излучение', 1, 1500289200),
(2550, 188, 2, 'Космологическая модель', 1, 1500289200),
(2551, 188, 2, 'Луна', 1, 1500289200),
(2552, 188, 2, 'Макемаке', 1, 1500289200),
(2553, 188, 2, 'Марс', 1, 1500289200),
(2554, 188, 2, 'межзвёздный газ', 1, 1500289200),
(2555, 188, 2, 'Меркурий', 1, 1500289200),
(2556, 188, 2, 'млечный путь', 1, 1500289200),
(2557, 188, 2, 'модель горячей Вселенной', 1, 1500289200),
(2558, 188, 2, 'модель Фридмана', 1, 1500289200),
(2559, 188, 2, 'Нептун', 1, 1500289200),
(2560, 188, 2, 'Облако Оорта', 1, 1500289200),
(2561, 188, 2, 'Планеты-гиганты', 1, 1500289200),
(2562, 188, 2, 'Плутон', 1, 1500289200),
(2563, 188, 2, 'Пояс астероидов', 1, 1500289200),
(2564, 188, 2, 'Пояс Койпера', 1, 1500289200),
(2565, 188, 2, 'рассеянное скопление', 1, 1500289200),
(2566, 188, 2, 'Рассеянный диск', 1, 1500289200),
(2567, 188, 2, 'Сатурн', 1, 1500289200),
(2568, 188, 2, 'сверхмассивные чёрные дыры', 1, 1500289200),
(2569, 188, 2, 'сверхновые звезды', 1, 1500289200),
(2570, 188, 2, 'Седна', 1, 1500289200),
(2571, 188, 2, 'солнечная система', 1, 1500289200),
(2572, 188, 2, 'Солнце', 1, 1500289200),
(2573, 188, 2, 'спутники Марса', 1, 1500289200),
(2574, 188, 2, 'спутники Нептуна', 1, 1500289200),
(2575, 188, 2, 'спутники Плутона', 1, 1500289200),
(2576, 188, 2, 'спутники Сатурна', 1, 1500289200),
(2577, 188, 2, 'спутники Урана', 1, 1500289200),
(2578, 188, 2, 'спутники Хаумеа', 1, 1500289200),
(2579, 188, 2, 'сутники Юпитера', 1, 1500289200),
(2580, 188, 2, 'телескоп', 1, 1500289200),
(2581, 188, 2, 'тёмная материя', 1, 1500289200),
(2582, 188, 2, 'теория Большого взрыва', 1, 1500289200),
(2583, 188, 2, 'Транснептуновые объекты', 1, 1500289200),
(2584, 188, 2, 'Уран', 1, 1500289200),
(2585, 188, 2, 'Хаумеа', 1, 1500289200),
(2586, 188, 2, 'Церера', 1, 1500289200),
(2587, 188, 2, 'чёрная дыра', 1, 1500289200),
(2588, 188, 2, 'шаровое скопление', 1, 1500289200),
(2589, 188, 2, 'энтропия Вселенной', 1, 1500289200),
(2590, 188, 2, 'Эрида', 1, 1500289200),
(2591, 188, 2, 'Юпитер', 1, 1500289200),
(2592, 189, 2, 'Австралия', 1, 1500289200),
(2593, 189, 2, 'Азия', 1, 1500289200),
(2594, 189, 2, 'Антарктида', 1, 1500289200),
(2595, 189, 2, 'Атлантический океан', 1, 1500289200),
(2596, 189, 2, 'атмосферный пар', 1, 1500289200),
(2597, 189, 2, 'Африка', 1, 1500289200),
(2598, 189, 2, 'водохранилища', 1, 1500289200),
(2599, 189, 2, 'горы', 1, 1500289200),
(2600, 189, 2, 'Евразия', 1, 1500289200),
(2601, 189, 2, 'Европа', 1, 1500289200),
(2602, 189, 2, 'заливы', 1, 1500289200),
(2603, 189, 2, 'Индийский океан', 1, 1500289200),
(2604, 189, 2, 'континеты', 1, 1500289200),
(2605, 189, 2, 'круговорот воды', 1, 1500289200),
(2606, 189, 2, 'Ледники', 1, 1500289200),
(2607, 189, 2, 'Мировой океан', 1, 1500289200),
(2608, 189, 2, 'моря', 1, 1500289200),
(2609, 189, 2, 'озёра', 1, 1500289200),
(2610, 189, 2, 'Океания', 1, 1500289200),
(2611, 189, 2, 'Подземные воды', 1, 1500289200),
(2612, 189, 2, 'почва', 1, 1500289200),
(2613, 189, 2, 'проливы', 1, 1500289200),
(2614, 189, 2, 'реки', 1, 1500289200),
(2615, 189, 2, 'Северная Америка', 1, 1500289200),
(2616, 189, 2, 'Северный Ледовитый океан', 1, 1500289200),
(2617, 189, 2, 'Тихий океан', 1, 1500289200),
(2618, 189, 2, 'шельф', 1, 1500289200),
(2619, 189, 2, 'Южная Америка', 1, 1500289200),
(2620, 189, 2, 'Южный океан', 1, 1500289200),
(2621, 190, 2, 'атмосфера', 1, 1500289200),
(2622, 190, 2, 'Атмосферный пар', 1, 1500289200),
(2623, 190, 2, 'Биогенное вещество', 1, 1500289200),
(2624, 190, 2, 'Биокосное вещество', 1, 1500289200),
(2625, 190, 2, 'биосфера', 1, 1500289200),
(2626, 190, 2, 'Водохранилища', 1, 1500289200),
(2627, 190, 2, 'газовая оболочка', 1, 1500289200),
(2628, 190, 2, 'геосфера', 1, 1500289200),
(2629, 190, 2, 'гидросфера', 1, 1500289200),
(2630, 190, 2, 'Живое вещество', 1, 1500289200),
(2631, 190, 2, 'Зарождение жизни', 1, 1500289200),
(2632, 190, 2, 'Земля', 1, 1500289200),
(2633, 190, 2, 'Кора', 1, 1500289200),
(2634, 190, 2, 'космическое происхождение', 1, 1500289200),
(2635, 190, 2, 'Косное вещество', 1, 1500289200),
(2636, 190, 2, 'Круговорот воды', 1, 1500289200),
(2637, 190, 2, 'Ледники', 1, 1500289200),
(2638, 190, 2, 'линия Кармана', 1, 1500289200),
(2639, 190, 2, 'литосфера', 1, 1500289200),
(2640, 190, 2, 'Мантия', 1, 1500289200),
(2641, 190, 2, 'Мезопауза', 1, 1500289200),
(2642, 190, 2, 'Мезосфера', 1, 1500289200),
(2643, 190, 2, 'Мировой океан', 1, 1500289200),
(2644, 190, 2, 'Озёра', 1, 1500289200),
(2645, 190, 2, 'Планетарный пограничный слой', 1, 1500289200),
(2646, 190, 2, 'Подземные воды', 1, 1500289200),
(2647, 190, 2, 'Почва', 1, 1500289200),
(2648, 190, 2, 'радиоактивный распад', 1, 1500289200),
(2649, 190, 2, 'Рассеянные атомы', 1, 1500289200),
(2650, 190, 2, 'Реки', 1, 1500289200),
(2651, 190, 2, 'Стратопауза', 1, 1500289200),
(2652, 190, 2, 'Стратосфера', 1, 1500289200),
(2653, 190, 2, 'сфера рассеяния', 1, 1500289200),
(2654, 190, 2, 'Термопауза', 1, 1500289200),
(2655, 190, 2, 'Термосфера', 1, 1500289200),
(2656, 190, 2, 'Тропопауза', 1, 1500289200),
(2657, 190, 2, 'Тропосфера', 1, 1500289200),
(2658, 190, 2, 'Экзосфера', 1, 1500289200),
(2659, 190, 2, 'Ядро', 1, 1500289200),
(2660, 191, 2, 'научные знания', 1, 1500289200),
(2661, 191, 2, 'общество', 1, 1500289200),
(2662, 191, 2, 'природа', 1, 1500289200),
(2663, 191, 2, 'разум', 1, 1500289200),
(2664, 192, 2, 'бактерии', 1, 1500289200),
(2665, 192, 2, 'бинокль', 1, 1500289200),
(2666, 192, 2, 'ботаника', 1, 1500289200),
(2667, 192, 2, 'голосеменные', 1, 1500289200),
(2668, 192, 2, 'грибы', 1, 1500289200),
(2669, 192, 2, 'губки', 1, 1500289200),
(2670, 192, 2, 'деревья', 1, 1500289200),
(2671, 192, 2, 'животные', 1, 1500289200),
(2672, 192, 2, 'земноводные', 1, 1500289200),
(2673, 192, 2, 'зоология', 1, 1500289200),
(2674, 192, 2, 'клетки', 1, 1500289200),
(2675, 192, 2, 'крахмал', 1, 1500289200),
(2676, 192, 2, 'кустарники', 1, 1500289200),
(2677, 192, 2, 'млекопетающие', 1, 1500289200),
(2678, 192, 2, 'моллюски', 1, 1500289200),
(2679, 192, 2, 'моллюски', 1, 1500289200),
(2680, 192, 2, 'морские звёзды', 1, 1500289200),
(2681, 192, 2, 'мхи', 1, 1500289200),
(2682, 192, 2, 'насекомые', 1, 1500289200),
(2683, 192, 2, 'насекомые', 1, 1500289200),
(2684, 192, 2, 'папоротники', 1, 1500289200),
(2685, 192, 2, 'паразиты', 1, 1500289200),
(2686, 192, 2, 'паукообразные', 1, 1500289200),
(2687, 192, 2, 'плавуны', 1, 1500289200),
(2688, 192, 2, 'позвоночные', 1, 1500289200),
(2689, 192, 2, 'пресмыкающиеся', 1, 1500289200),
(2690, 192, 2, 'птицы', 1, 1500289200),
(2691, 192, 2, 'птицы', 1, 1500289200),
(2692, 192, 2, 'рыбы', 1, 1500289200),
(2693, 192, 2, 'семена', 1, 1500289200),
(2694, 192, 2, 'синтез', 1, 1500289200),
(2695, 192, 2, 'споры', 1, 1500289200),
(2696, 192, 2, 'торф', 1, 1500289200),
(2697, 192, 2, 'травы', 1, 1500289200),
(2698, 192, 2, 'фауна', 1, 1500289200),
(2699, 192, 2, 'флора', 1, 1500289200),
(2700, 192, 2, 'фотогинез', 1, 1500289200),
(2701, 192, 2, 'хвощи', 1, 1500289200),
(2702, 192, 2, 'хищники', 1, 1500289200),
(2703, 192, 2, 'хладнокровные', 1, 1500289200),
(2704, 192, 2, 'хлорофил', 1, 1500289200),
(2705, 192, 2, 'цветковые растения', 1, 1500289200),
(2706, 192, 2, 'черви', 1, 1500289200),
(2707, 192, 2, 'членистоногие', 1, 1500289200),
(2708, 192, 2, 'экология', 1, 1500289200),
(2709, 193, 2, 'абсолютная истина', 1, 1500289200),
(2710, 193, 2, 'Агрономия', 1, 1500289200),
(2711, 193, 2, 'Археология', 1, 1500289200),
(2712, 193, 2, 'Архитектура', 1, 1500289200),
(2713, 193, 2, 'Астрономия', 1, 1500289200),
(2714, 193, 2, 'Аэронавтика', 1, 1500289200),
(2715, 193, 2, 'Баллистика', 1, 1500289200),
(2716, 193, 2, 'Библиотековедение', 1, 1500289200),
(2717, 193, 2, 'Биология', 1, 1500289200),
(2718, 193, 2, 'Бионика', 1, 1500289200),
(2719, 193, 2, 'Биотехнологии', 1, 1500289200),
(2720, 193, 2, 'Ботаника', 1, 1500289200),
(2721, 193, 2, 'Геология', 1, 1500289200),
(2722, 193, 2, 'Геомеханика', 1, 1500289200),
(2723, 193, 2, 'Геофизика', 1, 1500289200),
(2724, 193, 2, 'Геофизика', 1, 1500289200),
(2725, 193, 2, 'Геохимия', 1, 1500289200),
(2726, 193, 2, 'Гидрология', 1, 1500289200),
(2727, 193, 2, 'Грамматика', 1, 1500289200),
(2728, 193, 2, 'гранит науки', 1, 1500289200),
(2729, 193, 2, 'догма', 1, 1500289200),
(2730, 193, 2, 'доказанные факты', 1, 1500289200),
(2731, 193, 2, 'Документоведение', 1, 1500289200),
(2732, 193, 2, 'Естествознание', 1, 1500289200),
(2733, 193, 2, 'Естествознание', 1, 1500289200),
(2734, 193, 2, 'знания', 1, 1500289200),
(2735, 193, 2, 'Зоология', 1, 1500289200),
(2736, 193, 2, 'идеи', 1, 1500289200),
(2737, 193, 2, 'Информатика', 1, 1500289200),
(2738, 193, 2, 'Искусствоведение', 1, 1500289200),
(2739, 193, 2, 'История', 1, 1500289200),
(2740, 193, 2, 'Квантовая наука', 1, 1500289200),
(2741, 193, 2, 'Клиометрия', 1, 1500289200),
(2742, 193, 2, 'Книговедение', 1, 1500289200),
(2743, 193, 2, 'концепции', 1, 1500289200),
(2744, 193, 2, 'Кораблестроение', 1, 1500289200),
(2745, 193, 2, 'Краеведение', 1, 1500289200),
(2746, 193, 2, 'Криптография', 1, 1500289200),
(2747, 193, 2, 'Культурная антропология', 1, 1500289200),
(2748, 193, 2, 'Культурология', 1, 1500289200),
(2749, 193, 2, 'Лестница наук', 1, 1500289200),
(2750, 193, 2, 'Лингвистика', 1, 1500289200),
(2751, 193, 2, 'Литературоведение', 1, 1500289200),
(2752, 193, 2, 'Логика', 1, 1500289200),
(2753, 193, 2, 'Математика', 1, 1500289200),
(2754, 193, 2, 'Материаловедение', 1, 1500289200),
(2755, 193, 2, 'Машиноведение', 1, 1500289200),
(2756, 193, 2, 'Медицина', 1, 1500289200),
(2757, 193, 2, 'Медицина', 1, 1500289200),
(2758, 193, 2, 'метод', 1, 1500289200),
(2759, 193, 2, 'Метрология', 1, 1500289200),
(2760, 193, 2, 'Механика', 1, 1500289200),
(2761, 193, 2, 'Механические науки', 1, 1500289200),
(2762, 193, 2, 'Нанотехнология', 1, 1500289200),
(2763, 193, 2, 'Научная картина мира', 1, 1500289200),
(2764, 193, 2, 'Научная школа', 1, 1500289200),
(2765, 193, 2, 'Научный метод', 1, 1500289200),
(2766, 193, 2, 'научный метод', 1, 1500289200),
(2767, 193, 2, 'Обществознание', 1, 1500289200),
(2768, 193, 2, 'Ораторское искусство', 1, 1500289200),
(2769, 193, 2, 'Открытие', 1, 1500289200),
(2770, 193, 2, 'Педагогика', 1, 1500289200),
(2771, 193, 2, 'Пищевые технологии и кулинария', 1, 1500289200),
(2772, 193, 2, 'Политология', 1, 1500289200),
(2773, 193, 2, 'Почвоведение', 1, 1500289200),
(2774, 193, 2, 'Практика', 1, 1500289200),
(2775, 193, 2, 'Практические науки', 1, 1500289200),
(2776, 193, 2, 'Природоведение', 1, 1500289200),
(2777, 193, 2, 'причинно-следственные связи', 1, 1500289200),
(2778, 193, 2, 'проверка', 1, 1500289200),
(2779, 193, 2, 'прогноз', 1, 1500289200),
(2780, 193, 2, 'Промышленность', 1, 1500289200),
(2781, 193, 2, 'Псевдонаука', 1, 1500289200),
(2782, 193, 2, 'Психология', 1, 1500289200),
(2783, 193, 2, 'Психология', 1, 1500289200),
(2784, 193, 2, 'Религиоведение', 1, 1500289200),
(2785, 193, 2, 'Риторика', 1, 1500289200),
(2786, 193, 2, 'Робототехника', 1, 1500289200),
(2787, 193, 2, 'Системотехника', 1, 1500289200),
(2788, 193, 2, 'Социология', 1, 1500289200),
(2789, 193, 2, 'Сциентизм', 1, 1500289200),
(2790, 193, 2, 'Теоретические науки', 1, 1500289200),
(2791, 193, 2, 'Теория', 1, 1500289200),
(2792, 193, 2, 'Технознание', 1, 1500289200),
(2793, 193, 2, 'Трибология', 1, 1500289200),
(2794, 193, 2, 'ученый', 1, 1500289200),
(2795, 193, 2, 'факт', 1, 1500289200),
(2796, 193, 2, 'Физика', 1, 1500289200),
(2797, 193, 2, 'Физическая география', 1, 1500289200),
(2798, 193, 2, 'Филология', 1, 1500289200),
(2799, 193, 2, 'Философия и история философии', 1, 1500289200),
(2800, 193, 2, 'Химия', 1, 1500289200),
(2801, 193, 2, 'частные случаи', 1, 1500289200),
(2802, 193, 2, 'Человековедение', 1, 1500289200),
(2803, 193, 2, 'Экономика', 1, 1500289200),
(2804, 193, 2, 'Экономическая география', 1, 1500289200),
(2805, 193, 2, 'Электротехника', 1, 1500289200),
(2806, 193, 2, 'Этнография', 1, 1500289200),
(2807, 193, 2, 'Юриспруденция', 1, 1500289200),
(2808, 193, 2, 'Языкознание', 1, 1500289200),
(2809, 194, 2, 'архитектура', 1, 1500289200),
(2810, 194, 2, 'живопись', 1, 1500289200),
(2811, 194, 2, 'кино', 1, 1500289200),
(2812, 194, 2, 'литература', 1, 1500289200),
(2813, 194, 2, 'скульптура', 1, 1500289200),
(2814, 194, 2, 'театр', 1, 1500289200),
(2815, 194, 2, 'цирк', 1, 1500289200),
(2816, 195, 2, 'бакалавриат', 1, 1500289200),
(2817, 195, 2, 'дополнительное образование детей и взрослых', 1, 1500289200),
(2818, 195, 2, 'дополнительное профессиональное образование', 1, 1500289200),
(2819, 195, 2, 'дошкольное образование', 1, 1500289200),
(2820, 195, 2, 'заочная.', 1, 1500289200),
(2821, 195, 2, 'корпоративное образование', 1, 1500289200),
(2822, 195, 2, 'магистратура', 1, 1500289200),
(2823, 195, 2, 'начальное общее образование', 1, 1500289200),
(2824, 195, 2, 'основное общее образование', 1, 1500289200),
(2825, 195, 2, 'очная (дневная)', 1, 1500289200),
(2826, 195, 2, 'очно-заочная (вечерняя)', 1, 1500289200),
(2827, 195, 2, 'профессиональное обучение', 1, 1500289200),
(2828, 195, 2, 'сетевое обучение', 1, 1500289200),
(2829, 195, 2, 'специалитет', 1, 1500289200),
(2830, 195, 2, 'среднее (полное) общее образование', 1, 1500289200),
(2831, 195, 2, 'среднее профессиональное образование', 1, 1500289200),
(2832, 195, 2, 'электронное и дистанционное обучение', 1, 1500289200),
(2833, 196, 2, 'Авеста', 1, 1500289200),
(2834, 196, 2, 'Айявари', 1, 1500289200),
(2835, 196, 2, 'Антропотеизм', 1, 1500289200),
(2836, 196, 2, 'атеизм', 1, 1500289200),
(2837, 196, 2, 'Бабизм', 1, 1500289200),
(2838, 196, 2, 'Библия', 1, 1500289200),
(2839, 196, 2, 'буддизм', 1, 1500289200),
(2840, 196, 2, 'Веды', 1, 1500289200),
(2841, 196, 2, 'Вера Бахаи', 1, 1500289200),
(2842, 196, 2, 'Вуду', 1, 1500289200),
(2843, 196, 2, 'Гностицизм', 1, 1500289200),
(2844, 196, 2, 'Гуманизм', 1, 1500289200),
(2845, 196, 2, 'дайны', 1, 1500289200),
(2846, 196, 2, 'Дао дэ цзин', 1, 1500289200),
(2847, 196, 2, 'Даосизм', 1, 1500289200),
(2848, 196, 2, 'Деизм', 1, 1500289200),
(2849, 196, 2, 'Джайнизм', 1, 1500289200),
(2850, 196, 2, 'Джедаизм', 1, 1500289200),
(2851, 196, 2, 'Дин-и иллахи', 1, 1500289200),
(2852, 196, 2, 'Дискордианизм', 1, 1500289200),
(2853, 196, 2, 'Древнеегипетская Книга мёртвых', 1, 1500289200),
(2854, 196, 2, 'Дхармашастры', 1, 1500289200),
(2855, 196, 2, 'Единобожие', 1, 1500289200),
(2856, 196, 2, 'Индуизм', 1, 1500289200),
(2857, 196, 2, 'ислам', 1, 1500289200),
(2858, 196, 2, 'Иудаизм', 1, 1500289200),
(2859, 196, 2, 'Кандомбле', 1, 1500289200),
(2860, 196, 2, 'Католицизм', 1, 1500289200),
(2861, 196, 2, 'Кодзики', 1, 1500289200),
(2862, 196, 2, 'Конфуцианство', 1, 1500289200),
(2863, 196, 2, 'Коран', 1, 1500289200),
(2864, 196, 2, 'Круг Земной', 1, 1500289200),
(2865, 196, 2, 'культ предков', 1, 1500289200),
(2866, 196, 2, 'Магия', 1, 1500289200),
(2867, 196, 2, 'Мандеи', 1, 1500289200),
(2868, 196, 2, 'Мистицизм', 1, 1500289200),
(2869, 196, 2, 'Младшая Эдда', 1, 1500289200),
(2870, 196, 2, 'монотеизм', 1, 1500289200),
(2871, 196, 2, 'намаз', 1, 1500289200),
(2872, 196, 2, 'Неоязычество', 1, 1500289200),
(2873, 196, 2, 'Нихон сёки', 1, 1500289200),
(2874, 196, 2, 'Нью-эйдж', 1, 1500289200),
(2875, 196, 2, 'Оккультизм', 1, 1500289200),
(2876, 196, 2, 'Пантеизм', 1, 1500289200),
(2877, 196, 2, 'Пополь-Вух', 1, 1500289200),
(2878, 196, 2, 'пост', 1, 1500289200),
(2879, 196, 2, 'Православие', 1, 1500289200),
(2880, 196, 2, 'причатие', 1, 1500289200),
(2881, 196, 2, 'Протестантизм', 1, 1500289200),
(2882, 196, 2, 'рамадан', 1, 1500289200),
(2883, 196, 2, 'Растафарианство', 1, 1500289200),
(2884, 196, 2, 'Религия', 1, 1500289200),
(2885, 196, 2, 'Самаритяне', 1, 1500289200),
(2886, 196, 2, 'Сатанизм', 1, 1500289200),
(2887, 196, 2, 'Сикхизм', 1, 1500289200),
(2888, 196, 2, 'Синтоизм', 1, 1500289200),
(2889, 196, 2, 'Старшая Эдда', 1, 1500289200),
(2890, 196, 2, 'Теогония', 1, 1500289200),
(2891, 196, 2, 'Тора', 1, 1500289200),
(2892, 196, 2, 'Тотемизм', 1, 1500289200),
(2893, 196, 2, 'Трипитака', 1, 1500289200),
(2894, 196, 2, 'Уладский цикл', 1, 1500289200),
(2895, 196, 2, 'Умбанда', 1, 1500289200),
(2896, 196, 2, 'Универсальная церковь жизни', 1, 1500289200),
(2897, 196, 2, 'хадж', 1, 1500289200),
(2898, 196, 2, 'христианство', 1, 1500289200),
(2899, 196, 2, 'Чучхе', 1, 1500289200),
(2900, 196, 2, 'Шаманизм', 1, 1500289200),
(2901, 196, 2, 'Эзотеризм', 1, 1500289200),
(2902, 196, 2, 'Энеида', 1, 1500289200),
(2903, 196, 2, 'Язычество', 1, 1500289200),
(2904, 197, 2, 'Android', 1, 1500289200),
(2905, 197, 2, 'Apple', 1, 1500289200),
(2906, 197, 2, 'Ethernet', 1, 1500289200),
(2907, 197, 2, 'Internet', 1, 1500289200),
(2908, 197, 2, 'iOS', 1, 1500289200),
(2909, 197, 2, 'IP-адрес', 1, 1500289200),
(2910, 197, 2, 'macOS', 1, 1500289200),
(2911, 197, 2, 'Wi-Fi', 1, 1500289200),
(2912, 197, 2, 'Windows', 1, 1500289200),
(2913, 197, 2, 'аккумулятор', 1, 1500289200),
(2914, 197, 2, 'акустика', 1, 1500289200),
(2915, 197, 2, 'атомная энергетика', 1, 1500289200),
(2916, 197, 2, 'биотехнология', 1, 1500289200),
(2917, 197, 2, 'бытовая техника', 1, 1500289200),
(2918, 197, 2, 'военная техника', 1, 1500289200),
(2919, 197, 2, 'вычислительная техника', 1, 1500289200),
(2920, 197, 2, 'вычислительная техника', 1, 1500289200),
(2921, 197, 2, 'дорожная техника', 1, 1500289200),
(2922, 197, 2, 'интернет', 1, 1500289200),
(2923, 197, 2, 'информационные технологии', 1, 1500289200),
(2924, 197, 2, 'компьютер', 1, 1500289200),
(2925, 197, 2, 'космическая техника', 1, 1500289200),
(2926, 197, 2, 'космическая техника', 1, 1500289200),
(2927, 197, 2, 'локальная сеть', 1, 1500289200),
(2928, 197, 2, 'машиностроительные технологии', 1, 1500289200),
(2929, 197, 2, 'микробиологическая промышленность', 1, 1500289200),
(2930, 197, 2, 'микроэлектроника', 1, 1500289200),
(2931, 197, 2, 'нанотехнология', 1, 1500289200),
(2932, 197, 2, 'наушники', 1, 1500289200),
(2933, 197, 2, 'ноутбук', 1, 1500289200),
(2934, 197, 2, 'принтер', 1, 1500289200),
(2935, 197, 2, 'промышленная техника', 1, 1500289200),
(2936, 197, 2, 'радио', 1, 1500289200),
(2937, 197, 2, 'робототехника', 1, 1500289200),
(2938, 197, 2, 'роутер', 1, 1500289200),
(2939, 197, 2, 'самолётостроение', 1, 1500289200),
(2940, 197, 2, 'системный блок', 1, 1500289200),
(2941, 197, 2, 'строительная техника', 1, 1500289200),
(2942, 197, 2, 'телевизор', 1, 1500289200),
(2943, 197, 2, 'телефон', 1, 1500289200),
(2944, 197, 2, 'технология металлов', 1, 1500289200),
(2945, 197, 2, 'технология строительства', 1, 1500289200),
(2946, 197, 2, 'транспорт', 1, 1500289200),
(2947, 197, 2, 'транспорт', 1, 1500289200),
(2948, 197, 2, 'транспортировка', 1, 1500289200),
(2949, 197, 2, 'химическая технология', 1, 1500289200),
(2950, 197, 2, 'электричество', 1, 1500289200),
(2951, 197, 2, 'электроника', 1, 1500289200),
(2952, 198, 2, 'алкилирование', 1, 1500289200),
(2953, 198, 2, 'алюминий', 1, 1500289200),
(2954, 198, 2, 'аммонолиз', 1, 1500289200),
(2955, 198, 2, 'асфальт', 1, 1500289200),
(2956, 198, 2, 'ацетон', 1, 1500289200),
(2957, 198, 2, 'бензин', 1, 1500289200),
(2958, 198, 2, 'бензол', 1, 1500289200),
(2959, 198, 2, 'бутилены', 1, 1500289200),
(2960, 198, 2, 'высшие жирные спирты ВЖС', 1, 1500289200),
(2961, 198, 2, 'галогенпроизводные', 1, 1500289200),
(2962, 198, 2, 'гидратация', 1, 1500289200),
(2963, 198, 2, 'гидрирование', 1, 1500289200),
(2964, 198, 2, 'дегидрирование', 1, 1500289200),
(2965, 198, 2, 'дегидрирование окислительное', 1, 1500289200),
(2966, 198, 2, 'дёготь', 1, 1500289200),
(2967, 198, 2, 'дизельное топливо', 1, 1500289200),
(2968, 198, 2, 'железная руда', 1, 1500289200),
(2969, 198, 2, 'изомеризация', 1, 1500289200),
(2970, 198, 2, 'карбоновые кислоты', 1, 1500289200),
(2971, 198, 2, 'керосин', 1, 1500289200),
(2972, 198, 2, 'кетоны', 1, 1500289200),
(2973, 198, 2, 'кокс', 1, 1500289200),
(2974, 198, 2, 'коксование', 1, 1500289200),
(2975, 198, 2, 'коксовый газ', 1, 1500289200),
(2976, 198, 2, 'крекинг', 1, 1500289200),
(2977, 198, 2, 'кумол', 1, 1500289200),
(2978, 198, 2, 'латекс', 1, 1500289200),
(2979, 198, 2, 'магний', 1, 1500289200),
(2980, 198, 2, 'мазут', 1, 1500289200),
(2981, 198, 2, 'марганцевая руда', 1, 1500289200),
(2982, 198, 2, 'медь', 1, 1500289200),
(2983, 198, 2, 'металлические порошки чёрных металлов', 1, 1500289200),
(2984, 198, 2, 'метан', 1, 1500289200),
(2985, 198, 2, 'метил-трет-бутиловый эфир МТБЭ', 1, 1500289200),
(2986, 198, 2, 'метилэтилкетон МЭК', 1, 1500289200),
(2987, 198, 2, 'нефтехимикаты ', 1, 1500289200),
(2988, 198, 2, 'нефтяные масла', 1, 1500289200),
(2989, 198, 2, 'никель', 1, 1500289200),
(2990, 198, 2, 'нитробензолы', 1, 1500289200),
(2991, 198, 2, 'нитрование', 1, 1500289200),
(2992, 198, 2, 'огнеупорные глины', 1, 1500289200),
(2993, 198, 2, 'окисление', 1, 1500289200),
(2994, 198, 2, 'олово', 1, 1500289200),
(2995, 198, 2, 'парафин', 1, 1500289200),
(2996, 198, 2, 'пиролиз', 1, 1500289200),
(2997, 198, 2, 'пластмассы', 1, 1500289200),
(2998, 198, 2, 'природный газ', 1, 1500289200),
(2999, 198, 2, 'пропилен', 1, 1500289200),
(3000, 198, 2, 'ректификация', 1, 1500289200),
(3001, 198, 2, 'риформинг', 1, 1500289200),
(3002, 198, 2, 'РТИ', 1, 1500289200),
(3003, 198, 2, 'свинец', 1, 1500289200),
(3004, 198, 2, 'сжиженный нефтяной газ (СНГ)', 1, 1500289200),
(3005, 198, 2, 'синтетические жирные кислоты СЖК', 1, 1500289200),
(3006, 198, 2, 'синтетический каучук', 1, 1500289200),
(3007, 198, 2, 'смазочные материалы', 1, 1500289200),
(3008, 198, 2, 'спирты', 1, 1500289200),
(3009, 198, 2, 'стирол', 1, 1500289200),
(3010, 198, 2, 'технический углерод', 1, 1500289200),
(3011, 198, 2, 'титан', 1, 1500289200),
(3012, 198, 2, 'толуол', 1, 1500289200),
(3013, 198, 2, 'углеродистая сталь', 1, 1500289200),
(3014, 198, 2, 'уголь', 1, 1500289200),
(3015, 198, 2, 'фенолы', 1, 1500289200),
(3016, 198, 2, 'флюсовые известняки', 1, 1500289200),
(3017, 198, 2, 'хромовая руда', 1, 1500289200),
(3018, 198, 2, 'цинк', 1, 1500289200),
(3019, 198, 2, 'чугун', 1, 1500289200),
(3020, 198, 2, 'шина', 1, 1500289200),
(3021, 198, 2, 'этилбензол', 1, 1500289200),
(3022, 198, 2, 'этилен', 1, 1500289200),
(3023, 198, 2, 'эфиры', 1, 1500289200),
(3024, 199, 2, 'водопровод', 1, 1500289200),
(3025, 199, 2, 'газ', 1, 1500289200),
(3026, 199, 2, 'гидроэлектростанция', 1, 1500289200),
(3027, 199, 2, 'горно-химическое сырье', 1, 1500289200),
(3028, 199, 2, 'добыча', 1, 1500289200),
(3029, 199, 2, 'известняк', 1, 1500289200),
(3030, 199, 2, 'каръер', 1, 1500289200),
(3031, 199, 2, 'лёгкие природные заполнители', 1, 1500289200),
(3032, 199, 2, 'лесоэксплуатация', 1, 1500289200),
(3033, 199, 2, 'металлургия', 1, 1500289200),
(3034, 199, 2, 'неметаллические руды', 1, 1500289200),
(3035, 199, 2, 'нерудное сырье', 1, 1500289200),
(3036, 199, 2, 'нерудные строительные материалы', 1, 1500289200),
(3037, 199, 2, 'нефть', 1, 1500289200),
(3038, 199, 2, 'переработка', 1, 1500289200),
(3039, 199, 2, 'предприятия', 1, 1500289200),
(3040, 199, 2, 'прииск', 1, 1500289200),
(3041, 199, 2, 'промышленность', 1, 1500289200),
(3042, 199, 2, 'разведка', 1, 1500289200),
(3043, 199, 2, 'разрез', 1, 1500289200),
(3044, 199, 2, 'рудник', 1, 1500289200),
(3045, 199, 2, 'руды', 1, 1500289200),
(3046, 199, 2, 'скважина', 1, 1500289200),
(3047, 199, 2, 'сланцы', 1, 1500289200),
(3048, 199, 2, 'соли', 1, 1500289200),
(3049, 199, 2, 'торф', 1, 1500289200),
(3050, 199, 2, 'уголь', 1, 1500289200),
(3051, 199, 2, 'уголь', 1, 1500289200),
(3052, 199, 2, 'цветные металлы', 1, 1500289200),
(3053, 199, 2, 'чёрные металлы', 1, 1500289200),
(3054, 199, 2, 'шахта', 1, 1500289200),
(3055, 199, 2, 'электростанция', 1, 1500289200),
(3056, 200, 2, 'Бытовые услуги', 1, 1500289200),
(3057, 200, 2, 'Водоснабжение', 1, 1500289200),
(3058, 200, 2, 'Газоснабжение', 1, 1500289200),
(3059, 200, 2, 'Гостиничные услуги', 1, 1500289200),
(3060, 200, 2, 'Жилищно-коммунальные услуги', 1, 1500289200),
(3061, 200, 2, 'Интимные услуги ', 1, 1500289200),
(3062, 200, 2, 'Информационные услуги ', 1, 1500289200),
(3063, 200, 2, 'ИТ-консалтинг', 1, 1500289200),
(3064, 200, 2, 'Канализация', 1, 1500289200),
(3065, 200, 2, 'Медицинско-санаторные услуги', 1, 1500289200),
(3066, 200, 2, 'Образовательные услуги и просвещение', 1, 1500289200),
(3067, 200, 2, 'Охранные услуги', 1, 1500289200),
(3068, 200, 2, 'Парикмахерские услуги', 1, 1500289200),
(3069, 200, 2, 'Пошивочные услуги', 1, 1500289200),
(3070, 200, 2, 'Развлечения и отдых', 1, 1500289200),
(3071, 200, 2, 'Страхование', 1, 1500289200),
(3072, 200, 2, 'Строительные услуги', 1, 1500289200),
(3073, 200, 2, 'Теплоснабжение', 1, 1500289200),
(3074, 200, 2, 'Торговые услуги', 1, 1500289200),
(3075, 200, 2, 'Транспортные услуги и услуги технического обслуживания транспорта', 1, 1500289200),
(3076, 200, 2, 'Туристские услуги', 1, 1500289200),
(3077, 200, 2, 'Уборка', 1, 1500289200),
(3078, 200, 2, 'Услуги аренды', 1, 1500289200),
(3079, 200, 2, 'Услуги общественного питания', 1, 1500289200),
(3080, 200, 2, 'Услуги переводчиков', 1, 1500289200),
(3081, 200, 2, 'Услуги ремонта бытовой техники', 1, 1500289200),
(3082, 200, 2, 'Услуги ремонта цифровой техники', 1, 1500289200),
(3083, 200, 2, 'Услуги связи и телекоммуникации', 1, 1500289200),
(3084, 200, 2, 'Финансовые услуги', 1, 1500289200),
(3085, 200, 2, 'Электроснабжение', 1, 1500289200),
(3086, 200, 2, 'Юридические услуги', 1, 1500289200),
(3087, 201, 2, 'архитектура', 1, 1500289200),
(3088, 201, 2, 'ввод в эксплуатацию', 1, 1500289200),
(3089, 201, 2, 'девелопмент', 1, 1500289200),
(3090, 201, 2, 'дизайн', 1, 1500289200),
(3091, 201, 2, 'изыскания', 1, 1500289200),
(3092, 201, 2, 'инструменты', 1, 1500289200),
(3093, 201, 2, 'машины', 1, 1500289200),
(3094, 201, 2, 'оборудование', 1, 1500289200),
(3095, 201, 2, 'проектирование', 1, 1500289200),
(3096, 201, 2, 'реконструкция', 1, 1500289200),
(3097, 201, 2, 'ремонт', 1, 1500289200),
(3098, 201, 2, 'реновация', 1, 1500289200),
(3099, 201, 2, 'строительные материалы', 1, 1500289200),
(3100, 201, 2, 'строительные технологии', 1, 1500289200),
(3101, 201, 2, 'строительство', 1, 1500289200),
(3102, 201, 2, 'утилизация', 1, 1500289200),
(3103, 201, 2, 'экспертиза', 1, 1500289200),
(3104, 201, 2, 'эксплуатация', 1, 1500289200),
(3105, 202, 2, 'экономика городская', 1, 1500289200),
(3106, 202, 2, 'экономика государственная', 1, 1500289200),
(3107, 202, 2, 'экономика домохозяйства', 1, 1500289200),
(3108, 202, 2, 'экономика компании', 1, 1500289200),
(3109, 202, 2, 'экономика мировая', 1, 1500289200),
(3110, 202, 2, 'экономика региональная отраслевая', 1, 1500289200),
(3111, 203, 2, 'Авторитаризм', 1, 1500289200),
(3112, 203, 2, 'Анархизм', 1, 1500289200),
(3113, 203, 2, 'бюджетная политика', 1, 1500289200),
(3114, 203, 2, 'внешнеэкономическая политика', 1, 1500289200),
(3115, 203, 2, 'Демократия', 1, 1500289200),
(3116, 203, 2, 'денежно-кредитная политика', 1, 1500289200),
(3117, 203, 2, 'Диктатура', 1, 1500289200),
(3118, 203, 2, 'инвестиционная политика', 1, 1500289200),
(3119, 203, 2, 'Коммунизм', 1, 1500289200),
(3120, 203, 2, 'Консерватизм', 1, 1500289200),
(3121, 203, 2, 'Космополитизм', 1, 1500289200),
(3122, 203, 2, 'Либерализм', 1, 1500289200),
(3123, 203, 2, 'Марксизм', 1, 1500289200),
(3124, 203, 2, 'Милитаризм', 1, 1500289200),
(3125, 203, 2, 'налоговая (фискальная) политика', 1, 1500289200),
(3126, 203, 2, 'Нацизм', 1, 1500289200),
(3127, 203, 2, 'Национализм', 1, 1500289200),
(3128, 203, 2, 'Пацифизм', 1, 1500289200),
(3129, 203, 2, 'Плутократия', 1, 1500289200),
(3130, 203, 2, 'политика в области труда и занятости, рынка рабочей силы, регулирования доходов', 1, 1500289200),
(3131, 203, 2, 'политика внешняя', 1, 1500289200),
(3132, 203, 2, 'политика внутренняя', 1, 1500289200),
(3133, 203, 2, 'политика военная', 1, 1500289200),
(3134, 203, 2, 'политика государственная', 1, 1500289200),
(3135, 203, 2, 'политика демографическая', 1, 1500289200),
(3136, 203, 2, 'политика культурно-информационная', 1, 1500289200),
(3137, 203, 2, 'политика мирового сообщества', 1, 1500289200),
(3138, 203, 2, 'политика научно-техническая', 1, 1500289200),
(3139, 203, 2, 'политика национальная', 1, 1500289200),
(3140, 203, 2, 'политика национальная', 1, 1500289200),
(3141, 203, 2, 'политика общественного движения', 1, 1500289200),
(3142, 203, 2, 'политика общественной организации', 1, 1500289200),
(3143, 203, 2, 'политика партии', 1, 1500289200),
(3144, 203, 2, 'политика региональная', 1, 1500289200),
(3145, 203, 2, 'политика социальная', 1, 1500289200),
(3146, 203, 2, 'политика экономическая', 1, 1500289200),
(3147, 203, 2, 'Самодержавие', 1, 1500289200),
(3148, 203, 2, 'Социализм', 1, 1500289200),
(3149, 203, 2, 'Теократия', 1, 1500289200),
(3150, 203, 2, 'Тимократия', 1, 1500289200),
(3151, 203, 2, 'Тоталитаризм', 1, 1500289200),
(3152, 203, 2, 'Фашизм', 1, 1500289200),
(3153, 204, 2, 'брачность', 1, 1500289200),
(3154, 204, 2, 'возрастно-половой состав', 1, 1500289200),
(3155, 204, 2, 'демографическая статистика', 1, 1500289200),
(3156, 204, 2, 'демография', 1, 1500289200),
(3157, 204, 2, 'естественный прирост', 1, 1500289200),
(3158, 204, 2, 'медицина', 1, 1500289200),
(3159, 204, 2, 'миграция', 1, 1500289200),
(3160, 204, 2, 'плотность', 1, 1500289200),
(3161, 204, 2, 'половозрастная структура населения', 1, 1500289200),
(3162, 204, 2, 'расселение', 1, 1500289200),
(3163, 204, 2, 'рождаемость', 1, 1500289200),
(3164, 204, 2, 'семейное состояние', 1, 1500289200),
(3165, 204, 2, 'смертность', 1, 1500289200),
(3166, 204, 2, 'состав расовый', 1, 1500289200),
(3167, 204, 2, 'состав религиозный', 1, 1500289200),
(3168, 204, 2, 'состав этнический', 1, 1500289200),
(3169, 204, 2, 'состав языковой', 1, 1500289200),
(3170, 204, 2, 'социология', 1, 1500289200),
(3171, 204, 2, 'урбанизация', 1, 1500289200),
(3172, 204, 2, 'уровень жизни', 1, 1500289200),
(3173, 204, 2, 'уровень образования', 1, 1500289200),
(3174, 204, 2, 'уровень социально-экономического развития', 1, 1500289200),
(3175, 204, 2, 'численность', 1, 1500289200),
(3176, 204, 2, 'этнография', 1, 1500289200),
(3177, 205, 2, 'внешнеполитическая деятельность', 1, 1500289200),
(3178, 205, 2, 'военная доктрина', 1, 1500289200),
(3179, 205, 2, 'вооружённые силы', 1, 1500289200),
(3180, 205, 2, 'глава государства (правительства)', 1, 1500289200),
(3181, 205, 2, 'государственная деятельность', 1, 1500289200),
(3182, 205, 2, 'государственная казна', 1, 1500289200),
(3183, 205, 2, 'государственные символы', 1, 1500289200),
(3184, 205, 2, 'государственный язык (языки)', 1, 1500289200),
(3185, 205, 2, 'гражданство', 1, 1500289200),
(3186, 205, 2, 'денежная система', 1, 1500289200),
(3187, 205, 2, 'законодательство', 1, 1500289200),
(3188, 205, 2, 'конституция', 1, 1500289200),
(3189, 205, 2, 'налоговые сборы', 1, 1500289200),
(3190, 205, 2, 'население', 1, 1500289200),
(3191, 205, 2, 'парламент', 1, 1500289200),
(3192, 205, 2, 'периферийные административные организации', 1, 1500289200),
(3193, 205, 2, 'политическая деятельность', 1, 1500289200),
(3194, 205, 2, 'правоохранительная деятельность', 1, 1500289200),
(3195, 205, 2, 'собственность (ресурсы)', 1, 1500289200),
(3196, 205, 2, 'столица', 1, 1500289200),
(3197, 205, 2, 'суверенитет ', 1, 1500289200),
(3198, 205, 2, 'суд', 1, 1500289200),
(3199, 205, 2, 'территория', 1, 1500289200),
(3200, 205, 2, 'хозяйственная деятельность', 1, 1500289200),
(3201, 206, 2, 'военно-стратегические', 1, 1500289200),
(3202, 206, 2, 'глобальные', 1, 1500289200),
(3203, 206, 2, 'глобальные/общепланетные', 1, 1500289200),
(3204, 206, 2, 'идеологические', 1, 1500289200),
(3205, 206, 2, 'культурные', 1, 1500289200),
(3206, 206, 2, 'межгосударственные отношения', 1, 1500289200),
(3207, 206, 2, 'межпартийные отношения', 1, 1500289200),
(3208, 206, 2, 'общепланетные', 1, 1500289200),
(3209, 206, 2, 'отношения войны ', 1, 1500289200),
(3210, 206, 2, 'отношения высокого уровня', 1, 1500289200),
(3211, 206, 2, 'отношения высокого уровня', 1, 1500289200),
(3212, 206, 2, 'отношения доверия и вражды', 1, 1500289200),
(3213, 206, 2, 'отношения доверия и вражды', 1, 1500289200),
(3214, 206, 2, 'отношения конфликта', 1, 1500289200),
(3215, 206, 2, 'отношения между международными государствами', 1, 1500289200),
(3216, 206, 2, 'отношения между ТНК', 1, 1500289200),
(3217, 206, 2, 'отношения между частными лицами', 1, 1500289200),
(3218, 206, 2, 'отношения мира', 1, 1500289200),
(3219, 206, 2, 'отношения мира и войны', 1, 1500289200),
(3220, 206, 2, 'отношения нестабильности', 1, 1500289200),
(3221, 206, 2, 'отношения низкого уровня', 1, 1500289200),
(3222, 206, 2, 'отношения низкого уровня', 1, 1500289200),
(3223, 206, 2, 'отношения сотрудничества', 1, 1500289200),
(3224, 206, 2, 'отношения сотрудничества и конфликта', 1, 1500289200),
(3225, 206, 2, 'отношения среднего уровня', 1, 1500289200),
(3226, 206, 2, 'отношения среднего уровня', 1, 1500289200),
(3227, 206, 2, 'отношения стабильности', 1, 1500289200),
(3228, 206, 2, 'отношения стабильности и нестабильности', 1, 1500289200),
(3229, 206, 2, 'политические', 1, 1500289200),
(3230, 206, 2, 'региональные', 1, 1500289200),
(3231, 206, 2, 'региональные', 1, 1500289200),
(3232, 206, 2, 'субрегиональные', 1, 1500289200),
(3233, 206, 2, 'субрегиональные', 1, 1500289200),
(3234, 206, 2, 'экономические', 1, 1500289200),
(3235, 207, 2, 'боевые действия', 1, 1500289200),
(3236, 207, 2, 'бюджет военный', 1, 1500289200),
(3237, 207, 2, 'военная наука', 1, 1500289200),
(3238, 207, 2, 'военная служба', 1, 1500289200),
(3239, 207, 2, 'военное дело', 1, 1500289200),
(3240, 207, 2, 'военные учения', 1, 1500289200),
(3241, 207, 2, 'война', 1, 1500289200),
(3242, 207, 2, 'оружие', 1, 1500289200),
(3243, 207, 2, 'разведка военная', 1, 1500289200),
(3244, 207, 2, 'снаряжение военное', 1, 1500289200),
(3245, 207, 2, 'техника военная', 1, 1500289200),
(3246, 208, 2, 'кейс', 1, 1500289200),
(3247, 209, 2, 'объявление до 72 часов', 1, 1500289200),
(3248, 210, 2, 'подписка на статус Специалист', 1, 1500289200),
(3249, 211, 2, 'статус Пользователь', 1, 1500289200),
(3250, 212, 2, 'подписка', 1, 1500289200),
(3251, 213, 2, 'СОС объявление', 1, 1500289200),
(3252, 213, 2, 'объявление до 30 дней', 1, 1500289200),
(3253, 214, 2, 'реклама', 1, 1500289200),
(3256, 96, 2, 'образование высшее профессиональное', 1, 1502362662);

-- --------------------------------------------------------

--
-- Структура таблицы `cities`
--

CREATE TABLE IF NOT EXISTS `cities` (
  `id` int(11) NOT NULL AUTO_INCREMENT,
  `region_id` int(11) DEFAULT NULL,
  `name` varchar(255) NOT NULL,
  `status` smallint(6) DEFAULT NULL,
  `time_update` int(11) DEFAULT NULL,
  PRIMARY KEY (`id`)
) ENGINE=InnoDB  DEFAULT CHARSET=utf8 AUTO_INCREMENT=1108 ;

--
-- Дамп данных таблицы `cities`
--

INSERT INTO `cities` (`id`, `region_id`, `name`, `status`, `time_update`) VALUES
(1, 77, 'Москва ', 1, 494417834),
(3, 54, 'Новосибирск ', 1, 494417834),
(4, 66, 'Екатеринбург ', 1, 494417834),
(5, 52, 'Нижний-Новгород ', 1, 494417834),
(6, 16, 'Казань ', 1, 494417834),
(7, 74, 'Челябинск ', 1, 494417834),
(8, 55, 'Омск ', 1, 494417834),
(9, 63, 'Самара ', 1, 494417834),
(10, 61, 'Ростов-на-Дону ', 1, 494417834),
(11, 19, 'Абаза', 1, 494417834),
(12, 19, 'Абакан', 1, 494417834),
(13, 56, 'Абдулино', 1, 494417834),
(14, 23, 'Абинск', 1, 494417834),
(15, 2, 'Агидель', 1, 494417834),
(16, 16, 'Агрыз', 1, 494417834),
(17, 1, 'Адыгейск', 1, 494417834),
(18, 16, 'Азнакаево', 1, 494417834),
(19, 61, 'Азов', 1, 494417834),
(20, 17, 'Ак-Довурак', 1, 494417834),
(21, 61, 'Аксай', 1, 494417834),
(22, 15, 'Алагир', 1, 494417834),
(23, 66, 'Алапаевск', 1, 494417834),
(24, 21, 'Алатырь', 1, 494417834),
(25, 14, 'Алдан', 1, 494417834),
(26, 22, 'Алейск', 1, 494417834),
(27, 33, 'Александров', 1, 494417834),
(28, 59, 'Александровск', 1, 494417834),
(29, 65, 'Александровск-Сахалинский', 1, 494417834),
(30, 31, 'Алексеевка', 1, 494417834),
(31, 71, 'Алексин', 1, 494417834),
(32, 38, 'Алзамай', 1, 494417834),
(33, 16, 'Альметьевск', 1, 494417834),
(34, 27, 'Амурск', 1, 494417834),
(35, 87, 'Анадырь', 1, 494417834),
(36, 23, 'Анапа', 1, 494417834),
(37, 38, 'Ангарск', 1, 494417834),
(38, 69, 'Андреаполь', 1, 494417834),
(39, 42, 'Анжеро-Судженск', 1, 494417834),
(40, 65, 'Анива', 1, 494417834),
(41, 51, 'Апатиты', 1, 494417834),
(42, 50, 'Апрелевка', 1, 494417834),
(43, 23, 'Апшеронск', 1, 494417834),
(44, 66, 'Арамиль', 1, 494417834),
(45, 20, 'Аргун', 1, 494417834),
(46, 52, 'Ардатов', 1, 494417834),
(47, 15, 'Ардон', 1, 494417834),
(48, 52, 'Арзамас', 1, 494417834),
(49, 64, 'Аркадак', 1, 494417834),
(50, 23, 'Армавир', 1, 494417834),
(51, 25, 'Арсеньев', 1, 494417834),
(52, 16, 'Арск', 1, 494417834),
(53, 25, 'Артём', 1, 494417834),
(54, 24, 'Артёмовск', 1, 494417834),
(55, 66, 'Артёмовский', 1, 494417834),
(56, 29, 'Архангельск', 1, 494417834),
(57, 66, 'Асбест', 1, 494417834),
(58, 70, 'Асино', 1, 494417834),
(59, 30, 'Астрахань', 1, 494417834),
(60, 64, 'Аткарск', 1, 494417834),
(61, 30, 'Ахтубинск', 1, 494417834),
(62, 24, 'Ачинск', 1, 494417834),
(63, 74, 'Аша', 1, 494417834),
(64, 35, 'Бабаево', 1, 494417834),
(65, 3, 'Бабушкин', 1, 494417834),
(66, 16, 'Бавлы', 1, 494417834),
(67, 39, 'Багратионовск', 1, 494417834),
(68, 38, 'Байкальск', 1, 494417834),
(69, 2, 'Баймак', 1, 494417834),
(70, 74, 'Бакал', 1, 494417834),
(71, 7, 'Баксан', 1, 494417834),
(72, 40, 'Балабаново', 1, 494417834),
(73, 64, 'Балаково', 1, 494417834),
(74, 52, 'Балахна', 1, 494417834),
(75, 50, 'Балашиха', 1, 494417834),
(76, 64, 'Балашов', 1, 494417834),
(77, 75, 'Балей', 1, 494417834),
(78, 39, 'Балтийск', 1, 494417834),
(79, 54, 'Барабинск', 1, 494417834),
(80, 22, 'Барнаул', 1, 494417834),
(81, 73, 'Барыш', 1, 494417834),
(82, 61, 'Батайск', 1, 494417834),
(83, 69, 'Бежецк', 1, 494417834),
(84, 61, 'Белая Калитва', 1, 494417834),
(85, 43, 'Белая Холуница', 1, 494417834),
(86, 31, 'Белгород', 1, 494417834),
(87, 2, 'Белебей', 1, 494417834),
(88, 71, 'Белёв', 1, 494417834),
(89, 58, 'Белинский', 1, 494417834),
(90, 42, 'Белово', 1, 494417834),
(91, 28, 'Белогорск', 1, 494417834),
(92, 35, 'Белозерск', 1, 494417834),
(93, 22, 'Белокуриха', 1, 494417834),
(94, 10, 'Беломорск', 1, 494417834),
(95, 2, 'Белорецк', 1, 494417834),
(96, 23, 'Белореченск', 1, 494417834),
(97, 40, 'Белоусово', 1, 494417834),
(98, 86, 'Белоярский', 1, 494417834),
(99, 69, 'Белый', 1, 494417834),
(100, 54, 'Бердск', 1, 494417834),
(101, 59, 'Березники', 1, 494417834),
(102, 42, 'Берёзовский', 1, 494417834),
(103, 66, 'Берёзовский', 1, 494417834),
(104, 15, 'Беслан', 1, 494417834),
(105, 22, 'Бийск', 1, 494417834),
(106, 27, 'Бикин', 1, 494417834),
(107, 87, 'Билибино', 1, 494417834),
(108, 79, 'Биробиджан', 1, 494417834),
(109, 2, 'Бирск', 1, 494417834),
(110, 38, 'Бирюсинск', 1, 494417834),
(111, 31, 'Бирюч', 1, 494417834),
(112, 28, 'Благовещенск', 1, 494417834),
(113, 2, 'Благовещенск', 1, 494417834),
(114, 26, 'Благодарный', 1, 494417834),
(115, 36, 'Бобров', 1, 494417834),
(116, 66, 'Богданович', 1, 494417834),
(117, 71, 'Богородицк', 1, 494417834),
(118, 52, 'Богородск', 1, 494417834),
(119, 24, 'Боготол', 1, 494417834),
(120, 36, 'Богучар', 1, 494417834),
(121, 38, 'Бодайбо', 1, 494417834),
(122, 47, 'Бокситогорск', 1, 494417834),
(123, 16, 'Болгар', 1, 494417834),
(124, 69, 'Бологое', 1, 494417834),
(125, 54, 'Болотное', 1, 494417834),
(126, 71, 'Болохово', 1, 494417834),
(127, 57, 'Болхов', 1, 494417834),
(128, 25, 'Большой Камень', 1, 494417834),
(129, 52, 'Бор', 1, 494417834),
(130, 75, 'Борзя', 1, 494417834),
(131, 36, 'Борисоглебск', 1, 494417834),
(132, 53, 'Боровичи', 1, 494417834),
(133, 40, 'Боровск', 1, 494417834),
(134, 24, 'Бородино', 1, 494417834),
(135, 38, 'Братск', 1, 494417834),
(136, 50, 'Бронницы', 1, 494417834),
(137, 32, 'Брянск', 1, 494417834),
(138, 16, 'Бугульма', 1, 494417834),
(139, 56, 'Бугуруслан', 1, 494417834),
(140, 26, 'Будённовск', 1, 494417834),
(141, 56, 'Бузулук', 1, 494417834),
(142, 16, 'Буинск', 1, 494417834),
(143, 44, 'Буй', 1, 494417834),
(144, 5, 'Буйнакск', 1, 494417834),
(145, 36, 'Бутурлиновка', 1, 494417834),
(146, 53, 'Валдай', 1, 494417834),
(147, 31, 'Валуйки', 1, 494417834),
(148, 67, 'Велиж', 1, 494417834),
(149, 60, 'Великие Луки', 1, 494417834),
(150, 53, 'Великий Новгород', 1, 494417834),
(151, 35, 'Великий Устюг', 1, 494417834),
(152, 29, 'Вельск', 1, 494417834),
(153, 71, 'Венёв', 1, 494417834),
(154, 59, 'Верещагино', 1, 494417834),
(155, 50, 'Верея', 1, 494417834),
(156, 74, 'Верхнеуральск', 1, 494417834),
(157, 66, 'Верхний Тагил', 1, 494417834),
(158, 74, 'Верхний Уфалей', 1, 494417834),
(159, 66, 'Верхняя Пышма', 1, 494417834),
(160, 66, 'Верхняя Салда', 1, 494417834),
(161, 66, 'Верхняя Тура', 1, 494417834),
(162, 66, 'Верхотурье', 1, 494417834),
(163, 14, 'Верхоянск', 1, 494417834),
(164, 69, 'Весьегонск', 1, 494417834),
(165, 52, 'Ветлуга', 1, 494417834),
(166, 50, 'Видное', 1, 494417834),
(167, 14, 'Вилюйск', 1, 494417834),
(168, 41, 'Вилючинск', 1, 494417834),
(169, 38, 'Вихоревка', 1, 494417834),
(170, 37, 'Вичуга', 1, 494417834),
(171, 25, 'Владивосток', 1, 494417834),
(172, 15, 'Владикавказ', 1, 494417834),
(173, 33, 'Владимир', 1, 494417834),
(174, 34, 'Волгоград', 1, 494417834),
(175, 61, 'Волгодонск', 1, 494417834),
(176, 44, 'Волгореченск', 1, 494417834),
(177, 12, 'Волжск', 1, 494417834),
(178, 34, 'Волжский', 1, 494417834),
(179, 35, 'Вологда', 1, 494417834),
(180, 52, 'Володарск', 1, 494417834),
(181, 50, 'Волоколамск', 1, 494417834),
(182, 47, 'Волосово', 1, 494417834),
(183, 47, 'Волхов', 1, 494417834),
(184, 66, 'Волчанск', 1, 494417834),
(185, 64, 'Вольск', 1, 494417834),
(186, 11, 'Воркута', 1, 494417834),
(187, 36, 'Воронеж', 1, 494417834),
(188, 52, 'Ворсма', 1, 494417834),
(189, 50, 'Воскресенск', 1, 494417834),
(190, 18, 'Воткинск', 1, 494417834),
(191, 47, 'Всеволожск', 1, 494417834),
(192, 11, 'Вуктыл', 1, 494417834),
(193, 47, 'Выборг', 1, 494417834),
(194, 52, 'Выкса', 1, 494417834),
(195, 50, 'Высоковск', 1, 494417834),
(196, 47, 'Высоцк', 1, 494417834),
(197, 35, 'Вытегра', 1, 494417834),
(198, 69, 'Вышний Волочёк', 1, 494417834),
(199, 27, 'Вяземский', 1, 494417834),
(200, 33, 'Вязники', 1, 494417834),
(201, 67, 'Вязьма', 1, 494417834),
(202, 43, 'Вятские Поляны', 1, 494417834),
(203, 37, 'Гаврилов Посад', 1, 494417834),
(204, 76, 'Гаврилов-Ям', 1, 494417834),
(205, 67, 'Гагарин', 1, 494417834),
(206, 51, 'Гаджиево', 1, 494417834),
(207, 56, 'Гай', 1, 494417834),
(208, 44, 'Галич', 1, 494417834),
(209, 47, 'Гатчина', 1, 494417834),
(210, 39, 'Гвардейск', 1, 494417834),
(211, 60, 'Гдов', 1, 494417834),
(212, 23, 'Геленджик', 1, 494417834),
(213, 26, 'Георгиевск', 1, 494417834),
(214, 18, 'Глазов', 1, 494417834),
(215, 50, 'Голицыно', 1, 494417834),
(216, 52, 'Горбатов', 1, 494417834),
(217, 22, 'Горно-Алтайск', 1, 494417834),
(218, 59, 'Горнозаводск', 1, 494417834),
(219, 22, 'Горняк', 1, 494417834),
(220, 52, 'Городец', 1, 494417834),
(221, 58, 'Городище', 1, 494417834),
(222, 8, 'Городовиковск', 1, 494417834),
(223, 33, 'Гороховец', 1, 494417834),
(224, 23, 'Горячий Ключ', 1, 494417834),
(225, 31, 'Грайворон', 1, 494417834),
(226, 59, 'Гремячинск', 1, 494417834),
(227, 20, 'Грозный', 1, 494417834),
(228, 48, 'Грязи', 1, 494417834),
(229, 35, 'Грязовец', 1, 494417834),
(230, 59, 'Губаха', 1, 494417834),
(231, 31, 'Губкин', 1, 494417834),
(232, 89, 'Губкинский', 1, 494417834),
(233, 20, 'Гудермес', 1, 494417834),
(234, 61, 'Гуково', 1, 494417834),
(235, 23, 'Гулькевичи', 1, 494417834),
(236, 39, 'Гурьевск', 1, 494417834),
(237, 42, 'Гурьевск', 1, 494417834),
(238, 39, 'Гусев', 1, 494417834),
(239, 3, 'Гусиноозёрск', 1, 494417834),
(240, 33, 'Гусь-Хрустальный', 1, 494417834),
(241, 2, 'Давлеканово', 1, 494417834),
(242, 5, 'Дагестанские Огни', 1, 494417834),
(243, 45, 'Далматово', 1, 494417834),
(244, 25, 'Дальнегорск', 1, 494417834),
(245, 25, 'Дальнереченск', 1, 494417834),
(246, 76, 'Данилов', 1, 494417834),
(247, 48, 'Данков', 1, 494417834),
(248, 66, 'Дегтярск', 1, 494417834),
(249, 50, 'Дедовск', 1, 494417834),
(250, 67, 'Демидов', 1, 494417834),
(251, 5, 'Дербент', 1, 494417834),
(252, 67, 'Десногорск', 1, 494417834),
(253, 52, 'Дзержинск', 1, 494417834),
(254, 50, 'Дзержинский', 1, 494417834),
(255, 24, 'Дивногорск', 1, 494417834),
(256, 15, 'Дигора', 1, 494417834),
(257, 73, 'Димитровград', 1, 494417834),
(258, 46, 'Дмитриев', 1, 494417834),
(259, 50, 'Дмитров', 1, 494417834),
(260, 57, 'Дмитровск', 1, 494417834),
(261, 60, 'Дно', 1, 494417834),
(262, 59, 'Добрянка', 1, 494417834),
(263, 50, 'Долгопрудный', 1, 494417834),
(264, 65, 'Долинск', 1, 494417834),
(265, 50, 'Домодедово', 1, 494417834),
(266, 61, 'Донецк', 1, 494417834),
(267, 71, 'Донской', 1, 494417834),
(268, 67, 'Дорогобуж', 1, 494417834),
(269, 50, 'Дрезна', 1, 494417834),
(270, 50, 'Дубна', 1, 494417834),
(271, 34, 'Дубовка', 1, 494417834),
(272, 24, 'Дудинка', 1, 494417834),
(273, 67, 'Духовщина', 1, 494417834),
(274, 2, 'Дюртюли', 1, 494417834),
(275, 32, 'Дятьково', 1, 494417834),
(276, 50, 'Егорьевск', 1, 494417834),
(277, 23, 'Ейск', 1, 494417834),
(278, 16, 'Елабуга', 1, 494417834),
(279, 48, 'Елец', 1, 494417834),
(280, 41, 'Елизово', 1, 494417834),
(281, 67, 'Ельня', 1, 494417834),
(282, 74, 'Еманжелинск', 1, 494417834),
(283, 11, 'Емва', 1, 494417834),
(284, 24, 'Енисейск', 1, 494417834),
(285, 40, 'Ермолино', 1, 494417834),
(286, 64, 'Ершов', 1, 494417834),
(287, 26, 'Ессентуки', 1, 494417834),
(288, 71, 'Ефремов', 1, 494417834),
(289, 26, 'Железноводск', 1, 494417834),
(290, 24, 'Железногорск', 1, 494417834),
(291, 46, 'Железногорск', 1, 494417834),
(292, 38, 'Железногорск-Илимский', 1, 494417834),
(293, 50, 'Железнодорожный', 1, 494417834),
(294, 68, 'Жердевка', 1, 494417834),
(295, 63, 'Жигулёвск', 1, 494417834),
(296, 40, 'Жиздра', 1, 494417834),
(297, 34, 'Жирновск', 1, 494417834),
(298, 40, 'Жуков', 1, 494417834),
(299, 32, 'Жуковка', 1, 494417834),
(300, 50, 'Жуковский', 1, 494417834),
(301, 28, 'Завитинск', 1, 494417834),
(302, 72, 'Заводоуковск', 1, 494417834),
(303, 37, 'Заволжск', 1, 494417834),
(304, 52, 'Заволжье', 1, 494417834),
(305, 48, 'Задонск', 1, 494417834),
(306, 16, 'Заинск', 1, 494417834),
(307, 3, 'Закаменск', 1, 494417834),
(308, 24, 'Заозёрный', 1, 494417834),
(309, 51, 'Заозёрск', 1, 494417834),
(310, 69, 'Западная Двина', 1, 494417834),
(311, 51, 'Заполярный', 1, 494417834),
(312, 50, 'Зарайск', 1, 494417834),
(313, 58, 'Заречный', 1, 494417834),
(314, 66, 'Заречный', 1, 494417834),
(315, 22, 'Заринск', 1, 494417834),
(316, 12, 'Звенигово', 1, 494417834),
(317, 50, 'Звенигород', 1, 494417834),
(318, 61, 'Зверево', 1, 494417834),
(319, 24, 'Зеленогорск', 1, 494417834),
(320, 78, 'Адмиралтейский район', 1, 494417834),
(321, 39, 'Зеленоградск', 1, 494417834),
(322, 16, 'Зеленодольск', 1, 494417834),
(323, 26, 'Зеленокумск', 1, 494417834),
(324, 61, 'Зерноград', 1, 494417834),
(325, 28, 'Зея', 1, 494417834),
(326, 38, 'Зима', 1, 494417834),
(327, 74, 'Златоуст', 1, 494417834),
(328, 32, 'Злынка', 1, 494417834),
(329, 22, 'Змеиногорск', 1, 494417834),
(330, 30, 'Знаменск', 1, 494417834),
(331, 69, 'Зубцов', 1, 494417834),
(332, 43, 'Зуевка', 1, 494417834),
(333, 47, 'Ивангород', 1, 494417834),
(334, 37, 'Иваново', 1, 494417834),
(335, 50, 'Ивантеевка', 1, 494417834),
(336, 66, 'Ивдель', 1, 494417834),
(337, 24, 'Игарка', 1, 494417834),
(338, 18, 'Ижевск', 1, 494417834),
(339, 5, 'Избербаш', 1, 494417834),
(340, 26, 'Изобильный', 1, 494417834),
(341, 24, 'Иланский', 1, 494417834),
(342, 73, 'Инза', 1, 494417834),
(343, 13, 'Инсар', 1, 494417834),
(344, 11, 'Инта', 1, 494417834),
(345, 26, 'Ипатово', 1, 494417834),
(346, 66, 'Ирбит', 1, 494417834),
(347, 38, 'Иркутск', 1, 494417834),
(348, 55, 'Исилькуль', 1, 494417834),
(349, 54, 'Искитим', 1, 494417834),
(350, 50, 'Истра', 1, 494417834),
(351, 72, 'Ишим', 1, 494417834),
(352, 2, 'Ишимбай', 1, 494417834),
(353, 12, 'Йошкар-Ола', 1, 494417834),
(354, 35, 'Кадников', 1, 494417834),
(355, 36, 'Калач', 1, 494417834),
(356, 55, 'Калачинск', 1, 494417834),
(357, 34, 'Калач-на-Дону', 1, 494417834),
(358, 39, 'Калининград', 1, 494417834),
(359, 64, 'Калининск', 1, 494417834),
(360, 42, 'Калтан', 1, 494417834),
(361, 40, 'Калуга', 1, 494417834),
(362, 69, 'Калязин', 1, 494417834),
(363, 18, 'Камбарка', 1, 494417834),
(364, 58, 'Каменка', 1, 494417834),
(365, 47, 'Каменногорск', 1, 494417834),
(366, 66, 'Каменск-Уральский', 1, 494417834),
(367, 61, 'Каменск-Шахтинский', 1, 494417834),
(368, 22, 'Камень-на-Оби', 1, 494417834),
(369, 33, 'Камешково', 1, 494417834),
(370, 30, 'Камызяк', 1, 494417834),
(371, 34, 'Камышин', 1, 494417834),
(372, 66, 'Камышлов', 1, 494417834),
(373, 21, 'Канаш', 1, 494417834),
(374, 51, 'Кандалакша', 1, 494417834),
(375, 24, 'Канск', 1, 494417834),
(376, 33, 'Карабаново', 1, 494417834),
(377, 74, 'Карабаш', 1, 494417834),
(378, 6, 'Карабулак', 1, 494417834),
(379, 54, 'Карасук', 1, 494417834),
(380, 9, 'Карачаевск', 1, 494417834),
(381, 32, 'Карачев', 1, 494417834),
(382, 54, 'Каргат', 1, 494417834),
(383, 29, 'Каргополь', 1, 494417834),
(384, 66, 'Карпинск', 1, 494417834),
(385, 74, 'Карталы', 1, 494417834),
(386, 62, 'Касимов', 1, 494417834),
(387, 74, 'Касли', 1, 494417834),
(388, 5, 'Каспийск', 1, 494417834),
(389, 74, 'Катав-Ивановск', 1, 494417834),
(390, 45, 'Катайск', 1, 494417834),
(391, 66, 'Качканар', 1, 494417834),
(392, 69, 'Кашин', 1, 494417834),
(393, 50, 'Кашира', 1, 494417834),
(394, 70, 'Кедровый', 1, 494417834),
(395, 42, 'Кемерово', 1, 494417834),
(396, 10, 'Кемь', 1, 494417834),
(397, 59, 'Кизел', 1, 494417834),
(398, 5, 'Кизилюрт', 1, 494417834),
(399, 5, 'Кизляр', 1, 494417834),
(400, 71, 'Кимовск', 1, 494417834),
(401, 69, 'Кимры', 1, 494417834),
(402, 47, 'Кингисепп', 1, 494417834),
(403, 63, 'Кинель', 1, 494417834),
(404, 37, 'Кинешма', 1, 494417834),
(405, 71, 'Киреевск', 1, 494417834),
(406, 38, 'Киренск', 1, 494417834),
(407, 33, 'Киржач', 1, 494417834),
(408, 35, 'Кириллов', 1, 494417834),
(409, 47, 'Кириши', 1, 494417834),
(410, 40, 'Киров', 1, 494417834),
(411, 43, 'Киров', 1, 494417834),
(412, 66, 'Кировград', 1, 494417834),
(413, 43, 'Кирово-Чепецк', 1, 494417834),
(414, 47, 'Кировск', 1, 494417834),
(415, 51, 'Кировск', 1, 494417834),
(416, 43, 'Кирс', 1, 494417834),
(417, 68, 'Кирсанов', 1, 494417834),
(418, 42, 'Киселёвск', 1, 494417834),
(419, 26, 'Кисловодск', 1, 494417834),
(420, 50, 'Климовск', 1, 494417834),
(421, 50, 'Клин', 1, 494417834),
(422, 32, 'Клинцы', 1, 494417834),
(423, 52, 'Княгинино', 1, 494417834),
(424, 51, 'Ковдор', 1, 494417834),
(425, 33, 'Ковров', 1, 494417834),
(426, 13, 'Ковылкино', 1, 494417834),
(427, 86, 'Когалым', 1, 494417834),
(428, 24, 'Кодинск', 1, 494417834),
(429, 40, 'Козельск', 1, 494417834),
(430, 21, 'Козловка', 1, 494417834),
(431, 12, 'Козьмодемьянск', 1, 494417834),
(432, 51, 'Кола', 1, 494417834),
(433, 44, 'Кологрив', 1, 494417834),
(434, 50, 'Коломна', 1, 494417834),
(435, 70, 'Колпашево', 1, 494417834),
(436, 78, 'Василеостровский район', 1, 494417834),
(437, 33, 'Кольчугино', 1, 494417834),
(438, 47, 'Коммунар', 1, 494417834),
(439, 37, 'Комсомольск', 1, 494417834),
(440, 27, 'Комсомольск-на-Амуре', 1, 494417834),
(441, 69, 'Конаково', 1, 494417834),
(442, 10, 'Кондопога', 1, 494417834),
(443, 40, 'Кондрово', 1, 494417834),
(444, 61, 'Константиновск', 1, 494417834),
(445, 74, 'Копейск', 1, 494417834),
(446, 62, 'Кораблино', 1, 494417834),
(447, 23, 'Кореновск', 1, 494417834),
(448, 74, 'Коркино', 1, 494417834),
(449, 50, 'Королёв', 1, 494417834),
(450, 31, 'Короча', 1, 494417834),
(451, 65, 'Корсаков', 1, 494417834),
(452, 29, 'Коряжма', 1, 494417834),
(453, 33, 'Костерёво', 1, 494417834),
(454, 10, 'Костомукша', 1, 494417834),
(455, 44, 'Кострома', 1, 494417834),
(456, 50, 'Котельники', 1, 494417834),
(457, 34, 'Котельниково', 1, 494417834),
(458, 43, 'Котельнич', 1, 494417834),
(459, 29, 'Котлас', 1, 494417834),
(460, 34, 'Котово', 1, 494417834),
(461, 68, 'Котовск', 1, 494417834),
(462, 37, 'Кохма', 1, 494417834),
(463, 35, 'Красавино', 1, 494417834),
(464, 50, 'Красноармейск', 1, 494417834),
(465, 64, 'Красноармейск', 1, 494417834),
(466, 59, 'Красновишерск', 1, 494417834),
(467, 50, 'Красногорск', 1, 494417834),
(468, 23, 'Краснодар', 1, 494417834),
(469, 78, 'Выборгский район', 1, 494417834),
(470, 50, 'Краснозаводск', 1, 494417834),
(471, 39, 'Краснознаменск', 1, 494417834),
(472, 50, 'Краснознаменск', 1, 494417834),
(473, 75, 'Краснокаменск', 1, 494417834),
(474, 59, 'Краснокамск', 1, 494417834),
(475, 34, 'Краснослободск', 1, 494417834),
(476, 13, 'Краснослободск', 1, 494417834),
(477, 66, 'Краснотурьинск', 1, 494417834),
(478, 66, 'Красноуральск', 1, 494417834),
(479, 66, 'Красноуфимск', 1, 494417834),
(480, 24, 'Красноярск', 1, 494417834),
(481, 64, 'Красный Кут', 1, 494417834),
(482, 61, 'Красный Сулин', 1, 494417834),
(483, 69, 'Красный Холм', 1, 494417834),
(484, 40, 'Кремёнки', 1, 494417834),
(485, 78, 'Калининский район', 1, 494417834),
(486, 23, 'Кропоткин', 1, 494417834),
(487, 23, 'Крымск', 1, 494417834),
(488, 52, 'Кстово', 1, 494417834),
(489, 50, 'Кубинка', 1, 494417834),
(490, 56, 'Кувандык', 1, 494417834),
(491, 69, 'Кувшиново', 1, 494417834),
(492, 59, 'Кудымкар', 1, 494417834),
(493, 58, 'Кузнецк', 1, 494417834),
(494, 54, 'Куйбышев', 1, 494417834),
(495, 52, 'Кулебаки', 1, 494417834),
(496, 2, 'Кумертау', 1, 494417834),
(497, 59, 'Кунгур', 1, 494417834),
(498, 54, 'Купино', 1, 494417834),
(499, 45, 'Курган', 1, 494417834),
(500, 23, 'Курганинск', 1, 494417834),
(501, 65, 'Курильск', 1, 494417834),
(502, 33, 'Курлово', 1, 494417834),
(503, 50, 'Куровское', 1, 494417834),
(504, 46, 'Курск', 1, 494417834),
(505, 45, 'Куртамыш', 1, 494417834),
(506, 46, 'Курчатов', 1, 494417834),
(507, 74, 'Куса', 1, 494417834),
(508, 66, 'Кушва', 1, 494417834),
(509, 17, 'Кызыл', 1, 494417834),
(510, 74, 'Кыштым', 1, 494417834),
(511, 3, 'Кяхта', 1, 494417834),
(512, 23, 'Лабинск', 1, 494417834),
(513, 89, 'Лабытнанги', 1, 494417834),
(514, 8, 'Лагань', 1, 494417834),
(515, 39, 'Ладушкин', 1, 494417834),
(516, 16, 'Лаишево', 1, 494417834),
(517, 33, 'Лакинск', 1, 494417834),
(518, 86, 'Лангепас', 1, 494417834),
(519, 10, 'Лахденпохья', 1, 494417834),
(520, 48, 'Лебедянь', 1, 494417834),
(521, 16, 'Лениногорск', 1, 494417834),
(522, 34, 'Ленинск', 1, 494417834),
(523, 42, 'Ленинск-Кузнецкий', 1, 494417834),
(524, 14, 'Ленск', 1, 494417834),
(525, 26, 'Лермонтов', 1, 494417834),
(526, 66, 'Лесной', 1, 494417834),
(527, 25, 'Лесозаводск', 1, 494417834),
(528, 24, 'Лесосибирск', 1, 494417834),
(529, 57, 'Ливны', 1, 494417834),
(530, 50, 'Ликино-Дулёво', 1, 494417834),
(531, 48, 'Липецк', 1, 494417834),
(532, 71, 'Липки', 1, 494417834),
(533, 36, 'Лиски', 1, 494417834),
(534, 69, 'Лихославль', 1, 494417834),
(535, 50, 'Лобня', 1, 494417834),
(536, 47, 'Лодейное Поле', 1, 494417834),
(537, 78, 'Кировский район', 1, 494417834),
(538, 50, 'Лосино-Петровский', 1, 494417834),
(539, 47, 'Луга', 1, 494417834),
(540, 43, 'Луза', 1, 494417834),
(541, 52, 'Лукоянов', 1, 494417834),
(542, 50, 'Луховицы', 1, 494417834),
(543, 52, 'Лысково', 1, 494417834),
(544, 59, 'Лысьва', 1, 494417834),
(545, 50, 'Лыткарино', 1, 494417834),
(546, 46, 'Льгов', 1, 494417834),
(547, 47, 'Любань', 1, 494417834),
(548, 50, 'Люберцы', 1, 494417834),
(549, 76, 'Любим', 1, 494417834),
(550, 40, 'Людиново', 1, 494417834),
(551, 86, 'Лянтор', 1, 494417834),
(552, 49, 'Магадан', 1, 494417834),
(553, 6, 'Магас', 1, 494417834),
(554, 74, 'Магнитогорск', 1, 494417834),
(555, 1, 'Майкоп', 1, 494417834),
(556, 7, 'Майский', 1, 494417834),
(557, 65, 'Макаров', 1, 494417834),
(558, 44, 'Макарьев', 1, 494417834),
(559, 45, 'Макушино', 1, 494417834),
(560, 53, 'Малая Вишера', 1, 494417834),
(561, 6, 'Малгобек', 1, 494417834),
(562, 43, 'Малмыж', 1, 494417834),
(563, 57, 'Малоархангельск', 1, 494417834),
(564, 40, 'Малоярославец', 1, 494417834),
(565, 16, 'Мамадыш', 1, 494417834),
(566, 39, 'Мамоново', 1, 494417834),
(567, 44, 'Мантурово', 1, 494417834),
(568, 42, 'Мариинск', 1, 494417834),
(569, 21, 'Мариинский Посад', 1, 494417834),
(570, 64, 'Маркс', 1, 494417834),
(571, 5, 'Махачкала', 1, 494417834),
(572, 32, 'Мглин', 1, 494417834),
(573, 86, 'Мегион', 1, 494417834),
(574, 10, 'Медвежьегорск', 1, 494417834),
(575, 56, 'Медногорск', 1, 494417834),
(576, 40, 'Медынь', 1, 494417834),
(577, 2, 'Межгорье', 1, 494417834),
(578, 42, 'Междуреченск', 1, 494417834),
(579, 29, 'Мезень', 1, 494417834),
(580, 33, 'Меленки', 1, 494417834),
(581, 2, 'Мелеуз', 1, 494417834),
(582, 16, 'Менделеевск', 1, 494417834),
(583, 16, 'Мензелинск', 1, 494417834),
(584, 40, 'Мещовск', 1, 494417834),
(585, 74, 'Миасс', 1, 494417834),
(586, 11, 'Микунь', 1, 494417834),
(587, 61, 'Миллерово', 1, 494417834),
(588, 26, 'Минеральные Воды', 1, 494417834),
(589, 24, 'Минусинск', 1, 494417834),
(590, 74, 'Миньяр', 1, 494417834),
(591, 29, 'Мирный', 1, 494417834),
(592, 14, 'Мирный', 1, 494417834),
(593, 62, 'Михайлов', 1, 494417834),
(594, 34, 'Михайловка', 1, 494417834),
(595, 66, 'Михайловск', 1, 494417834),
(596, 26, 'Михайловск', 1, 494417834),
(597, 68, 'Мичуринск', 1, 494417834),
(598, 75, 'Могоча', 1, 494417834),
(599, 50, 'Можайск', 1, 494417834),
(600, 18, 'Можга', 1, 494417834),
(601, 15, 'Моздок', 1, 494417834),
(602, 51, 'Мончегорск', 1, 494417834),
(603, 61, 'Морозовск', 1, 494417834),
(604, 68, 'Моршанск', 1, 494417834),
(605, 40, 'Мосальск', 1, 494417834),
(606, 77, 'Московский', 1, 494417834),
(607, 89, 'Муравленко', 1, 494417834),
(608, 43, 'Мураши', 1, 494417834),
(609, 51, 'Мурманск', 1, 494417834),
(610, 33, 'Муром', 1, 494417834),
(611, 57, 'Мценск', 1, 494417834),
(612, 42, 'Мыски', 1, 494417834),
(613, 50, 'Мытищи', 1, 494417834),
(614, 76, 'Мышкин', 1, 494417834),
(615, 16, 'Набережные Челны', 1, 494417834),
(616, 52, 'Навашино', 1, 494417834),
(617, 37, 'Наволоки', 1, 494417834),
(618, 89, 'Надым', 1, 494417834),
(619, 24, 'Назарово', 1, 494417834),
(620, 6, 'Назрань', 1, 494417834),
(621, 55, 'Называевск', 1, 494417834),
(622, 7, 'Нальчик', 1, 494417834),
(623, 30, 'Нариманов', 1, 494417834),
(624, 50, 'Наро-Фоминск', 1, 494417834),
(625, 7, 'Нарткала', 1, 494417834),
(626, 83, 'Нарьян-Мар', 1, 494417834),
(627, 25, 'Находка', 1, 494417834),
(628, 60, 'Невель', 1, 494417834),
(629, 65, 'Невельск', 1, 494417834),
(630, 26, 'Невинномысск', 1, 494417834),
(631, 66, 'Невьянск', 1, 494417834),
(632, 69, 'Нелидово', 1, 494417834),
(633, 39, 'Неман', 1, 494417834),
(634, 44, 'Нерехта', 1, 494417834),
(635, 75, 'Нерчинск', 1, 494417834),
(636, 14, 'Нерюнгри', 1, 494417834),
(637, 39, 'Нестеров', 1, 494417834),
(638, 63, 'Нефтегорск', 1, 494417834),
(639, 2, 'Нефтекамск', 1, 494417834),
(640, 26, 'Нефтекумск', 1, 494417834),
(641, 86, 'Нефтеюганск', 1, 494417834),
(642, 44, 'Нея', 1, 494417834),
(643, 86, 'Нижневартовск', 1, 494417834),
(644, 16, 'Нижнекамск', 1, 494417834),
(645, 38, 'Нижнеудинск', 1, 494417834),
(646, 66, 'Нижние Серги', 1, 494417834),
(647, 58, 'Нижний Ломов', 1, 494417834),
(648, 66, 'Нижний Тагил', 1, 494417834),
(649, 66, 'Нижняя Салда', 1, 494417834),
(650, 66, 'Нижняя Тура', 1, 494417834),
(651, 34, 'Николаевск', 1, 494417834),
(652, 27, 'Николаевск-на-Амуре', 1, 494417834),
(653, 35, 'Никольск', 1, 494417834),
(654, 58, 'Никольск', 1, 494417834),
(655, 47, 'Никольское', 1, 494417834),
(656, 47, 'Новая Ладога', 1, 494417834),
(657, 66, 'Новая Ляля', 1, 494417834),
(658, 26, 'Новоалександровск', 1, 494417834),
(659, 22, 'Новоалтайск', 1, 494417834),
(660, 34, 'Новоаннинский', 1, 494417834),
(661, 36, 'Нововоронеж', 1, 494417834),
(662, 29, 'Новодвинск', 1, 494417834),
(663, 32, 'Новозыбков', 1, 494417834),
(664, 23, 'Новокубанск', 1, 494417834),
(665, 42, 'Новокузнецк', 1, 494417834),
(666, 63, 'Новокуйбышевск', 1, 494417834),
(667, 62, 'Новомичуринск', 1, 494417834),
(668, 71, 'Новомосковск', 1, 494417834),
(669, 26, 'Новопавловск', 1, 494417834),
(670, 60, 'Новоржев', 1, 494417834),
(671, 23, 'Новороссийск', 1, 494417834),
(672, 57, 'Новосиль', 1, 494417834),
(673, 60, 'Новосокольники', 1, 494417834),
(674, 56, 'Новотроицк', 1, 494417834),
(675, 64, 'Новоузенск', 1, 494417834),
(676, 73, 'Новоульяновск', 1, 494417834),
(677, 66, 'Новоуральск', 1, 494417834),
(678, 36, 'Новохопёрск', 1, 494417834),
(679, 21, 'Новочебоксарск', 1, 494417834),
(680, 61, 'Новочеркасск', 1, 494417834),
(681, 61, 'Новошахтинск', 1, 494417834),
(682, 31, 'Новый Оскол', 1, 494417834),
(683, 89, 'Новый Уренгой', 1, 494417834),
(684, 50, 'Ногинск', 1, 494417834),
(685, 43, 'Нолинск', 1, 494417834),
(686, 24, 'Норильск', 1, 494417834),
(687, 89, 'Ноябрьск', 1, 494417834),
(688, 16, 'Нурлат', 1, 494417834),
(689, 59, 'Нытва', 1, 494417834),
(690, 14, 'Нюрба', 1, 494417834),
(691, 86, 'Нягань', 1, 494417834),
(692, 74, 'Нязепетровск', 1, 494417834),
(693, 29, 'Няндома', 1, 494417834),
(694, 79, 'Облучье', 1, 494417834),
(695, 40, 'Обнинск', 1, 494417834),
(696, 46, 'Обоянь', 1, 494417834),
(697, 54, 'Обь', 1, 494417834),
(698, 50, 'Одинцово', 1, 494417834),
(699, 50, 'Ожерелье', 1, 494417834),
(700, 39, 'Озёрск', 1, 494417834),
(701, 74, 'Озёрск', 1, 494417834),
(702, 50, 'Озёры', 1, 494417834),
(703, 63, 'Октябрьск', 1, 494417834),
(704, 2, 'Октябрьский', 1, 494417834),
(705, 53, 'Окуловка', 1, 494417834),
(706, 14, 'Олёкминск', 1, 494417834),
(707, 51, 'Оленегорск', 1, 494417834),
(708, 10, 'Олонец', 1, 494417834),
(709, 43, 'Омутнинск', 1, 494417834),
(710, 29, 'Онега', 1, 494417834),
(711, 60, 'Опочка', 1, 494417834),
(712, 57, 'Орёл', 1, 494417834),
(713, 56, 'Оренбург', 1, 494417834),
(714, 50, 'Орехово-Зуево', 1, 494417834),
(715, 43, 'Орлов', 1, 494417834),
(716, 56, 'Орск', 1, 494417834),
(717, 59, 'Оса', 1, 494417834),
(718, 42, 'Осинники', 1, 494417834),
(719, 69, 'Осташков', 1, 494417834),
(720, 60, 'Остров', 1, 494417834),
(721, 51, 'Островной', 1, 494417834),
(722, 36, 'Острогожск', 1, 494417834),
(723, 47, 'Отрадное', 1, 494417834),
(724, 63, 'Отрадный', 1, 494417834),
(725, 65, 'Оха', 1, 494417834),
(726, 59, 'Оханск', 1, 494417834),
(727, 59, 'Очёр', 1, 494417834),
(728, 52, 'Павлово', 1, 494417834),
(729, 36, 'Павловск', 1, 494417834),
(730, 78, 'Колпинский район', 1, 494417834),
(731, 50, 'Павловский Посад', 1, 494417834),
(732, 34, 'Палласовка', 1, 494417834),
(733, 25, 'Партизанск', 1, 494417834),
(734, 87, 'Певек', 1, 494417834),
(735, 58, 'Пенза', 1, 494417834),
(736, 52, 'Первомайск', 1, 494417834),
(737, 66, 'Первоуральск', 1, 494417834),
(738, 52, 'Перевоз', 1, 494417834),
(739, 50, 'Пересвет', 1, 494417834),
(740, 76, 'Переславль-Залесский', 1, 494417834),
(741, 59, 'Пермь', 1, 494417834),
(742, 53, 'Пестово', 1, 494417834),
(743, 78, 'Красногвардейский район', 1, 494417834),
(744, 34, 'Петров Вал', 1, 494417834),
(745, 64, 'Петровск', 1, 494417834),
(746, 75, 'Петровск-Забайкальский', 1, 494417834),
(747, 10, 'Петрозаводск', 1, 494417834),
(748, 41, 'Петропавловск-Камчатский', 1, 494417834),
(749, 45, 'Петухово', 1, 494417834),
(750, 33, 'Петушки', 1, 494417834),
(751, 11, 'Печора', 1, 494417834),
(752, 60, 'Печоры', 1, 494417834),
(753, 47, 'Пикалёво', 1, 494417834),
(754, 39, 'Пионерский', 1, 494417834),
(755, 10, 'Питкяранта', 1, 494417834),
(756, 71, 'Плавск', 1, 494417834),
(757, 74, 'Пласт', 1, 494417834),
(758, 37, 'Плёс', 1, 494417834),
(759, 36, 'Поворино', 1, 494417834),
(760, 50, 'Подольск', 1, 494417834),
(761, 47, 'Подпорожье', 1, 494417834),
(762, 86, 'Покачи', 1, 494417834),
(763, 33, 'Покров', 1, 494417834),
(764, 14, 'Покровск', 1, 494417834),
(765, 66, 'Полевской', 1, 494417834),
(766, 39, 'Полесск', 1, 494417834),
(767, 42, 'Полысаево', 1, 494417834),
(768, 51, 'Полярные Зори', 1, 494417834),
(769, 51, 'Полярный', 1, 494417834),
(770, 65, 'Поронайск', 1, 494417834),
(771, 60, 'Порхов', 1, 494417834),
(772, 63, 'Похвистнево', 1, 494417834),
(773, 32, 'Почеп', 1, 494417834),
(774, 67, 'Починок', 1, 494417834),
(775, 76, 'Пошехонье', 1, 494417834),
(776, 39, 'Правдинск', 1, 494417834),
(777, 37, 'Приволжск', 1, 494417834),
(778, 39, 'Приморск', 1, 494417834),
(779, 47, 'Приморск', 1, 494417834),
(780, 23, 'Приморско-Ахтарск', 1, 494417834),
(781, 47, 'Приозерск', 1, 494417834),
(782, 42, 'Прокопьевск', 1, 494417834),
(783, 61, 'Пролетарск', 1, 494417834),
(784, 50, 'Протвино', 1, 494417834),
(785, 7, 'Прохладный', 1, 494417834),
(786, 60, 'Псков', 1, 494417834),
(787, 64, 'Пугачёв', 1, 494417834),
(788, 10, 'Пудож', 1, 494417834),
(789, 60, 'Пустошка', 1, 494417834),
(790, 37, 'Пучеж', 1, 494417834),
(791, 78, 'Красносельский район', 1, 494417834),
(792, 50, 'Пушкино', 1, 494417834),
(793, 50, 'Пущино', 1, 494417834),
(794, 60, 'Пыталово', 1, 494417834),
(795, 86, 'Пыть-Ях', 1, 494417834),
(796, 26, 'Пятигорск', 1, 494417834),
(797, 33, 'Радужный', 1, 494417834),
(798, 86, 'Радужный', 1, 494417834),
(799, 28, 'Райчихинск', 1, 494417834),
(800, 50, 'Раменское', 1, 494417834),
(801, 68, 'Рассказово', 1, 494417834),
(802, 66, 'Ревда', 1, 494417834),
(803, 66, 'Реж', 1, 494417834),
(804, 50, 'Реутов', 1, 494417834),
(805, 69, 'Ржев', 1, 494417834),
(806, 37, 'Родники', 1, 494417834),
(807, 67, 'Рославль', 1, 494417834),
(808, 36, 'Россошь', 1, 494417834),
(809, 76, 'Ростов', 1, 494417834),
(810, 50, 'Рошаль', 1, 494417834),
(811, 64, 'Ртищево', 1, 494417834),
(812, 22, 'Рубцовск', 1, 494417834),
(813, 67, 'Рудня', 1, 494417834),
(814, 50, 'Руза', 1, 494417834),
(815, 13, 'Рузаевка', 1, 494417834),
(816, 76, 'Рыбинск', 1, 494417834),
(817, 62, 'Рыбное', 1, 494417834),
(818, 46, 'Рыльск', 1, 494417834),
(819, 62, 'Ряжск', 1, 494417834),
(820, 62, 'Рязань', 1, 494417834),
(821, 2, 'Салават', 1, 494417834),
(822, 42, 'Салаир', 1, 494417834),
(823, 89, 'Салехард', 1, 494417834),
(824, 61, 'Сальск', 1, 494417834),
(825, 13, 'Саранск', 1, 494417834),
(826, 18, 'Сарапул', 1, 494417834),
(827, 64, 'Саратов', 1, 494417834),
(828, 52, 'Саров', 1, 494417834),
(829, 62, 'Сасово', 1, 494417834),
(830, 74, 'Сатка', 1, 494417834),
(831, 67, 'Сафоново', 1, 494417834),
(832, 19, 'Саяногорск', 1, 494417834),
(833, 38, 'Саянск', 1, 494417834),
(834, 39, 'Светлогорск', 1, 494417834),
(835, 26, 'Светлоград', 1, 494417834),
(836, 39, 'Светлый', 1, 494417834),
(837, 47, 'Светогорск', 1, 494417834),
(838, 38, 'Свирск', 1, 494417834),
(839, 28, 'Свободный', 1, 494417834),
(840, 60, 'Себеж', 1, 494417834),
(841, 3, 'Северобайкальск', 1, 494417834),
(842, 29, 'Северодвинск', 1, 494417834),
(843, 65, 'Северо-Курильск', 1, 494417834),
(844, 51, 'Североморск', 1, 494417834),
(845, 66, 'Североуральск', 1, 494417834),
(846, 70, 'Северск', 1, 494417834),
(847, 32, 'Севск', 1, 494417834),
(848, 10, 'Сегежа', 1, 494417834),
(849, 32, 'Сельцо', 1, 494417834),
(850, 52, 'Семёнов', 1, 494417834),
(851, 61, 'Семикаракорск', 1, 494417834),
(852, 36, 'Семилуки', 1, 494417834),
(853, 73, 'Сенгилей', 1, 494417834),
(854, 34, 'Серафимович', 1, 494417834),
(855, 52, 'Сергач', 1, 494417834),
(856, 50, 'Сергиев Посад', 1, 494417834),
(857, 58, 'Сердобск', 1, 494417834),
(858, 66, 'Серов', 1, 494417834),
(859, 50, 'Серпухов', 1, 494417834),
(860, 47, 'Сертолово', 1, 494417834),
(861, 78, 'Кронштадтский район', 1, 494417834),
(862, 2, 'Сибай', 1, 494417834),
(863, 74, 'Сим', 1, 494417834),
(864, 28, 'Сковородино', 1, 494417834),
(865, 62, 'Скопин', 1, 494417834),
(866, 22, 'Славгород', 1, 494417834),
(867, 39, 'Славск', 1, 494417834),
(868, 23, 'Славянск-на-Кубани', 1, 494417834),
(869, 47, 'Сланцы', 1, 494417834),
(870, 43, 'Слободской', 1, 494417834),
(871, 38, 'Слюдянка', 1, 494417834),
(872, 67, 'Смоленск', 1, 494417834),
(873, 74, 'Снежинск', 1, 494417834),
(874, 51, 'Снежногорск', 1, 494417834),
(875, 33, 'Собинка', 1, 494417834),
(876, 39, 'Советск', 1, 494417834),
(877, 43, 'Советск', 1, 494417834),
(878, 71, 'Советск', 1, 494417834),
(879, 27, 'Советская Гавань', 1, 494417834),
(880, 86, 'Советский', 1, 494417834),
(881, 35, 'Сокол', 1, 494417834),
(882, 44, 'Солигалич', 1, 494417834),
(883, 59, 'Соликамск', 1, 494417834),
(884, 50, 'Солнечногорск', 1, 494417834),
(885, 29, 'Сольвычегодск', 1, 494417834),
(886, 56, 'Соль-Илецк', 1, 494417834),
(887, 53, 'Сольцы', 1, 494417834),
(888, 56, 'Сорочинск', 1, 494417834),
(889, 19, 'Сорск', 1, 494417834),
(890, 10, 'Сортавала', 1, 494417834),
(891, 40, 'Сосенский', 1, 494417834),
(892, 43, 'Сосновка', 1, 494417834),
(893, 24, 'Сосновоборск', 1, 494417834),
(894, 47, 'Сосновый Бор', 1, 494417834),
(895, 11, 'Сосногорск', 1, 494417834),
(896, 23, 'Сочи', 1, 494417834),
(897, 40, 'Спас-Деменск', 1, 494417834),
(898, 62, 'Спас-Клепики', 1, 494417834),
(899, 58, 'Спасск', 1, 494417834),
(900, 25, 'Спасск-Дальний', 1, 494417834),
(901, 62, 'Спасск-Рязанский', 1, 494417834),
(902, 14, 'Среднеколымск', 1, 494417834),
(903, 66, 'Среднеуральск', 1, 494417834),
(904, 75, 'Сретенск', 1, 494417834),
(905, 26, 'Ставрополь', 1, 494417834),
(906, 50, 'Старая Купавна', 1, 494417834),
(907, 53, 'Старая Русса', 1, 494417834),
(908, 69, 'Старица', 1, 494417834),
(909, 32, 'Стародуб', 1, 494417834),
(910, 31, 'Старый Оскол', 1, 494417834),
(911, 2, 'Стерлитамак', 1, 494417834),
(912, 70, 'Стрежевой', 1, 494417834),
(913, 31, 'Строитель', 1, 494417834),
(914, 33, 'Струнино', 1, 494417834),
(915, 50, 'Ступино', 1, 494417834),
(916, 71, 'Суворов', 1, 494417834),
(917, 46, 'Суджа', 1, 494417834),
(918, 33, 'Судогда', 1, 494417834),
(919, 33, 'Суздаль', 1, 494417834),
(920, 10, 'Суоярви', 1, 494417834),
(921, 32, 'Сураж', 1, 494417834),
(922, 86, 'Сургут', 1, 494417834),
(923, 34, 'Суровикино', 1, 494417834),
(924, 58, 'Сурск', 1, 494417834),
(925, 49, 'Сусуман', 1, 494417834),
(926, 40, 'Сухиничи', 1, 494417834),
(927, 66, 'Сухой Лог', 1, 494417834),
(928, 63, 'Сызрань', 1, 494417834),
(929, 11, 'Сыктывкар', 1, 494417834),
(930, 66, 'Сысерть', 1, 494417834),
(931, 67, 'Сычёвка', 1, 494417834),
(932, 47, 'Сясьстрой', 1, 494417834),
(933, 66, 'Тавда', 1, 494417834),
(934, 61, 'Таганрог', 1, 494417834),
(935, 42, 'Тайга', 1, 494417834),
(936, 38, 'Тайшет', 1, 494417834),
(937, 50, 'Талдом', 1, 494417834),
(938, 66, 'Талица', 1, 494417834),
(939, 68, 'Тамбов', 1, 494417834),
(940, 55, 'Тара', 1, 494417834),
(941, 89, 'Тарко-Сале', 1, 494417834),
(942, 40, 'Таруса', 1, 494417834),
(943, 54, 'Татарск', 1, 494417834),
(944, 42, 'Таштагол', 1, 494417834),
(945, 69, 'Тверь', 1, 494417834),
(946, 9, 'Теберда', 1, 494417834),
(947, 37, 'Тейково', 1, 494417834),
(948, 13, 'Темников', 1, 494417834),
(949, 23, 'Темрюк', 1, 494417834),
(950, 7, 'Терек', 1, 494417834),
(951, 16, 'Тетюши', 1, 494417834),
(952, 23, 'Тимашёвск', 1, 494417834),
(953, 47, 'Тихвин', 1, 494417834),
(954, 23, 'Тихорецк', 1, 494417834),
(955, 72, 'Тобольск', 1, 494417834),
(956, 54, 'Тогучин', 1, 494417834),
(957, 63, 'Тольятти', 1, 494417834),
(958, 65, 'Томари', 1, 494417834),
(959, 14, 'Томмот', 1, 494417834),
(960, 70, 'Томск', 1, 494417834),
(961, 42, 'Топки', 1, 494417834),
(962, 69, 'Торжок', 1, 494417834),
(963, 69, 'Торопец', 1, 494417834),
(964, 47, 'Тосно', 1, 494417834),
(965, 35, 'Тотьма', 1, 494417834),
(966, 74, 'Трёхгорный', 1, 494417834),
(967, 77, 'Троицк', 1, 494417834),
(968, 74, 'Троицк', 1, 494417834),
(969, 32, 'Трубчевск', 1, 494417834),
(970, 23, 'Туапсе', 1, 494417834),
(971, 2, 'Туймазы', 1, 494417834),
(972, 71, 'Тула', 1, 494417834),
(973, 38, 'Тулун', 1, 494417834),
(974, 17, 'Туран', 1, 494417834),
(975, 66, 'Туринск', 1, 494417834),
(976, 76, 'Тутаев', 1, 494417834),
(977, 28, 'Тында', 1, 494417834),
(978, 7, 'Тырныауз', 1, 494417834),
(979, 55, 'Тюкалинск', 1, 494417834),
(980, 72, 'Тюмень', 1, 494417834),
(981, 68, 'Уварово', 1, 494417834),
(982, 65, 'Углегорск', 1, 494417834),
(983, 76, 'Углич', 1, 494417834),
(984, 14, 'Удачный', 1, 494417834),
(985, 69, 'Удомля', 1, 494417834),
(986, 24, 'Ужур', 1, 494417834),
(987, 71, 'Узловая', 1, 494417834),
(988, 3, 'Улан-Удэ', 1, 494417834),
(989, 73, 'Ульяновск', 1, 494417834),
(990, 32, 'Унеча', 1, 494417834),
(991, 86, 'Урай', 1, 494417834),
(992, 52, 'Урень', 1, 494417834),
(993, 43, 'Уржум', 1, 494417834),
(994, 20, 'Урус-Мартан', 1, 494417834),
(995, 34, 'Урюпинск', 1, 494417834),
(996, 11, 'Усинск', 1, 494417834),
(997, 48, 'Усмань', 1, 494417834),
(998, 59, 'Усолье', 1, 494417834),
(999, 38, 'Усолье-Сибирское', 1, 494417834),
(1000, 25, 'Уссурийск', 1, 494417834),
(1001, 9, 'Усть-Джегута', 1, 494417834),
(1002, 38, 'Усть-Илимск', 1, 494417834),
(1003, 74, 'Усть-Катав', 1, 494417834),
(1004, 38, 'Усть-Кут', 1, 494417834),
(1005, 23, 'Усть-Лабинск', 1, 494417834),
(1006, 35, 'Устюжна', 1, 494417834),
(1007, 2, 'Уфа', 1, 494417834),
(1008, 11, 'Ухта', 1, 494417834),
(1009, 2, 'Учалы', 1, 494417834),
(1010, 24, 'Уяр', 1, 494417834),
(1011, 46, 'Фатеж', 1, 494417834),
(1012, 32, 'Фокино', 1, 494417834),
(1013, 25, 'Фокино', 1, 494417834),
(1014, 34, 'Фролово', 1, 494417834),
(1015, 50, 'Фрязино', 1, 494417834),
(1016, 37, 'Фурманов', 1, 494417834),
(1017, 27, 'Хабаровск', 1, 494417834),
(1018, 23, 'Хадыженск', 1, 494417834),
(1019, 86, 'Ханты-Мансийск', 1, 494417834),
(1020, 30, 'Харабали', 1, 494417834),
(1021, 35, 'Харовск', 1, 494417834),
(1022, 5, 'Хасавюрт', 1, 494417834),
(1023, 64, 'Хвалынск', 1, 494417834),
(1024, 75, 'Хилок', 1, 494417834),
(1025, 50, 'Химки', 1, 494417834),
(1026, 53, 'Холм', 1, 494417834),
(1027, 65, 'Холмск', 1, 494417834),
(1028, 50, 'Хотьково', 1, 494417834),
(1029, 21, 'Цивильск', 1, 494417834),
(1030, 61, 'Цимлянск', 1, 494417834),
(1031, 17, 'Чадан', 1, 494417834),
(1032, 59, 'Чайковский', 1, 494417834),
(1033, 63, 'Чапаевск', 1, 494417834),
(1034, 48, 'Чаплыгин', 1, 494417834),
(1035, 74, 'Чебаркуль', 1, 494417834),
(1036, 21, 'Чебоксары', 1, 494417834),
(1037, 7, 'Чегем', 1, 494417834),
(1038, 71, 'Чекалин', 1, 494417834),
(1039, 59, 'Чердынь', 1, 494417834),
(1040, 38, 'Черемхово', 1, 494417834),
(1041, 54, 'Черепаново', 1, 494417834),
(1042, 35, 'Череповец', 1, 494417834),
(1043, 9, 'Черкесск', 1, 494417834),
(1044, 59, 'Чёрмоз', 1, 494417834),
(1045, 50, 'Черноголовка', 1, 494417834),
(1046, 19, 'Черногорск', 1, 494417834),
(1047, 59, 'Чернушка', 1, 494417834),
(1048, 39, 'Черняховск', 1, 494417834),
(1049, 50, 'Чехов', 1, 494417834),
(1050, 16, 'Чистополь', 1, 494417834),
(1051, 75, 'Чита', 1, 494417834),
(1052, 52, 'Чкаловск', 1, 494417834),
(1053, 53, 'Чудово', 1, 494417834),
(1054, 54, 'Чулым', 1, 494417834),
(1055, 59, 'Чусовой', 1, 494417834),
(1056, 44, 'Чухлома', 1, 494417834),
(1057, 17, 'Шагонар', 1, 494417834),
(1058, 45, 'Шадринск', 1, 494417834),
(1059, 20, 'Шали', 1, 494417834),
(1060, 24, 'Шарыпово', 1, 494417834),
(1061, 44, 'Шарья', 1, 494417834),
(1062, 50, 'Шатура', 1, 494417834),
(1063, 65, 'Шахтёрск', 1, 494417834),
(1064, 61, 'Шахты', 1, 494417834),
(1065, 52, 'Шахунья', 1, 494417834),
(1066, 62, 'Шацк', 1, 494417834),
(1067, 31, 'Шебекино', 1, 494417834),
(1068, 38, 'Шелехов', 1, 494417834),
(1069, 29, 'Шенкурск', 1, 494417834),
(1070, 75, 'Шилка', 1, 494417834),
(1071, 28, 'Шимановск', 1, 494417834),
(1072, 64, 'Шиханы', 1, 494417834),
(1073, 47, 'Шлиссельбург', 1, 494417834),
(1074, 21, 'Шумерля', 1, 494417834),
(1075, 45, 'Шумиха', 1, 494417834),
(1076, 37, 'Шуя', 1, 494417834),
(1077, 71, 'Щёкино', 1, 494417834),
(1078, 50, 'Щёлково', 1, 494417834),
(1079, 77, 'Щербинка', 1, 494417834),
(1080, 46, 'Щигры', 1, 494417834),
(1081, 45, 'Щучье', 1, 494417834),
(1082, 50, 'Электрогорск', 1, 494417834),
(1083, 50, 'Электросталь', 1, 494417834),
(1084, 50, 'Электроугли', 1, 494417834),
(1085, 8, 'Элиста', 1, 494417834),
(1086, 64, 'Энгельс', 1, 494417834),
(1087, 36, 'Эртиль', 1, 494417834),
(1088, 50, 'Юбилейный', 1, 494417834),
(1089, 86, 'Югорск', 1, 494417834),
(1090, 37, 'Южа', 1, 494417834),
(1091, 65, 'Южно-Сахалинск', 1, 494417834),
(1092, 5, 'Южно-Сухокумск', 1, 494417834),
(1093, 74, 'Южноуральск', 1, 494417834),
(1094, 42, 'Юрга', 1, 494417834),
(1095, 37, 'Юрьевец', 1, 494417834),
(1096, 33, 'Юрьев-Польский', 1, 494417834),
(1097, 74, 'Юрюзань', 1, 494417834),
(1098, 40, 'Юхнов', 1, 494417834),
(1099, 78, 'Курортный район', 1, 1501184082),
(1100, 78, 'Московский район', 1, 1501184093),
(1101, 78, 'Невский район', 1, 1501184103),
(1102, 78, 'Петроградский район', 1, 1501184124),
(1103, 78, ' Петродворцовый район', 1, 1501184141),
(1104, 78, 'Приморский район', 1, 1501184150),
(1105, 78, ' Пушкинский район', 1, 1501184158),
(1106, 78, ' Фрунзенский район', 1, 1501184170),
(1107, 78, ' Центральный район', 1, 1501184175);

-- --------------------------------------------------------

--
-- Структура таблицы `comments`
--

CREATE TABLE IF NOT EXISTS `comments` (
  `id` int(11) NOT NULL AUTO_INCREMENT,
  `model` varchar(255) DEFAULT NULL,
  `model_id` int(11) DEFAULT NULL,
  `user_id` int(11) DEFAULT NULL,
  `parent_id` int(11) DEFAULT NULL,
  `reply_id` int(11) DEFAULT NULL,
  `text` text,
  `ip` varchar(255) DEFAULT NULL,
  `likes` int(11) DEFAULT NULL,
  `time_create` int(11) DEFAULT NULL,
  `time_update` int(11) DEFAULT NULL,
  `status` int(11) DEFAULT NULL,
  PRIMARY KEY (`id`)
) ENGINE=InnoDB  DEFAULT CHARSET=utf8 AUTO_INCREMENT=56 ;

--
-- Дамп данных таблицы `comments`
--

INSERT INTO `comments` (`id`, `model`, `model_id`, `user_id`, `parent_id`, `reply_id`, `text`, `ip`, `likes`, `time_create`, `time_update`, `status`) VALUES
(1, 'common\\models\\News', 2, 1, NULL, NULL, '<p>jhgjhg роп роп роопро орп ороп роп опорп</p>', '83.243.66.41', NULL, 1496333721, 1496333721, NULL),
(24, 'common\\models\\News', 3, 1, NULL, NULL, '<p>ТЕСТ ТЕСТ ТЕСТ ТЕСТ ТЕСТ ТЕСТ ТЕСТ ТЕСТ ТЕСТ ТЕСТ ТЕСТ ТЕСТ ТЕСТ ТЕСТ ТЕСТ ТЕСТ ТЕСТ ТЕСТ ТЕСТ ТЕСТ ТЕСТ ТЕСТ ТЕСТ ТЕСТ ТЕСТ ТЕСТ ТЕСТ ТЕСТ ТЕСТ ТЕСТ ТЕСТ ТЕСТ ТЕСТ </p>\n', '83.243.66.41', NULL, 1499973780, 1499975324, 0),
(25, 'common\\models\\News', 3, 1, NULL, NULL, '<p>тру тут ут</p>', '188.170.14.117', NULL, 1501852275, 1501852275, NULL),
(26, 'common\\models\\News', 3, 1, 24, 24, '<p> вылор олрыв лаовыр алрывларловраол вы</p>', '188.170.14.117', NULL, 1501852325, 1501852325, NULL),
(27, 'common\\models\\News', 8, 5, NULL, NULL, '<p>Тестовый комментарий для удаления</p>', '83.243.66.41', NULL, 1502195155, 1502195155, NULL),
(28, 'common\\models\\News', 8, 5, 27, 27, '<p>Тестовый комментарий для удаления Тестовый комментарий для удаления Тестовый комментарий для удаления</p>', '83.243.66.41', NULL, 1502195182, 1502195182, NULL),
(29, 'common\\models\\News', 8, 5, NULL, NULL, '<p>Тестовый комментарий для удаления Тестовый комментарий для удаления Тестовый комментарий для удаления</p>', '83.243.66.41', NULL, 1502195193, 1502195193, NULL),
(30, 'common\\models\\News', 8, 5, NULL, NULL, '<p>Тестовый комментарий для удаления Тестовый комментарий для удаления Тестовый комментарий для удаления Тестовый комментарий для удаления Тестовый комментарий для удаления Тестовый комментарий для удаления Тестовый комментарий для удаления Тестовый комментарий для удаления Тестовый комментарий для удаления Тестовый комментарий для удаления Тестовый комментарий для удаления Тестовый комментарий для удаления Тестовый комментарий для удаления </p>', '83.243.66.41', NULL, 1502195217, 1502195217, NULL),
(31, 'common\\models\\News', 8, 5, NULL, NULL, '<p> алофыралоы фаорыфл оал оыфрол арфолыаол р олыфаол ыро лаыфлал офыра лоыфрол арфлы ораолфы лоа лоыфр алоыфларолфыр алорфы олафыра лофрыл оа фыр алора лорыф лоалыфо аоырф</p>', '83.243.66.41', NULL, 1502259732, 1502259732, NULL),
(32, 'news', 60, 10, NULL, NULL, '<p>Достаточно интересный пост? Подписываюсь на все комменты</p>', '134.17.173.39', NULL, 1502980483, 1502980483, NULL),
(33, 'news', 60, 1, NULL, NULL, '<p>Где все комментарии?</p>', '134.17.173.39', NULL, 1502981022, 1502981022, NULL),
(34, 'news', 60, 1, NULL, NULL, '<p>Привет родная</p>', '134.17.173.39', NULL, 1502985321, 1502985321, NULL),
(35, 'news', 60, 10, 33, 33, '<p>Что творится в этой жизни?</p>', '134.17.173.39', NULL, 1502985628, 1502985628, NULL),
(36, 'news', 60, 1, 33, 35, '<p>Без понятия.</p>', '134.17.173.39', NULL, 1502985876, 1502985876, NULL),
(37, 'news', 29, 11, NULL, NULL, '<p>Привет! yT GH!T!!!!</p>', '31.132.103.117', NULL, 1502986004, 1502986203, NULL),
(38, 'news', 52, 5, NULL, NULL, '<p>орвып порап выорпа орвы паповрып аорпвыорап орвып авыроап орывпорапорвып аорвпыорапровып оарпвыро апорпвры</p>', '83.243.66.41', NULL, 1502986266, 1502986266, NULL),
(39, 'news', 29, 5, NULL, NULL, '<p>орп орп орпор попорп попорп орп орп опорп порп опорп ро пор</p>', '83.243.66.41', NULL, 1502986439, 1502986439, NULL),
(40, 'news', 29, 5, 37, 37, '<p>орп орп орпор попорп попорп орп орп опорп порп опорп ро пор</p>', '83.243.66.41', NULL, 1502986448, 1502986448, NULL),
(41, 'news', 8, 5, NULL, NULL, '<p>Тестовый комментарий</p>', '83.243.66.41', NULL, 1503001424, 1503001424, NULL),
(42, 'news', 8, 5, NULL, NULL, '<p><ins>Тестовый комментарий</ins></p>', '83.243.66.41', NULL, 1503001439, 1503001439, NULL),
(43, 'news', 59, 5, NULL, NULL, '<p>Довольно странно комменты работают</p>', '83.243.66.41', NULL, 1503002898, 1503002898, NULL),
(44, 'news', 29, 5, NULL, NULL, '<p>ТЕСТТТТТТТ</p>', '83.243.66.41', NULL, 1503003081, 1503003081, NULL),
(45, 'news', 60, 1, 32, 32, '<p>А я подпишусь только на ответы</p>', '134.17.173.39', NULL, 1503032366, 1503032366, NULL),
(46, 'news', 60, 10, 32, 45, '<p>Кто такой?</p>', '134.17.173.39', NULL, 1503157469, 1503157469, NULL),
(47, 'news', 60, 10, 32, 46, '<p>Привет браток</p>', '134.17.173.39', NULL, 1503157695, 1503157695, NULL),
(48, 'news', 48, 14, NULL, NULL, '<p>орп опор пор попор ппор пор пор пор порп ро поппорп ро</p>', '83.243.66.41', NULL, 1503163812, 1503163812, NULL),
(49, 'news', 31, 14, NULL, NULL, '<p>lk jdfkj gflkj glkfdj glkfdj lkgjfdklgj lkdfj glkj dflkj glkdjlkjg lkdfjlkjg lkfjdlk gj ldkfjgidfj ogj oprpbj ;f gu s;ogj;sj go;</p>', '83.243.66.41', NULL, 1503164081, 1503164081, NULL),
(50, 'news', 60, 13, NULL, NULL, '<p>Чего еще?</p>', '134.17.173.39', NULL, 1503166465, 1503166465, NULL),
(51, 'news', 80, 5, NULL, NULL, '<p>Точно договорился с властями, Дуров!</p>', '93.185.17.87', NULL, 1503307375, 1503307375, NULL),
(52, 'news', 79, 21, NULL, NULL, '<p>=( печаль</p>', '188.170.14.117', NULL, 1503386978, 1503386978, NULL),
(53, 'news', 79, 21, NULL, NULL, '<p>=( печаль</p>', '188.170.14.117', NULL, 1503386982, 1503386982, NULL),
(54, 'news', 79, 21, NULL, NULL, '<p>=( печаль</p>', '188.170.14.117', NULL, 1503386983, 1503386983, NULL),
(55, 'news', 79, 21, NULL, NULL, '<p>Печаль</p>', '188.170.14.117', NULL, 1503396809, 1503396809, NULL);

-- --------------------------------------------------------

--
-- Структура таблицы `comments_abuse`
--

CREATE TABLE IF NOT EXISTS `comments_abuse` (
  `comment_id` int(11) NOT NULL,
  `user_id` int(11) NOT NULL,
  KEY `idx-comments-abuse-comment_id` (`comment_id`)
) ENGINE=InnoDB DEFAULT CHARSET=utf8;

--
-- Дамп данных таблицы `comments_abuse`
--

INSERT INTO `comments_abuse` (`comment_id`, `user_id`) VALUES
(38, 11);

-- --------------------------------------------------------

--
-- Структура таблицы `comments_likes`
--

CREATE TABLE IF NOT EXISTS `comments_likes` (
  `comment_id` int(11) NOT NULL,
  `user_id` int(11) NOT NULL,
  KEY `idx-comments-likes-comment_id` (`comment_id`)
) ENGINE=InnoDB DEFAULT CHARSET=utf8;

--
-- Дамп данных таблицы `comments_likes`
--

INSERT INTO `comments_likes` (`comment_id`, `user_id`) VALUES
(1, 1),
(24, 1),
(26, 1),
(25, 1),
(38, 11),
(39, 1),
(40, 1),
(52, 21),
(53, 21);

-- --------------------------------------------------------

--
-- Структура таблицы `comments_subscriptions`
--

CREATE TABLE IF NOT EXISTS `comments_subscriptions` (
  `id` int(11) NOT NULL AUTO_INCREMENT,
  `type` smallint(1) NOT NULL DEFAULT '2',
  `model` varchar(255) NOT NULL,
  `model_id` int(11) NOT NULL,
  `user_id` int(11) NOT NULL,
  PRIMARY KEY (`id`)
) ENGINE=InnoDB  DEFAULT CHARSET=utf8 AUTO_INCREMENT=6 ;

--
-- Дамп данных таблицы `comments_subscriptions`
--

INSERT INTO `comments_subscriptions` (`id`, `type`, `model`, `model_id`, `user_id`) VALUES
(1, 1, 'news', 60, 10),
(2, 2, 'news', 60, 1),
(3, 1, 'news', 52, 11),
(4, 2, 'news', 52, 5),
(5, 1, 'news', 79, 21);

-- --------------------------------------------------------

--
-- Структура таблицы `countries`
--

CREATE TABLE IF NOT EXISTS `countries` (
  `id` int(11) NOT NULL AUTO_INCREMENT,
  `name` varchar(255) NOT NULL,
  `status` smallint(6) DEFAULT NULL,
  `time_update` int(11) DEFAULT NULL,
  PRIMARY KEY (`id`)
) ENGINE=InnoDB  DEFAULT CHARSET=utf8 AUTO_INCREMENT=2 ;

--
-- Дамп данных таблицы `countries`
--

INSERT INTO `countries` (`id`, `name`, `status`, `time_update`) VALUES
(1, 'Россия', 1, 1493061124);

-- --------------------------------------------------------

--
-- Структура таблицы `gallery_image`
--

CREATE TABLE IF NOT EXISTS `gallery_image` (
  `id` int(11) NOT NULL AUTO_INCREMENT,
  `type` varchar(255) DEFAULT NULL,
  `ownerId` varchar(255) NOT NULL,
  `rank` int(11) NOT NULL DEFAULT '0',
  `name` varchar(255) DEFAULT NULL,
  `description` text,
  PRIMARY KEY (`id`)
) ENGINE=InnoDB DEFAULT CHARSET=utf8 AUTO_INCREMENT=1 ;

-- --------------------------------------------------------

--
-- Структура таблицы `goals`
--

CREATE TABLE IF NOT EXISTS `goals` (
  `id` int(11) NOT NULL AUTO_INCREMENT,
  `name` varchar(255) NOT NULL,
  `status` smallint(6) DEFAULT NULL,
  `time_update` int(11) DEFAULT NULL,
  PRIMARY KEY (`id`)
) ENGINE=InnoDB  DEFAULT CHARSET=utf8 AUTO_INCREMENT=23 ;

--
-- Дамп данных таблицы `goals`
--

INSERT INTO `goals` (`id`, `name`, `status`, `time_update`) VALUES
(1, 'Взыскать задолженность', NULL, 1493292565),
(2, 'Возместить ущерб', 0, 1494003073),
(4, 'Стать индивидуальным предпринимателем    ', 0, 1493997877),
(5, 'Устроить ребенка в детский сад', 0, 1494403210),
(6, 'Признать транспортный налог на проданное ТС неправомерным', 0, 1494407450),
(9, 'Устроить ребенка в школу', 0, 1494416724),
(10, 'Опубликовать Кейс', 0, 1494451231),
(11, 'Перевести ребенка в другую школу', 0, 1494854837),
(12, 'Минимизировать вред здоровью человека от укуса клеща', 0, 1500632898),
(13, 'Подготовить ребенка к ЕГЭ', 0, 1495700309),
(14, 'Подготовиться к ОГЭ самостоятельно', 0, 1495705031),
(15, 'Выбрать специальность', 0, 1495710190),
(17, 'настроить wi-fi роутер', NULL, 1501067621),
(18, 'включить wi-fi', NULL, 1501067621),
(19, 'Заменить национальное водительское удостоверение по истечению срока действия', NULL, 1501670988),
(20, 'Получить бесплатную квалифицированную медицинскую помощь за границей', NULL, 1502184816),
(21, 'Выбрать подходящий ребенку вуз для поступления', NULL, 1502367957),
(22, 'Легально купить и зарегистрировать травматическое оружие', NULL, 1503316977);

-- --------------------------------------------------------

--
-- Структура таблицы `keys`
--

CREATE TABLE IF NOT EXISTS `keys` (
  `id` int(11) NOT NULL AUTO_INCREMENT,
  `name` varchar(255) DEFAULT NULL,
  `freq` float DEFAULT NULL,
  `synonym` varchar(255) DEFAULT NULL,
  PRIMARY KEY (`id`)
) ENGINE=InnoDB  DEFAULT CHARSET=utf8 AUTO_INCREMENT=150 ;

--
-- Дамп данных таблицы `keys`
--

INSERT INTO `keys` (`id`, `name`, `freq`, `synonym`) VALUES
(1, 'мама', 1, ''),
(2, 'отец', 1, ''),
(3, 'брат', 1, ''),
(4, 'бабушка', 1, ''),
(5, 'по доверенности', 1, ''),
(6, 'батя', 1, ''),
(7, 'мать', 1, ''),
(8, 'папа', 1, ''),
(9, 'сестра', 1, ''),
(10, 'дедушка', 1, ''),
(11, 'тетя', 1, ''),
(12, 'дядя', 1, ''),
(13, 'залили соседи', 1, ''),
(14, 'залил сосед', 1, ''),
(15, 'затопили соседи', 1, ''),
(16, 'затопил сосед', 1, ''),
(17, 'залило квартиру', 1, ''),
(18, 'затопило квартиру', 1, ''),
(19, 'меня затопили', 1, ''),
(20, 'жертва', 1, ''),
(21, 'пострадавший', 1, ''),
(22, 'индивидуальный предприниматель', 1, ''),
(23, 'самостоятельная регистрация', 1, ''),
(24, 'гражданин РФ', 2, ''),
(25, 'стать индивидуальным предпринимателем', 1, ''),
(26, 'совершеннолетний', 1, ''),
(27, 'дееспособный', 1, ''),
(28, 'ПФР', 1, ''),
(29, 'пенсия', 2, ''),
(30, 'поликлиника', 1, ''),
(31, 'ОМС', 1, ''),
(32, 'работодатель', 1, ''),
(33, 'несчастный случай', 1, ''),
(34, 'производство', 1, ''),
(35, 'безработный', 1, ''),
(36, 'пособие', 1, ''),
(37, 'ЗАГС', 1, ''),
(38, 'МФЦ', 1, ''),
(39, 'авария', 1, ''),
(40, 'машина', 1, ''),
(41, 'ОСАГО', 1, ''),
(42, 'ГИБДД', 1, ''),
(43, 'дошкольное образовательное учреждение', 2, ''),
(44, 'детский сад', 2, ''),
(45, 'оформление ребенка в детский сад', 3, ''),
(46, 'получить льготы', 1, ''),
(47, 'очередь в детский сад', 1, ''),
(48, 'ДОУ', 3, ''),
(49, 'путевка в детский сад', 1, ''),
(50, 'получить место в детском саду', 1, ''),
(51, 'родители', 1, ''),
(52, 'опекун', 1, ''),
(53, 'законный представитель малолетнего', 1, ''),
(54, 'транспортный налог', 2, ''),
(55, 'владелец ТС', 2, ''),
(56, 'налогоплательщик', 2, ''),
(57, 'договор купли-продажи ТС', 2, ''),
(58, 'регистрация транспортного средства', 2, ''),
(59, 'продажа ТС', 1, ''),
(60, 'оплатить налог', 1, ''),
(61, 'налоговое уведомление', 1, ''),
(62, 'расчет налога', 1, ''),
(63, 'налоговый период', 1, ''),
(64, 'неправомерное начисление налога', 1, ''),
(65, 'получил налоговое уведомление', 1, ''),
(66, 'оплатить транспортный налог', 0, ''),
(67, 'подать заявление в налоговую инспекцию', 0, ''),
(68, 'перерасчитать налог', 0, ''),
(69, 'признать налог неправомерным', 0, ''),
(70, 'уточнить налоговый период', 0, ''),
(71, 'обратиться в ФНС', 1, ''),
(72, 'перерасчетать транспортный налог', 1, ''),
(73, 'отменить транспортный налог', 1, ''),
(74, 'задолженность по транспортному налогу', 1, ''),
(75, 'получение льгот', 2, ''),
(76, 'записать ребенка в очередь', 2, ''),
(77, 'очередь на получение места', 2, ''),
(78, 'дошкольное образование', 2, ''),
(79, 'детский сад в Москве', 1, ''),
(80, 'дошкольное образовательное учреждение Санкт-Петербурга', 1, ''),
(81, 'детский сад в СПб', 1, ''),
(82, 'детский сад в Санкт-Петербурге', 1, ''),
(83, 'начальное образование', 3, ''),
(84, 'образовательное учреждение', 4, ''),
(85, 'школа СПб', 1, ''),
(86, 'оформление ребенка в школу', 2, ''),
(87, 'получение образования', 2, ''),
(88, 'первоклассник', 2, ''),
(89, 'устроить ребенка в школу', 1, ''),
(90, 'записать ребенка в первый класс', 1, ''),
(91, 'образовательные учреждения Санкт-Петербурга', 1, ''),
(92, 'Санкт-Петербург', 1, ''),
(93, 'Московская область', 1, ''),
(94, 'Москва', 0, ''),
(95, 'Автор кейса', 1, ''),
(96, 'школа Санкт-Петербурга', 0, ''),
(97, 'начальная школа', 0, ''),
(98, 'поступить в первый класс', 0, ''),
(99, 'перевод в другую школу', 1, ''),
(100, 'отчисление из школы', 1, ''),
(101, 'основная школа', 1, ''),
(102, 'старшие классы', 2, ''),
(103, 'укусы насекомых', 1, ''),
(104, 'укусы животных', 1, ''),
(105, 'клещ', 1, ''),
(106, 'укусил клещ', 1, ''),
(107, 'присосался клещ', 1, ''),
(108, 'клещевой энцефалит', 2, ''),
(109, 'клещевой боррелиоз', 2, ''),
(110, 'энцефалит', 1, ''),
(111, 'боррелиоз', 1, ''),
(112, 'клещевые инфекции', 1, ''),
(113, 'удаление клеща', 1, ''),
(114, 'единый государственный экзамен', 1, ''),
(115, 'выпускник школы', 2, ''),
(116, 'сдать ЕГЭ', 1, ''),
(117, 'итоговая аттестация', 1, ''),
(118, 'подготовиться к ЕГЭ', 1, ''),
(119, 'ОГЭ', 1, ''),
(120, 'государственная итоговая аттестация', 1, ''),
(121, 'итоговый экзамен', 1, ''),
(122, 'ученик школы', 1, ''),
(123, 'сдать ОГЭ', 1, ''),
(124, 'подготовиться к экзаменам', 1, ''),
(125, 'выбрать профессию', 1, ''),
(126, 'профессиональное образование', 1, ''),
(127, 'определиться со специальностью', 1, ''),
(128, 'востребованность профессии', 1, ''),
(129, 'ключ', 0, NULL),
(130, 'wi-fi', 1, NULL),
(131, 'роутер', 1, NULL),
(132, 'настройка', 1, NULL),
(134, 'медицинская помощь за границей', 1, NULL),
(135, 'страховка за границей', 1, NULL),
(136, 'водительское удостоверение', 1, NULL),
(137, 'как заменить права', 1, NULL),
(138, 'заменить права в ГИБДД', 1, NULL),
(139, 'срок действия прав', 1, NULL),
(140, 'лицензия на оружие', 1, NULL),
(141, 'хранение оружия', 0, NULL),
(142, 'получить разрешение на оружие', 1, NULL),
(143, 'использование оружия', 0, NULL),
(144, 'правила безопасного обращения с оружием', 1, NULL),
(145, 'разрешение на ношение оружия', 1, NULL),
(146, 'травматическое оружие', 1, NULL),
(147, 'купить оружие', 0, NULL),
(148, 'сейф для оружия', 1, NULL),
(149, 'зарегистрировать оружие', 1, NULL);

-- --------------------------------------------------------

--
-- Структура таблицы `keys_categories`
--

CREATE TABLE IF NOT EXISTS `keys_categories` (
  `key_id` int(11) DEFAULT NULL,
  `category_id` int(11) DEFAULT NULL
) ENGINE=InnoDB DEFAULT CHARSET=utf8;

--
-- Дамп данных таблицы `keys_categories`
--

INSERT INTO `keys_categories` (`key_id`, `category_id`) VALUES
(28, 254),
(32, 257),
(33, 257),
(34, 257),
(35, 258),
(36, 258),
(37, 27),
(38, 271),
(39, 297),
(40, 298),
(41, 304),
(42, 306),
(103, 362),
(104, 362),
(30, 256),
(31, 256),
(29, 255);

-- --------------------------------------------------------

--
-- Структура таблицы `keys_cities`
--

CREATE TABLE IF NOT EXISTS `keys_cities` (
  `key_id` int(11) DEFAULT NULL,
  `city_id` int(11) DEFAULT NULL
) ENGINE=InnoDB DEFAULT CHARSET=utf8;

--
-- Дамп данных таблицы `keys_cities`
--

INSERT INTO `keys_cities` (`key_id`, `city_id`) VALUES
(92, 1);

-- --------------------------------------------------------

--
-- Структура таблицы `keys_countries`
--

CREATE TABLE IF NOT EXISTS `keys_countries` (
  `key_id` int(11) DEFAULT NULL,
  `country_id` int(11) DEFAULT NULL
) ENGINE=InnoDB DEFAULT CHARSET=utf8;

-- --------------------------------------------------------

--
-- Структура таблицы `keys_goals`
--

CREATE TABLE IF NOT EXISTS `keys_goals` (
  `key_id` int(11) DEFAULT NULL,
  `goal_id` int(11) DEFAULT NULL
) ENGINE=InnoDB DEFAULT CHARSET=utf8;

--
-- Дамп данных таблицы `keys_goals`
--

INSERT INTO `keys_goals` (`key_id`, `goal_id`) VALUES
(71, 6),
(72, 6),
(73, 6),
(74, 6),
(60, 6),
(65, 6),
(58, 6),
(54, 6),
(55, 6),
(56, 6),
(57, 6);

-- --------------------------------------------------------

--
-- Структура таблицы `keys_objects`
--

CREATE TABLE IF NOT EXISTS `keys_objects` (
  `key_id` int(11) DEFAULT NULL,
  `object_id` int(11) DEFAULT NULL
) ENGINE=InnoDB DEFAULT CHARSET=utf8;

--
-- Дамп данных таблицы `keys_objects`
--

INSERT INTO `keys_objects` (`key_id`, `object_id`) VALUES
(59, 5),
(61, 5),
(62, 5),
(63, 5),
(58, 5),
(64, 5),
(54, 5),
(55, 5),
(56, 5),
(57, 5),
(107, 11),
(108, 11),
(109, 11),
(110, 11),
(111, 11),
(112, 11),
(113, 11),
(105, 11),
(106, 11),
(75, 6),
(76, 6),
(77, 6),
(43, 6),
(45, 6),
(44, 6),
(48, 6),
(79, 6),
(78, 6),
(102, 1),
(99, 1),
(100, 1),
(101, 1),
(83, 1),
(84, 1),
(119, 14),
(120, 14),
(121, 14),
(122, 14),
(123, 14),
(124, 14),
(84, 13),
(102, 13),
(114, 13),
(115, 13),
(116, 13),
(117, 13),
(118, 13),
(83, 9),
(84, 9),
(86, 9),
(87, 9),
(88, 9),
(115, 15),
(125, 15),
(126, 15),
(127, 15),
(128, 15),
(43, 4),
(44, 4),
(45, 4),
(46, 4),
(47, 4),
(48, 4),
(49, 4),
(50, 4),
(130, 18),
(131, 18),
(132, 18),
(108, 17),
(109, 17),
(136, 26),
(137, 26),
(138, 26),
(139, 26),
(83, 8),
(84, 8),
(85, 8),
(86, 8),
(87, 8),
(88, 8),
(89, 8),
(90, 8),
(91, 8),
(45, 7),
(48, 7),
(75, 7),
(76, 7),
(77, 7),
(78, 7),
(80, 7),
(81, 7),
(82, 7),
(134, 24),
(135, 24),
(24, 3),
(22, 3),
(23, 3),
(25, 3),
(14, 12),
(13, 12),
(17, 12),
(16, 12),
(15, 12),
(18, 12),
(19, 12),
(24, 34),
(140, 37),
(142, 37),
(144, 37),
(145, 37),
(146, 37),
(148, 37),
(149, 37);

-- --------------------------------------------------------

--
-- Структура таблицы `keys_regions`
--

CREATE TABLE IF NOT EXISTS `keys_regions` (
  `key_id` int(11) DEFAULT NULL,
  `region_id` int(11) DEFAULT NULL
) ENGINE=InnoDB DEFAULT CHARSET=utf8;

--
-- Дамп данных таблицы `keys_regions`
--

INSERT INTO `keys_regions` (`key_id`, `region_id`) VALUES
(93, 33);

-- --------------------------------------------------------

--
-- Структура таблицы `keys_roles`
--

CREATE TABLE IF NOT EXISTS `keys_roles` (
  `key_id` int(11) DEFAULT NULL,
  `role_id` int(11) DEFAULT NULL
) ENGINE=InnoDB DEFAULT CHARSET=utf8;

--
-- Дамп данных таблицы `keys_roles`
--

INSERT INTO `keys_roles` (`key_id`, `role_id`) VALUES
(95, 7),
(2, 1),
(3, 1),
(4, 1),
(5, 1),
(6, 1),
(7, 1),
(9, 1),
(10, 1),
(11, 1),
(12, 1),
(1, 5),
(8, 5),
(51, 5),
(52, 5),
(53, 5),
(20, 3),
(21, 3),
(26, 4),
(27, 4);

-- --------------------------------------------------------

--
-- Структура таблицы `menus`
--

CREATE TABLE IF NOT EXISTS `menus` (
  `id` int(11) NOT NULL AUTO_INCREMENT,
  `name` varchar(255) NOT NULL,
  `title` varchar(255) NOT NULL,
  `levels` smallint(6) NOT NULL DEFAULT '0',
  `is_visible` smallint(6) NOT NULL DEFAULT '0',
  `deleted` smallint(6) NOT NULL DEFAULT '0',
  PRIMARY KEY (`id`)
) ENGINE=InnoDB DEFAULT CHARSET=utf8 AUTO_INCREMENT=1 ;

-- --------------------------------------------------------

--
-- Структура таблицы `menus_links`
--

CREATE TABLE IF NOT EXISTS `menus_links` (
  `id` int(11) NOT NULL AUTO_INCREMENT,
  `menu_id` int(11) NOT NULL DEFAULT '0',
  `parent_id` int(11) NOT NULL DEFAULT '0',
  `url` varchar(255) NOT NULL,
  `class` varchar(255) NOT NULL,
  `title` varchar(255) NOT NULL,
  `order` int(11) NOT NULL DEFAULT '0',
  `is_visible` smallint(6) NOT NULL DEFAULT '0',
  PRIMARY KEY (`id`)
) ENGINE=InnoDB DEFAULT CHARSET=utf8 AUTO_INCREMENT=1 ;

-- --------------------------------------------------------

--
-- Структура таблицы `meta_tags`
--

CREATE TABLE IF NOT EXISTS `meta_tags` (
  `id` int(11) NOT NULL AUTO_INCREMENT,
  `model` varchar(255) NOT NULL,
  `model_id` int(11) NOT NULL,
  `title` varchar(255) NOT NULL,
  `keywords` varchar(255) NOT NULL,
  `description` text NOT NULL,
  `time_update` int(11) NOT NULL DEFAULT '0',
  PRIMARY KEY (`id`),
  UNIQUE KEY `object` (`model`,`model_id`)
) ENGINE=InnoDB  DEFAULT CHARSET=utf8 AUTO_INCREMENT=503 ;

--
-- Дамп данных таблицы `meta_tags`
--

INSERT INTO `meta_tags` (`id`, `model`, `model_id`, `title`, `keywords`, `description`, `time_update`) VALUES
(2, 'Region', 1, '', '', '', 1493041496),
(3, 'Region', 2, '', '', '', 1493041806),
(4, 'Region', 3, '', '', '', 1493041811),
(5, 'Region', 4, '', '', '', 1493041814),
(7, 'Region', 5, '', '', '', 1493041830),
(8, 'Region', 6, '', '', '', 1493041833),
(9, 'Region', 7, '', '', '', 1493042257),
(10, 'Region', 8, '', '', '', 1493042269),
(11, 'Category', 1, 'Моя деятельность и статус', '?', '?', 1493050080),
(12, 'Category', 2, 'Моя личная жизнь', '?', '?', 1493050103),
(13, 'Category', 3, 'Мои семья и близкие', '?', '?', 1493050123),
(14, 'Category', 4, 'Разбор ситуаций связанных с потреблением и бытом', 'продукты питания, обувь, одежда, еда, напитки, бытовые услуги, ЖКХ', 'Мое потребление и быт - жизнь, обеспечение жизнедеятельности', 1493108296),
(17, 'Category', 7, 'Начальное, среднее, высшее, дополнительное', '?', '?', 1493050301),
(18, 'Country', 3, '', '', '', 1493061124),
(19, 'Category', 8, 'Мой образ жизни, здоровье, отдых, привычки, увлечения, безопасность', 'Мой образ жизни, здоровье физическое, здоровье психологическое, питание, безопасность, физкультура, сон, отдых, привычки, дополнительное образование, дополнительные навыки, общение, развлечения, спорт', 'Мой образ жизни, здоровье физическое, здоровье психологическое, питание, безопасность, физкультура, сон, отдых, привычки, дополнительное образование, дополнительные навыки, общение, развлечения, спорт', 1493108576),
(20, 'Category', 9, 'Здоровье физическое (соматическое)', 'физиологическая норма, состояние органов, состояние организма, возможности организма, адаптация к факторам внешней среды, оздоровление, защита от вредных факторов, повышение уровня здоровья, профилактика заболеваний, питание, дыхание, движение, позна', 'поддержание физического здоровья, физическое развитие, профилактика заболеваний, адаптация к факторам внешней среды', 1493109135),
(21, 'Region', 66, 'Санкт-Петербург', 'Санкт-Петербург, Питер, СПб, Ленинград, Петроград', 'Санкт-Петербург, город федерального значения, субъект федерации', 1493109293),
(22, 'Category', 10, 'Закаливание организма', 'закаливание, закалка, сопротивляемость организма неблагоприятным факторам окружающей среды, адаптационные способности организма', 'Закаливание организма, повышение адаптации к внешним воздействиям, повышение жизненного тонуса', 1493109574),
(23, 'News', 1, 'Я не нужная новость ТЕСТОВАЯ уберите меня скорее если я на сайте :-)', '342343', 'Я не нужная новость ТЕСТОВАЯ уберите меня скорее если я на сайте :-)', 1493117609),
(24, 'News', 2, 'Когда, как и зачем надо составлять завещание', 'завещание, наследование, завещатель, наследники, наследуемое имущество, нотариус, удостоверение завещания', 'Основные сведения о завещании', 1493117976),
(25, 'Region', 30, '', '', '', 1493139121),
(26, 'Region', 33, 'Кейсы для Московской области', 'Московская область', 'Кейсы для региона Московская область', 1494417745),
(27, 'Region', 12, '', '', '', 1493139173),
(28, 'Category', 11, '', '', '', 1493896686),
(29, 'Category', 12, '', '', '', 1493896698),
(30, 'Category', 13, '', '', '', 1493896711),
(31, 'Category', 14, '', '', '', 1493896722),
(43, 'Category', 26, '', '', '', 1493896924),
(44, 'Category', 27, '', '', '', 1493896947),
(45, 'Category', 28, '', '', '', 1493896958),
(46, 'Category', 29, '', '', '', 1493896966),
(47, 'Category', 30, '', '', '', 1493896984),
(48, 'Category', 31, '', '', '', 1493896999),
(49, 'Category', 32, '', '', '', 1493897008),
(50, 'Category', 33, '', '', '', 1493897016),
(51, 'Category', 34, '', '', '', 1493897030),
(52, 'Category', 35, '', '', '', 1493897041),
(53, 'Category', 36, '', '', '', 1493897053),
(54, 'Category', 37, '', '', '', 1493897069),
(55, 'Category', 38, '', '', '', 1493897079),
(56, 'Category', 39, '', '', '', 1493897089),
(57, 'Category', 40, '', '', '', 1493897098),
(58, 'Category', 41, '', '', '', 1493897109),
(59, 'Category', 42, '', '', '', 1493897122),
(60, 'Category', 43, '', '', '', 1493897132),
(61, 'Category', 44, '', '', '', 1493897141),
(62, 'Category', 45, '', '', '', 1493897150),
(63, 'Category', 46, '', '', '', 1493897160),
(64, 'Category', 47, '', '', '', 1493897168),
(65, 'Category', 48, '', '', '', 1493897176),
(81, 'Category', 64, '', '', '', 1493898471),
(82, 'Category', 65, '', '', '', 1493898484),
(93, 'Category', 76, '', '', '', 1493898676),
(94, 'Category', 77, '', '', '', 1493898692),
(95, 'Category', 78, '', '', '', 1493898705),
(96, 'Category', 79, '', '', '', 1493898713),
(97, 'Category', 80, '', '', '', 1493900116),
(98, 'Category', 81, '', '', '', 1493900128),
(99, 'Category', 82, '', '', '', 1493900137),
(100, 'Category', 83, '', '', '', 1493900147),
(101, 'Category', 84, '', '', '', 1493900156),
(102, 'Category', 85, '', '', '', 1493900240),
(103, 'Category', 86, '', '', '', 1493900249),
(104, 'Category', 87, '', '', '', 1493900259),
(105, 'Category', 88, '', '', '', 1493900268),
(106, 'Category', 89, '', '', '', 1493900277),
(107, 'Category', 90, '', '', '', 1493900286),
(108, 'Category', 91, '', '', '', 1493900295),
(109, 'Category', 92, '', '', '', 1493900304),
(112, 'Category', 95, '', '', '', 1493900334),
(113, 'Category', 96, '', '', '', 1493900343),
(116, 'Category', 99, '', '', '', 1493900374),
(117, 'Category', 100, '', '', '', 1493900384),
(118, 'Category', 101, '', '', '', 1493900392),
(119, 'Category', 102, '', '', '', 1493900401),
(120, 'Category', 103, '', '', '', 1493900410),
(121, 'Category', 104, '', '', '', 1493900418),
(122, 'Category', 105, '', '', '', 1493900463),
(127, 'Category', 110, '', '', '', 1493900609),
(128, 'Category', 111, '', '', '', 1493900738),
(129, 'Category', 112, '', '', '', 1493900750),
(130, 'Category', 113, '', '', '', 1493900761),
(131, 'Category', 114, '', '', '', 1493900771),
(132, 'Category', 115, '', '', '', 1493900781),
(133, 'Category', 116, '', '', '', 1493900791),
(134, 'Category', 117, '', '', '', 1493900800),
(135, 'Category', 118, '', '', '', 1493900812),
(136, 'Category', 119, '', '', '', 1493900822),
(137, 'Category', 120, '', '', '', 1493900832),
(138, 'Category', 121, '', '', '', 1493900842),
(139, 'Category', 122, '', '', '', 1493900852),
(142, 'Category', 125, '', '', '', 1493900882),
(145, 'Category', 128, '', '', '', 1493977715),
(146, 'Category', 129, '', '', '', 1493977731),
(149, 'Category', 132, '', '', '', 1493977825),
(150, 'Category', 133, '', '', '', 1493977837),
(151, 'Category', 134, '', '', '', 1493977860),
(152, 'Category', 135, '', '', '', 1493977876),
(153, 'Category', 136, '', '', '', 1493977937),
(154, 'Category', 137, '', '', '', 1493977957),
(155, 'Category', 138, '', '', '', 1493977975),
(156, 'Category', 139, '', '', '', 1493977996),
(157, 'Category', 140, '', '', '', 1493978010),
(158, 'Category', 141, '', '', '', 1493978071),
(159, 'Category', 142, '', '', '', 1493978090),
(160, 'Category', 143, '', '', '', 1493978113),
(161, 'Category', 144, '', '', '', 1493978127),
(162, 'Category', 145, '', '', '', 1493978305),
(163, 'Category', 146, '', '', '', 1493978412),
(164, 'Category', 147, '', '', '', 1493979407),
(165, 'Category', 148, '', '', '', 1493979438),
(166, 'Category', 149, '', '', '', 1493979454),
(167, 'Category', 150, '', '', '', 1493979590),
(168, 'Category', 151, '', '', '', 1493979608),
(169, 'Category', 152, '', '', '', 1493979627),
(170, 'Category', 153, '', '', '', 1493979642),
(171, 'Category', 154, '', '', '', 1493979659),
(172, 'Category', 155, '', '', '', 1493979685),
(173, 'Category', 156, '', '', '', 1493979699),
(174, 'Category', 157, '', '', '', 1493979719),
(175, 'Category', 158, '', '', '', 1493979737),
(176, 'Category', 159, '', '', '', 1493979751),
(177, 'Category', 160, '', '', '', 1493979765),
(178, 'Category', 161, '', '', '', 1493979783),
(179, 'Category', 162, '', '', '', 1493979797),
(180, 'Category', 163, '', '', '', 1493979813),
(182, 'Category', 165, '', '', '', 1493983032),
(183, 'Category', 166, '', '', '', 1493983043),
(184, 'Category', 167, '', '', '', 1493983055),
(185, 'Category', 168, '', '', '', 1493983066),
(186, 'Category', 169, '', '', '', 1493983083),
(187, 'Category', 170, '', '', '', 1493983102),
(188, 'Category', 171, '', '', '', 1493983170),
(189, 'Category', 172, '', '', '', 1493983186),
(190, 'Category', 173, '', '', '', 1493983197),
(191, 'Category', 174, '', '', '', 1493983222),
(193, 'Category', 176, '', '', '', 1493983252),
(194, 'Category', 177, '', '', '', 1493983800),
(195, 'Category', 178, '', '', '', 1493983818),
(196, 'Category', 179, '', '', '', 1493983834),
(199, 'Category', 182, '', '', '', 1493985524),
(206, 'Category', 189, '', '', '', 1493990706),
(207, 'Category', 190, '', '', '', 1493991134),
(208, 'Category', 191, '', '', '', 1493991397),
(209, 'Category', 192, '', '', '', 1493992446),
(210, 'Category', 193, '', '', '', 1493992499),
(211, 'Category', 194, '', '', '', 1493992578),
(212, 'Category', 195, '', '', '', 1493992659),
(213, 'Category', 196, '', '', '', 1493992672),
(214, 'Category', 197, '', '', '', 1493992721),
(215, 'Category', 198, '', '', '', 1493992738),
(216, 'Category', 199, '', '', '', 1493992795),
(217, 'Category', 200, '', '', '', 1493992897),
(218, 'Category', 201, '', '', '', 1493992931),
(219, 'Category', 202, '', '', '', 1493992951),
(220, 'Category', 203, '', '', '', 1493992973),
(221, 'Category', 204, '', '', '', 1493993046),
(222, 'Category', 205, '', '', '', 1493993084),
(226, 'Category', 209, '', '', '', 1493994378),
(227, 'Category', 210, '', '', '', 1493994800),
(228, 'Category', 211, '', '', '', 1493994810),
(229, 'Category', 212, '', '', '', 1493994830),
(230, 'Category', 213, '', '', '', 1493994855),
(232, 'Category', 215, '', '', '', 1493995659),
(233, 'Category', 216, '', '', '', 1493995680),
(234, 'Category', 217, '', '', '', 1493995692),
(235, 'Category', 218, '', '', '', 1493995705),
(236, 'Category', 219, '', '', '', 1493995726),
(237, 'Category', 220, '', '', '', 1493997362),
(238, 'Category', 221, '', '', '', 1494015771),
(239, 'Category', 222, '', '', '', 1494016079),
(240, 'Category', 223, '', '', '', 1494016209),
(241, 'Category', 224, '', '', '', 1494016240),
(245, 'Category', 228, '', '', '', 1494016482),
(246, 'Category', 229, '', '', '', 1494016494),
(247, 'Category', 230, '', '', '', 1494016506),
(248, 'Category', 231, '', '', '', 1494016613),
(249, 'Category', 232, '', '', '', 1494016624),
(250, 'Category', 233, '', '', '', 1494016634),
(251, 'Category', 234, '', '', '', 1494016674),
(252, 'Category', 235, '', '', '', 1494016686),
(253, 'Category', 236, '', '', '', 1494016699),
(254, 'Category', 237, '', '', '', 1494016715),
(255, 'Category', 238, '', '', '', 1494016726),
(256, 'Category', 239, '', '', '', 1494016753),
(257, 'Category', 240, '', '', '', 1494016773),
(258, 'Category', 241, '', '', '', 1494016783),
(259, 'Category', 242, '', '', '', 1494016793),
(260, 'Category', 243, '', '', '', 1494016810),
(261, 'Category', 244, '', '', '', 1494016825),
(262, 'Category', 245, '', '', '', 1494016834),
(263, 'Category', 246, '', '', '', 1494016844),
(264, 'Category', 247, '', '', '', 1494016865),
(265, 'Category', 248, '', '', '', 1494016876),
(266, 'Category', 249, '', '', '', 1494016885),
(267, 'Category', 250, '', '', '', 1494016899),
(268, 'Category', 251, '', '', '', 1494016916),
(269, 'Category', 252, '', '', '', 1494016948),
(270, 'Category', 253, 'Фонд Социального Страхования', 'ФСС', 'обязательное социальное страховыание', 1494017119),
(271, 'Category', 254, '', '', '', 1494017217),
(272, 'Category', 255, '', '', '', 1494017252),
(273, 'Category', 256, '', '', '', 1494017354),
(274, 'Category', 257, '', '', '', 1494017416),
(275, 'Category', 258, '', '', '', 1494017475),
(276, 'Category', 259, '', '', '', 1494017500),
(277, 'Category', 260, '', '', '', 1494017522),
(278, 'Category', 261, '', '', '', 1494017682),
(279, 'Category', 262, '', '', '', 1494017752),
(280, 'Category', 263, '', '', '', 1494017762),
(281, 'Category', 264, '', '', '', 1494017789),
(282, 'Category', 265, '', '', '', 1494017854),
(283, 'Category', 266, '', '', '', 1494017903),
(284, 'Category', 267, '', '', '', 1494017923),
(285, 'Category', 268, '', '', '', 1494018007),
(286, 'Category', 269, '', '', '', 1494018028),
(287, 'Category', 270, '', '', '', 1494018088),
(288, 'Category', 271, '', '', '', 1494018134),
(289, 'Category', 272, '', '', '', 1494018145),
(290, 'Category', 273, '', '', '', 1494018170),
(291, 'Category', 274, '', '', '', 1494018180),
(292, 'Category', 275, '', '', '', 1494018189),
(293, 'Category', 276, '', '', '', 1494018201),
(294, 'Category', 277, '', '', '', 1494018220),
(295, 'Category', 278, '', '', '', 1494018233),
(296, 'Category', 279, '', '', '', 1494018245),
(297, 'Category', 280, '', '', '', 1494018254),
(298, 'Category', 281, '', '', '', 1494018268),
(299, 'Category', 282, '', '', '', 1494018284),
(300, 'Category', 283, '', '', '', 1494018294),
(301, 'Category', 284, '', '', '', 1494018307),
(302, 'Category', 285, '', '', '', 1494018331),
(303, 'Category', 286, '', '', '', 1494018340),
(304, 'Category', 287, '', '', '', 1494018352),
(305, 'Category', 288, '', '', '', 1494018362),
(306, 'Category', 289, '', '', '', 1494018375),
(308, 'Category', 291, '', '', '', 1494018402),
(309, 'Category', 292, '', '', '', 1494018415),
(310, 'Category', 293, '', '', '', 1494018430),
(311, 'Category', 294, '', '', '', 1494018440),
(312, 'Category', 295, '', '', '', 1494018453),
(313, 'Category', 296, '', '', '', 1494018466),
(314, 'Category', 297, '', '', '', 1494018507),
(315, 'Category', 298, '', '', '', 1494018525),
(316, 'Category', 299, '', '', '', 1494018541),
(317, 'Category', 300, '', '', '', 1494018561),
(318, 'Category', 301, '', '', '', 1494018580),
(319, 'Category', 302, '', '', '', 1494018591),
(320, 'Category', 303, '', '', '', 1494018606),
(321, 'Category', 304, '', '', '', 1494018638),
(322, 'Category', 305, '', '', '', 1494018656),
(323, 'Category', 306, '', '', '', 1494018717),
(324, 'Category', 307, '', '', '', 1494400833),
(325, 'Category', 308, '', '', '', 1494415673),
(326, 'City', 1, 'Кейсы для города Санкт-Петербург', 'Санкт-Петербург', 'Набор кейсов для города Санкт-Петербург, Ленинградская область.', 1494417666),
(328, 'Category', 309, '', '', '', 1494451286),
(329, 'Category', 310, '', '', '', 1494451336),
(330, 'Category', 311, '', '', '', 1494451352),
(331, 'Category', 312, '', '', '', 1494451374),
(332, 'Category', 313, '', '', '', 1494451394),
(333, 'Category', 314, '', '', '', 1494451419),
(334, 'Category', 315, '', '', '', 1494451430),
(335, 'Category', 316, '', '', '', 1494451448),
(336, 'Category', 317, '', '', '', 1494451502),
(337, 'Category', 318, '', '', '', 1494451524),
(338, 'Category', 319, '', '', '', 1494451549),
(339, 'Category', 320, '', '', '', 1494451560),
(340, 'Category', 321, '', '', '', 1494792341),
(341, 'Category', 322, '', '', '', 1494792479),
(342, 'Category', 323, '', '', '', 1494792581),
(343, 'Category', 324, '', '', '', 1494792594),
(348, 'Category', 329, '', '', '', 1494837444),
(349, 'Category', 330, '', '', '', 1494837590),
(350, 'Category', 331, '', '', '', 1494837638),
(351, 'Category', 332, '', '', '', 1494837862),
(352, 'Category', 333, '', '', '', 1494837873),
(353, 'Category', 334, '', '', '', 1494841940),
(354, 'Category', 335, '', '', '', 1494842611),
(355, 'Category', 336, '', '', '', 1494842628),
(356, 'Category', 337, '', '', '', 1494934602),
(357, 'Category', 338, '', '', '', 1494936071),
(358, 'Category', 339, '', '', '', 1494936086),
(359, 'Category', 340, '', '', '', 1494936966),
(360, 'Category', 341, '', '', '', 1494936987),
(362, 'Category', 343, '', '', '', 1494937875),
(363, 'Category', 344, '', '', '', 1494938140),
(364, 'Category', 345, '', '', '', 1494940541),
(365, 'Category', 346, '', '', '', 1494940740),
(366, 'Category', 347, '', '', '', 1494940853),
(367, 'Category', 348, '', '', '', 1494940876),
(368, 'Category', 349, '', '', '', 1494940900),
(369, 'Category', 350, '', '', '', 1494940917),
(370, 'Category', 351, '', '', '', 1494941028),
(371, 'Category', 352, '', '', '', 1494941094),
(372, 'Category', 353, '', '', '', 1494941173),
(373, 'Category', 354, '', '', '', 1494943835),
(374, 'Category', 355, '', '', '', 1494944044),
(375, 'Category', 356, '', '', '', 1494944058),
(376, 'Category', 357, '', '', '', 1494944362),
(377, 'Category', 358, '', '', '', 1494944380),
(378, 'Category', 359, '', '', '', 1494944411),
(379, 'Category', 360, '', '', '', 1494944438),
(380, 'Category', 361, '', '', '', 1495029056),
(381, 'Category', 362, 'Укусы насекомых и животных', 'укусы насекомых, укусы животных, укусила змея, укусил паук, лечение укусов, укусил клещ, укусила пчела, укусила оса, укусила змея, укусил паук, укусила собака, укусила кошка, покусали комары, укусила лиса', 'первая помощь при укусах насекомых, первая помощь при укусах животных, лечение укусов насекомых, лечение укусов животных', 1495620054),
(382, 'Page', 1, 'Правила', 'Правила', 'Правила', 1496059791),
(383, 'Questions', 1, 'Регистрация на проекте HelpCase', 'зарегистрироваться на проекте HelpCase', 'Как зарегистрироваться на проекте HelpCase', 1496571670),
(384, 'Category', 363, '', '', '', 1496661797),
(385, 'News', 3, 'Тест', 'Тест', 'Тест', 1499152513),
(386, 'News', 4, 'Тест', 'тес', 'тест тест', 1499152742),
(387, 'Questions', 2, 'Размещение кейса на сайте HelpCase', 'HelpCase, кейс, разместить кейс', 'Как разместить свой кейс на сайте HelpCase', 1500222517),
(388, 'News', 5, '', '', '', 1500989959),
(389, 'City', 1099, '', '', '', 1501184082),
(390, 'City', 1100, '', '', '', 1501184093),
(391, 'City', 1101, '', '', '', 1501184103),
(392, 'City', 1102, '', '', '', 1501184124),
(393, 'City', 1103, '', '', '', 1501184141),
(394, 'City', 1104, '', '', '', 1501184150),
(395, 'City', 1105, '', '', '', 1501184158),
(396, 'City', 1106, '', '', '', 1501184170),
(397, 'City', 1107, '', '', '', 1501184175),
(398, 'Region', 77, '', '', '', 1501184349),
(399, 'News', 6, '', '', '', 1502089396),
(400, 'News', 7, '', '', '', 1502089406),
(401, 'News', 8, '', '', '', 1502089438),
(402, 'News', 9, '', '', '', 1502089447),
(403, 'News', 10, '', '', '', 1502089487),
(404, 'News', 11, '', '', '', 1502090358),
(405, 'News', 12, '', '', '', 1502091059),
(406, 'News', 13, '', '', '', 1502092122),
(407, 'News', 14, '', '', '', 1502092480),
(408, 'News', 15, '', '', '', 1502092639),
(409, 'News', 16, '', '', '', 1502092774),
(411, 'News', 18, '', '', '', 1502097586),
(412, 'News', 19, '', '', '', 1502098724),
(414, 'News', 21, '', '', '', 1502110444),
(415, 'News', 22, '', '', '', 1502110661),
(416, 'News', 23, '', '', '', 1502110874),
(417, 'Category', 3256, '', '', '', 1502362662),
(418, 'News', 24, '', '', '', 1502695857),
(419, 'News', 25, '', '', '', 1502699628),
(420, 'News', 26, '', '', '', 1502700563),
(421, 'News', 27, '', '', '', 1502705469),
(422, 'News', 28, '', '', '', 1502711870),
(423, 'News', 29, '', '', '', 1502711975),
(424, 'News', 30, '', '', '', 1502712907),
(425, 'News', 31, '', '', '', 1502713066),
(426, 'News', 32, '', '', '', 1502713135),
(427, 'News', 33, '', '', '', 1502713275),
(428, 'News', 34, '', '', '', 1502713359),
(429, 'News', 35, '', '', '', 1502713499),
(430, 'News', 36, '', '', '', 1502716780),
(431, 'News', 37, '', '', '', 1502789960),
(432, 'News', 38, '', '', '', 1502790085),
(433, 'News', 39, '', '', '', 1502799826),
(434, 'News', 40, '', '', '', 1502800035),
(435, 'News', 41, '', '', '', 1502800223),
(436, 'News', 42, '', '', '', 1502800418),
(437, 'News', 43, '', '', '', 1502800598),
(438, 'News', 44, '', '', '', 1502800687),
(440, 'News', 46, '', '', '', 1502866277),
(441, 'News', 47, '', '', '', 1502866371),
(442, 'News', 48, '', '', '', 1502866461),
(443, 'News', 49, '', '', '', 1502866558),
(444, 'News', 50, '', '', '', 1502881662),
(445, 'News', 51, '', '', '', 1502881766),
(446, 'News', 52, '', '', '', 1502888637),
(447, 'News', 53, '', '', '', 1502888732),
(448, 'News', 54, '', '', '', 1502888839),
(449, 'News', 55, '', '', '', 1502956925),
(450, 'News', 56, '', '', '', 1502957018),
(451, 'News', 57, '', '', '', 1502959150),
(452, 'News', 58, '', '', '', 1502961080),
(453, 'News', 59, '', '', '', 1502965099),
(454, 'News', 60, '', '', '', 1502965981),
(455, 'News', 61, '', '', '', 1502967253),
(456, 'News', 62, '', '', '', 1502973812),
(457, 'News', 63, '', '', '', 1502973879),
(458, 'News', 64, '', '', '', 1502976020),
(459, 'News', 65, '', '', '', 1502976652),
(460, 'News', 66, '', '', '', 1503046985),
(461, 'News', 67, '', '', '', 1503047046),
(462, 'News', 68, '', '', '', 1503047129),
(463, 'News', 69, '', '', '', 1503047207),
(464, 'News', 70, '', '', '', 1503047284),
(465, 'News', 71, '', '', '', 1503049107),
(466, 'News', 72, '', '', '', 1503054811),
(467, 'News', 73, '', '', '', 1503054956),
(468, 'News', 74, '', '', '', 1503055065),
(469, 'News', 75, '', '', '', 1503055144),
(470, 'News', 76, 'Кино 80-х бесплатно покажут москвичам', 'бесплатное кино, культовые советские фильмы', 'В программе значатся культовые советские фильмы.', 1503063054),
(471, 'News', 77, 'Перед покупкой алкоголя заставят «дуть в трубочку»', 'Алкоголь, дышать в трубку', 'В Москве могут изменить правила продажи алкогольной продукции.', 1503063175),
(472, 'Tag', 4, '', '', '', 1503063718),
(473, 'Page', 2, 'Правила публикации комментариев', 'Правила публикации комментариев', 'Правила публикации комментариев на ресурсе HelpCase', 1503251875),
(474, 'News', 78, 'Бывшая питерская свалка «Новосёлки» продолжает отравлять жизнь людей', 'ТКО, полигон, свалка', 'Питерцы требуют от губернатора окончательно закрыть полигон твёрдых коммунальных отходов.', 1503298841),
(475, 'News', 79, 'Крик души: «Остановите издевательства над бездомными животными!»', 'Приют для бездомных животных', 'Жители Туапсе ждут от властей нового приюта для бездомных животных.', 1503299366),
(476, 'News', 80, 'Telegram-бот будет записывать москвичей на приём к врачу', 'Telegram, запись к врачу', 'Telegram облегчит запись на приём к врачу.', 1503301966),
(477, 'News', 81, 'Кофе поставили в один ряд с наркотиками.', 'Вред и польза от кофе, наркотики', 'Вредит или помогает кофе?', 1503303863),
(478, 'News', 82, 'В столичном регионе ждут бабьего лета', 'Гидрометцентр, бабье лето', 'Синоптики обещают возвращение лета.', 1503308317),
(479, 'News', 83, 'ЦБ РФ наказал ещё один столичный банк', 'Отзыв лицензии у банков', 'ЦБ РФ продолжает зачистку банковского сектора.', 1503309072),
(480, 'News', 84, 'За задержку рейса россияне могут требовать у авиакомпаний до 390 тысяч рублей', 'Монреальская конвенция, авиаперевозки, задержка рейса', 'Вступают в силу новые правила авиаперевозок', 1503310191),
(481, 'News', 85, 'Владимир Путин решил сократить количество и сроки проверок предпринимателей', 'Путин, Президент России, не кошмарить бизнес', 'Готовятся очередные поправки в закон, упрощающие жизнь бизнесу.', 1503310748),
(482, 'News', 86, 'Россиян лишают американских виз?', 'Виза, США, Америка, высылка дипломатов', 'США временно приостанавливают выдачу виз россиянам.', 1503311824),
(483, 'News', 87, 'В ДТП в Турции пострадали более десятка россиян', 'ДТП, Турция, пострадали россияне', 'Сейчас жизнь наших соотечественников вне опасности.', 1503317998),
(484, 'News', 88, 'За полгода 7 миллионов иностранцев встали на миграционный учёт', 'Мигранты', 'С целью контроля за миграционными потоками проведено более 200 тысяч различных проверочных мероприятий, раскрыто порядка 21,5 тысячи преступлений.', 1503318154),
(485, 'News', 89, 'Более чем в 80 процентов летних лагерей Роспотребнадзором зафиксированы нарушени', 'Детские лагеря, детский отдых', 'Огромное количество нарушений выявил Роспотребнадзор при функционировании детских летних лагерей', 1503318555),
(486, 'News', 90, 'Без помощи государства проблему бездомных животных не решить', 'Бездомные животные, ', 'Проблему бездомных животных возможно решить только сообща.', 1503318848),
(487, 'News', 91, 'Сотни жителей Ростова-на-Дону эвакуированы из-за сильнейшего пожара', 'Ростов-на-Дону, пожар, ЧП', 'В Ростове-на-Дону бушует сильнейший пожар.', 1503320953),
(488, 'News', 92, '«Когда нет денег, нет любви…»', 'Развод, мужчина и женщина', 'Учёные подтвердили известное высказывание.', 1503326611),
(489, 'News', 93, 'Москвичи забывают в такси телевизоры, пистолеты и котов', 'Такси, забытые вещи', 'Составлен список наиболее часто забываемых в такси вещей', 1503329843),
(490, 'News', 94, 'Хочешь дольше прожить – не сиди, а двигайся!', 'Активный образ жизни, долголетие', 'Учёный в очередной раз доказали пользу активного образа жизни.', 1503389450),
(491, 'News', 95, 'Витамин, который способен бороться с онкологией', 'Борьба с онкологией, витамины', 'Учёные продолжают искать способы победить рак.', 1503389913),
(492, 'News', 96, 'Агрессивность подростков объясняется желанием… познать мир?', 'Подростковая агрессивность', 'Учёные пересмотрели причины подростковой агрессивности.', 1503391178),
(493, 'News', 97, 'Ларингит и бронхит – болезни россиян', 'Здоровье, самые частые болезни', 'Врачи назвали самые частые болезни россиян.', 1503391333),
(494, 'News', 98, 'В России подешевели подержанные авто', 'Подержанные автомобили', 'Рынок подержанных машин уступил место новым.', 1503391616),
(495, 'News', 99, 'Пожар в Ростове-на-Дону повредил 83 жилых дома', 'Ростов-на-Дону, пожар, ЧП', 'Поджог считают основной причиной крупнейшего пожара в Ростове-на-Дону', 1503392669),
(496, 'News', 100, 'Георгий Полтавченко пообещал Владимиру Путину закрыть свалку в Питере', 'ТКО, полигон, свалка', 'Вмешательство В.В. Путина помогло решить вопрос с мусорным полигоном в Санкт-Петербурге', 1503393601),
(497, 'News', 101, 'Нью-Йорк и Париж остались позади Москвы по числу поездок на арендованных велосип', 'Аренда велосипедов, активный образ жизни', 'В Москве набирает популярность аренда велосипедов.', 1503397375),
(498, 'News', 102, 'Обвал цен на овощи обещает Минэкономразвития', 'Снижение цен', 'Эксперты ожидают резкое снижение цен на сезонную продукцию.', 1503397700),
(499, 'News', 103, 'Московских водителей дисциплинируют пешие инспекторы', 'Платные парковки', 'В Москве планируется расширить штат инспекторов платных парковок.', 1503410402),
(500, 'News', 104, 'В Подмосковье верблюд лишил руки пьяного хозяина', 'ЧП, происшествия', 'ЧП произошло на приусадебном участке потерпевшего.', 1503410727),
(501, 'News', 105, 'Коксаки сразил 832 российских туриста', 'Вирус Коксаки, Турция', 'Растёт количество жалоб на нежелание операторов возвращать деньги за путёвки в Турцию.', 1503410969),
(502, 'News', 106, 'День флага московский бейсджампер отметил затяжным прыжком', 'Бейсджампинг, День российского флага', 'В Москве бейсджампер отметил день флага прыжком с высотки.', 1503414293);

-- --------------------------------------------------------

--
-- Структура таблицы `migration`
--

CREATE TABLE IF NOT EXISTS `migration` (
  `version` varchar(180) NOT NULL,
  `apply_time` int(11) DEFAULT NULL,
  PRIMARY KEY (`version`)
) ENGINE=InnoDB DEFAULT CHARSET=utf8;

--
-- Дамп данных таблицы `migration`
--

INSERT INTO `migration` (`version`, `apply_time`) VALUES
('m000000_000000_base', 1499406870),
('m130524_201442_init', 1499406878),
('m140506_102106_rbac_init', 1499406878),
('m170416_215731_table_news', 1499406878),
('m170417_031140_users_add_columns', 1499407608),
('m170420_060241_rbac_roles_users', 1499407608),
('m170420_065935_users_add', 1499407609),
('m170420_070915_table_pages', 1499407609),
('m170420_072603_table_meta_tags', 1499407609),
('m170420_103212_table_categories', 1499407609),
('m170421_195425_table_news_tag', 1499407609),
('m170421_195711_table_tags', 1499407609),
('m170422_063400_table_countries', 1499407609),
('m170422_063716_table_regions', 1499407609),
('m170424_133506_table_objects', 1499407609),
('m170424_152825_table_menus', 1499407609),
('m170424_152844_table_menus_items', 1499407609),
('m170424_153217_add_to_menu_deleted', 1499407609),
('m170425_144516_add_to_table_region_code', 1499407609),
('m170425_161931_add_to_table_region_order', 1499407609),
('m170425_173906_table_cities', 1499407609),
('m170426_050606_table_keys', 1499407609),
('m170426_050818_tables_keys_relations', 1499407610),
('m170426_063638_table_steps', 1499407610),
('m170426_205639_table_roles', 1499407610),
('m170426_205710_table_goals', 1499407610),
('m170426_211037_table_goals_roles_relations', 1499407610),
('m170426_222036_objects_add_country', 1499407610),
('m170427_125236_objects_add_author', 1499407610),
('m170430_134908_table_keys_objects', 1499407610),
('m170504_013510_steps_add_parent_time_create', 1499407610),
('m170505_083153_steps_add_price_date', 1499407610),
('m170512_054211_table_sections', 1499407610),
('m170512_055432_table_settings', 1499407610),
('m170516_183929_table_profession', 1499407610),
('m170524_130947_add_to_objects_price_date', 1499407610),
('m170525_110143_table_situations', 1499407610),
('m170525_113050_table_categories_situations', 1499407610),
('m170525_113232_objects_add_situation', 1499407610),
('m170526_201616_objects_remove_category_id', 1499407610),
('m170526_203445_table_objects_categories', 1499407610),
('m170527_163228_remove_categories_situations', 1499407610),
('m170527_163351_situations_add_category_id', 1499407610),
('m170529_105325_table_comments', 1499407610),
('m170529_145937_add_to_objects_risks', 1499407610),
('m170603_115756_table_questions', 1499407610),
('m170604_105626_add_to_table_questions_not_help', 1499407610),
('m170617_083012_table_comments_likes', 1499407610),
('m170619_113250_add_registration_first_step', 1499407610),
('m170623_213211_table_comments_abuse', 1499407611),
('m170626_073640_situations_remove_category_id', 1499407611),
('m170626_211122_table_tickets', 1499407611),
('m170629_151109_table_tickets_categories', 1499407611),
('m170702_081154_table_cards', 1499407611),
('m170702_163014_remove_user_username_index', 1499407737),
('m170704_122924_add_to_table_key_synonym', 1499427561),
('m170704_162736_add_to_table_tickets_categories_email', 1499407737),
('m170704_214345_objects_add_views', 1499407737),
('m170705_013850_objects_change_status_default', 1499407737),
('m170706_221208_table_ticket_messages', 1500973670),
('m170707_072213_table_object_situations', 1499426787),
('m170728_111247_update_user_table', 1501254654),
('m170802_150907_request_delete_account', 1501757668),
('m170804_100622_table_steps_notes', 1501845851),
('m170807_091839_table_gallery_image', 1502097635),
('m170807_125845_object_add_requirements', 1502111700),
('m170807_130456_objects_update_requirements', 1502111700),
('m170808_101509_table_attachments', 1502197039),
('m170808_101855_table_steps_attachments', 1502197039),
('m170814_192359_table_comments_subscriptions', 1502971985),
('m170820_084142_table_passports', 1503298245);

-- --------------------------------------------------------

--
-- Структура таблицы `news`
--

CREATE TABLE IF NOT EXISTS `news` (
  `id` int(11) NOT NULL AUTO_INCREMENT,
  `name` varchar(255) NOT NULL DEFAULT '',
  `small_desc` text NOT NULL,
  `full_desc` text NOT NULL,
  `redirect_url` varchar(255) DEFAULT NULL,
  `news_main` smallint(1) DEFAULT NULL,
  `news_editor` smallint(1) DEFAULT NULL,
  `news_important` smallint(1) DEFAULT NULL,
  `time_create` int(11) DEFAULT NULL,
  `time_update` int(11) DEFAULT NULL,
  `time_publish` int(11) DEFAULT NULL,
  `views` int(11) NOT NULL DEFAULT '0',
  `comments` int(11) NOT NULL DEFAULT '0',
  `status` int(11) NOT NULL DEFAULT '0',
  PRIMARY KEY (`id`)
) ENGINE=InnoDB  DEFAULT CHARSET=utf8 AUTO_INCREMENT=107 ;

--
-- Дамп данных таблицы `news`
--

INSERT INTO `news` (`id`, `name`, `small_desc`, `full_desc`, `redirect_url`, `news_main`, `news_editor`, `news_important`, `time_create`, `time_update`, `time_publish`, `views`, `comments`, `status`) VALUES
(8, 'Скандал в армии. Что делать с возвращающейся «дедовщиной»?', 'По сообщениям многих СМИ, в Елани (Свердловская область) в окружном учебном центре (военная часть № 31612) произошла массовая драка солдат.', 'Случилось это 2 августа. По разным данным, в драке участвовали от 60 до 100 солдат. Причиной инцидента стал конфликт между солдатами из Тувы, приехавшими на Урал на курсы выживания, и бойцами местного гарнизона.<br />\r\n<br />\r\nВ Министерстве обороны заявили, что драка не была массовой, никаких фактов употребления алкоголя и использования холодного оружия в подразделении не выявлено.<br />\r\n<br />\r\nМежду тем, местные журналисты отмечают, что этот случай не первый в истории воинской части. Ещё с 90-х годов в подразделении фиксировались случаи дедовщины и массовых заболеваний солдат. Это продолжилось и в 2000-х.<br />\r\n<br />\r\nКроме того, в части были зафиксированы случаи вопиющей безалаберности и коррупции. В 2011 году в лесу под Еланью были найдены более 200 брошенных танков Т-72 и Т-80. Их привезли в Елань по железной дороге и оставили в лесу без какой-либо охраны. А в 2016-ом один из командиров был уличён в получении взятки на 318 тысяч рублей, которые он &laquo;выбивал&raquo; с курсантов.<br />\r\n<br />\r\nВоенные эксперты полагают, что &laquo;дурные традиции гарнизона передаются &laquo;по наследству&raquo;. &laquo;Главная причина &ndash; это отсутствие регулярной боевой подготовки. Когда она есть, то ребятам не до глупостей &ndash; сил просто не остаётся. Похоже, в этом случае военнослужащие были предоставлены сами себе, вот они и маются от скуки&raquo;, &ndash; говорит один из экспертов.<br />\r\n<br />\r\nСейчас командование Центрального военного округа совместно с правоохранителями проводит разбирательство в учебном центре в связи с дракой. Виновных должностных лиц обещают привлечь к ответственности.', '', 0, 1, 0, 1502107200, 1503001439, 0, 48, 7, 1),
(11, 'Новый закон облегчил жизнь должникам для выезда за границу. Но не всем…', 'Россияне, имеющие задолженности в пределах 30 тысяч рублей, смогут выезжать за границу.', 'Закон об этом подписал Президент России Владимир Путин. Ранее запрет на выезд за рубеж распространялся на граждан с задолженностью 10 тысяч рублей.<br />\r\n<br />\r\nКроме увеличения порога задолженности в три раза, закон предусматривает ускорение процедуры снятия ограничений на выезд после того, как все долги будут оплачены. Исключение по порогу задолженности сделано для долгов по алиментам, требований о возмещении вреда, причиненного здоровью, возмещении вреда в связи со смертью кормильца, имущественного ущерба и (или) морального вреда.<br />\r\n<br />\r\nСогласно статистике, на начало лета около 1,5 миллиона россиян были лишены права на выезд за рубеж из-за долгов. Характерно, что в текущем году судебные приставы стали чаще запрещать неплательщикам покидать страну. За первый квартал 2017-го выдали 870 тысяч таких постановлений, что в два раза больше, чем в 2016 году.', '', 0, 1, 0, 1502094600, NULL, 0, 18, 0, 1),
(12, 'Банк «Югра» потерял лицензию. Выяснилось, что есть немало и незастрахованных вкладов', 'Как всем хорошо известно, с 28 июля 2017 года ЦБ РФ отозвал лицензию на осуществление банковских операций у банка «Югра». Отметим, что «Югра» входил в ТОП-30 российских кредитных организаций.', 'В Агентстве по страхованию вкладов (АСВ) уточнили, что объём вкладов составляет 181,5 миллиарда рублей. При этом большая часть депозитов покрывается страховкой &ndash; ответственность агентства оценивается в 169,2 миллиарда рублей. Но есть немало и незастрахованных вкладов.<br />\r\n<br />\r\nБанк &laquo;Югра&raquo; является участником государственной системы страхования вкладов. Застрахованы все вклады физических лиц, и деньги на счетах индивидуальных предпринимателей (ИП) в размере до 1,4 миллиона рублей. Эти средства АСВ вернет гражданам в полном объеме. Выплаты физическим лицам уже начались &ndash; их производят Сбербанк, ВТБ 24, &laquo;Открытие&raquo; и Россельхозбанк. Консультацию можно получить по телефону горячей линии АСВ: 8-800-200-08-05.<br />\r\n<br />\r\nСредства физических лиц и ИП, превышающие застрахованную сумму в 1,4 миллиона рублей, а также все средства юридических лиц (кроме ИП) будут возвращаться только после начала процедуры банкротства. Активы банка разделят между всеми, кому он должен.', '', 0, 1, 0, 1502109000, NULL, 0, 8, 0, 1),
(13, 'Опыт помог пожилому грибнику выжить неделю в ярославских лесах', 'Потерявшийся в Ярославской области 84-летний грибник неделю провёл в лесу', '&nbsp;&nbsp; Мужчина ушёл в лес за грибами 29 июля и не вернулся. В регионе были развернуты масштабные поиски.<br />\r\n<br />\r\n&nbsp;&nbsp; Утром 5 августа на горячую линию поискового отряда поступил звонок о том, что Игорь Павлович найден. Он вышел из леса сам к одной из деревень Некрасовского района Ярославской области. Семь суток мужчина блуждал по лесу в поисках выхода. Сейчас он находится в больнице на осмотре, его здоровью ничего не угрожает.', '', 0, 1, 0, 1502092800, NULL, 0, 6, 0, 1),
(14, 'Нанококтейль из куркумы поможет бороться с онкологией?', 'Американские биологи разработали уникальный коктейль, уничтожающий раковые клетки.', '&nbsp;&nbsp; В его основе &ndash; известная восточная специя куркума. В ходе исследования учёные установили, что перемолотые корневища растения Curcuma longa помогают победить редкие формы онкологических заболеваний, таких, как нейробластома.<br />\r\n<br />\r\n&nbsp;&nbsp; О лечебных свойствах куркумы эксперты знали и раньше, однако сложность состояла в том, как доставить молекулы растения к опухоли и запустить процесс уничтожения. Учёные добились этого, подсоединив молекулы куркумина к наночастицам из оксида церия, проникающего внутрь больных клеток. Первые результаты эксперимента показали, что нанококтейль из куркумы уменьшает размеры опухоли. При этом очень важно, что здоровые клетки не повреждаются.<br />\r\n<br />\r\n&nbsp;&nbsp; В настоящий момент этот метод лечения проходит испытания на животных и людях. Но уже сейчас, по оценкам специалистов, можно говорить о том, что он станет эффективным средством борьбы с онкологией.', '', 0, 1, 0, 1502092440, NULL, 0, 12, 0, 1),
(15, 'Поддержать интеллект страдающих болезнью Альцгеймера может качественный алкоголь', 'Исследователи из США пришли к выводу, что спасти в будущем людей от распространяющейся болезни Альцгеймера может алкоголь', '&nbsp;&nbsp; Ученые по всему миру ведут борьбу с этим заболеванием, которое является опасным для здоровья людей, поскольку медики научились поддерживать здоровье физического тела человека, но его интеллект трудно сохранить в хорошем состоянии до пожилого возраста. Оказалось, что на самом деле, людям достаточно употреблять немного алкоголя, который может поддержать организм человека и, главное, его интеллект.<br />\r\n<br />\r\n&nbsp;&nbsp; При этом врачи напоминают, если люди иногда употребляют спиртное, то это положительно влияет на работу мозга и всего организма в целом, но при злоупотреблении спиртным эффект может оказаться обратным.<br />\r\n<br />\r\n&nbsp;&nbsp; Ученые также отмечают, что умеренное употребление вина также может снизить риск появления диабета или инфаркта. Добиться положительного эффекта можно при каждодневном употреблении 100-150 миллилитров натурального алкоголя.', '', 0, 1, 0, 1502092620, NULL, 0, 18, 0, 1),
(16, 'Где секс-туризм процветает пышным цветом?', 'Британские СМИ составили список из пяти стран, где больше всего развит секс-туризм', '&nbsp;&nbsp; В перечень попали курорты Таиланда, бразильское Рио-де-Жанейро, испанские Канарские острова, курорты Доминиканской Республики и Филиппин.<br />\r\n<br />\r\n&nbsp;&nbsp; В Таиланде интимные услуги оказывают не только бордели, но и массажные салоны, Go-Go бары, кабаре и другие заведения. В стране официально запрещена проституция, но это не мешает огромному количеству девушек (и не только) выходить на улицу.<br />\r\n<br />\r\n&nbsp;&nbsp; В Рио-де-Жанейро, по мнению экспертов, самые сексуальные женщины в мире. Причём проституция здесь официально разрешена.<br />\r\n<br />\r\n&nbsp;&nbsp; На Канарских островах также есть масса мест для одиночек или пар. В Доминикане в интимной индустрии задействованы от 60 до 100 тысяч женщин.<br />\r\n<br />\r\n&nbsp;&nbsp; На Филиппинах проституция вне закона, однако это не мешает 500 тысячам жрицам любви ждать своих клиентов. Около 40&minus;60% туристов едут в страну исключительно за интимными услугами.', '', 0, 1, 0, 1502092740, NULL, 0, 10, 0, 1),
(18, 'Взгляд с 7-го этажа. Игры финансовых «микробов»', 'В начале лета на федеральном уровне раздался звоночек – государство решило ограничить аппетиты микрофинансистов неким разумным пределом. Под таковым подразумевается ставка в 150% годовых.', '&nbsp;&nbsp; Соответствующие поправки Госдума готовит к законам &laquo;О потребкредите&raquo; и &laquo;О микрофинансовой деятельности и микрофинансовых организациях&raquo;. Как сообщили сразу несколько российских СМИ, вступить в силу они могут к концу 2017 года. Ведомство Эльвиры Набиуллиной уклончиво ответило журналистам, что предложения уже поступили в ЦБ, сейчас мегарегулятор их изучает.<br />\r\n<br />\r\n&nbsp;&nbsp; Бум микрофинансовых организаций в российских городах начался лет пять назад. Как правило, они комфортно размещались на месте бывших ларьков и палаток, в торговых отделах магазинов, среди продавцов разного барахла. Глядишь, ещё вчера здесь пекли шаверму или продавали сигареты, а сегодня уже выдают кредит. Ребрендинг проходил с минимальными затратами &ndash; повесили пару щитов, нарисовали броскую вывеску и поставили пластиковый стол внутри. Не менее интересной оказалась и маркетинговая модель. Вместо того, чтобы жечь денежки в рекламных кампаниях, давая объявления в газетах или вешая билборды, микрофинансисты нанимали каких-то людей маргинального вида, вешали им спереди и сзади &laquo;бутерброд&raquo; из пары плакатов и магнитофон с записанным текстом на шею. Получалось дёшево и сердито.<br />\r\n<br />\r\n&nbsp;&nbsp; Судя по тому, как активно МФО вытеснили из ларьков вчерашних торговцев и кулинаров, бизнес-модель оказалась выгодной даже на скудной псковской почве. Действительно, расходы минимальные, а прибыль доходила до 600-800% &ndash; в соответствии с той ставкой, под которой подобные конторы кредитуют своих клиентов. Народ, перебивающийся от зарплаты до зарплаты, валит валом. Ещё бы &ndash; не нужно ни справок с места работы, ни поручителей, ни долгой банковской волокиты! Поставил подпись &ndash; и иди домой, жди коллекторов.<br />\r\n<br />\r\n&nbsp;&nbsp; Что же, как писал английский публицист Томас Данниг, вошедший в историю благодаря знаменитой цитате Карла Маркса: &laquo;При 300% прибыли нет такого преступления, на которое он (капитал) не рискнул бы под страхом виселицы&raquo;. Что бы, интересно, он сказал про прибыль в 800%? Деятельность российских поставщиков и их боевого подразделения &ndash; коллекторских агентств, в общем, подтверждает правоту этих слов.<br />\r\n<br />\r\n&nbsp;&nbsp; В Екатеринбурге коллекторы избили ребёнка-инвалида из коррекционной школы, и обещали бить до тех пор, пока мать не отдаст долг в 300 тысяч. В Мурманске угрожали пенсионерке, что убьют и пустят на органы годовалую дочку, чтобы погасить долг в 200 тысяч. В Ульяновской области в окно должников бросали бутылки с зажигательной смесью. Ожоги получил ребёнок. В Петрозаводске коллектор угрожал взорвать детский сад, если воспитательница не выплатит долг по кредиту. В Пскове было нашумевшее дело Оксаны Ионкиной, которой за долг, взятый в &laquo;Деньге&raquo; обещали облить кислотой и избить ребёнка. И это, не говоря уже про привычные оскорбления по телефону и при встрече, порчу личного имущества и распускание порочащих слухов. Закон о коллекторской деятельности, который вступил в силу с 1 января сего года, как не работал, так и не работает.<br />\r\n<br />\r\n&nbsp;&nbsp; Ну, напишет человек жалобу в органы, что его обещают убить и расчленить за долг &ndash; и что? Коллекторы действуют не в правовом поле, не представляются, бумаг не показывают, гадят исподтишка. По той простой причине, что если бы кредитор обратился в суд, то моментально оказалось, что никаких долгов в 200 и 300 тысяч, набежавших на взятую в долг десятку не может быть в природе. Как не может быть и штрафных санкций в размере 1-2% в день.<br />\r\n<br />\r\n&nbsp;&nbsp; Штрафы за просрочку (или по официальной формулировке &laquo;за пользование чужими денежными средствами&raquo;) довольно строго прописаны в законодательстве и считаются в соответствии со средней банковской ставкой по стране. А не по принципу &ndash; сколько хотим, столько и напишем. И взыскивать долги могут только судебные приставы, а не гости из 90-х с паяльниками.<br />\r\n<br />\r\n&nbsp;&nbsp; Понятно, что благодарные граждане в долгу не остаются, применяя против ростовщиков и коллекторов их же методы. То там, то тут пишут о том, что клиент, узнавший, что долг в пять тысяч вырос до полумиллиона, зашёл в офис и избил сотрудников МФО. Если учесть, что на стадии выдачи кредитов работают молоденькие девицы, и тратиться на их охрану хозяева не собираются, то совершить такой &laquo;подвиг&raquo; не так уж сложно.<br />\r\n<br />\r\n&nbsp;&nbsp; В перспективе подобные случаи будут только учащаться. За два последних года более половины трудоспособного населения страны (40 миллионов) взяли в банках 11 триллионов рублей. Каждый восьмой уже просрочил платежи. А в кризис количество должников растёт. Те, с кем банки работать уже не хотят, идут в МФО с очевидной перспективой просрочить долг уже и там и стать клиентами коллекторских агентств.<br />\r\n<br />\r\n&nbsp;&nbsp; Предложения образумить ростовщиков, чтобы не доводить страну до гражданской войны, высказывались не впервой. Например, в марте сего года эсеры предлагали радикальный законопроект о том, чтобы вообще запретить МФО. Документ, однако, был отклонён уже в первом чтении, с отрицательным отзывом думского комитета по финансовому рынку. Центробанк такая идея тоже возмутила &ndash; мол, запрет на МФО приведёт к росту &laquo;чёрного кредитного рынка&raquo;.<br />\r\n<br />\r\n&nbsp;&nbsp; Новый более мягкий закон, о том, чтобы ограничить предельную ставку 150% вызвал аналогичную критику. &laquo;Эксперты&raquo; говорят, что МФО будут вынуждены уйти с финансового рынка, а банки не смогут покрыть существующий спрос на микрозаймы. В результате население побежит к чёрным кредиторам из перехода, ведь спрос на микрозаймы никуда не денется.<br />\r\n<br />\r\n&nbsp;&nbsp; Интересная логика, Вы не находите? Если есть на что-то спрос, значит это должно быть легализовано. Может быть тогда сразу разрешить торговлю наркотиками? А что &ndash; спрос-то есть! Население будет отовариваться у лицензированных поставщиков, а не где-то в подворотне, опять-таки, налоги в казну пойдут. Это пример довольно извращённого манипулирования понятиями, когда вместо того, чтобы бороться с каким-то социальным злом, предлагают ввести его в правовую плоскость. А кредиты под ростовщический процент назвать &laquo;добром&raquo; как-то язык не поворачивается.<br />\r\n<br />\r\n&nbsp;&nbsp; При этом стоит отметить, что, как правило, МФО не имеют собственных средств. Как российские банки берут у Центробанка деньги под 9,25% и выдают населению и организациям под 20%. Аналогично МФО в качестве физлица берут деньги в банке под те же 20% и выдают своим клиентам под 600-800%. Фактически, таким образом банки распространяют свои услуги на ту категорию населения, которую не могут &laquo;окормлять&raquo; напрямую. Это люди с плохой кредитной историей, самозанятые или получающие серую зарплату. Конечным бенефициаром всей схемы являются коммерческие банки. И очевидно, что у них есть достаточно финансовых и организационных ресурсов, чтобы не допустить никаких ограничений для своих младших собратьев.<br />\r\n<br />\r\n&nbsp;&nbsp; Поэтому перспективы нового законопроекта представляются сомнительными. Даже, будучи принят, он скорее всего, утонет среди множества поправок и дальнейших переделок.<br />\r\n<br />\r\n&nbsp;&nbsp; И последнее. Когда заходит речь о закредитованных людях, часто можно услышать житейскую мудрость &ndash; дескать, нечего в долг брать, и никаких проблем не будет. Но 25 лет государство спокойно смотрело, как людей едва и не силком подсаживают на кредитную иглу. &laquo;Возьми кредит, чтобы собрать ребёнка в школу!&raquo;, &laquo;Новый айфон в кредит!&raquo;, &laquo;Возьми в кредит телевизор с ещё более широким экраном!&raquo; &ndash; разве не слышим мы такую рекламу изо дня в день? На человека, который копит деньги на крупную покупку вместо того, чтобы брать кредит, смотрят как на чудака. Машины, квартиры, бытовая техника, да что там, любая покупка на сумму свыше 10 000 рублей автоматически предполагает кредитование.<br />\r\n<br />\r\n&nbsp;&nbsp; Банкиры добрались уже и до малышей, стремясь воспитывать своих будущих клиентов с детства. С 2013 года Минфин лоббирует обучение финансовой грамотности в школах. Пилотный проект запускали в Калининграде и Волгограде, обещая в случае успеха в 2018 году включить в общеобразовательную программу. Главный посыл программы &ndash; не хранить деньги дома, а снести на хранение доброму дяденьке-банкиру, а если не хватает на жизнь &ndash; взять у него же в кредит. Разработчики, в общем, не стеснялись признать, что проект запускается в интересах финансовой системы России. Оценивалось, что успешная реализация программы повышения финграмотности даст кредитным учреждениям приток около 14,5 миллиарда рублей в год &laquo;за счёт повышения склонности граждан к накоплению денег на банковских счетах&raquo;.<br />\r\n<br />\r\n&nbsp;&nbsp; Например, в магазинах игрушек с недавних по продаётся настольная игра &laquo;Банковское дело&raquo;. Красивая упаковка и оформление, смотрится солидно и стильно среди многочисленных клонов &laquo;монопольки&raquo;. Читаем описание: &laquo;Данная игра знакомит детей с основными видами банковских услуг и учит правильно пользоваться ими. Игроки могут попробовать себя как в роли банкира, так и в роли клиента банка. Игра рассчитана на 3-5 участников 10 лет и старше&raquo;. В общем, всё звучит серьёзно и благопристойно. Но вот и картинка с игровым полем, которая красноречиво показывает, чего ради игра вообще была выпущена в широкие массы. По самому центру четыре крупные раздела: &laquo;Процесс получения кредита&raquo;.<br />\r\n<br />\r\n&nbsp;&nbsp; Вот такие у нас игры с заранее определённым победителем. Остаётся только один вариант &ndash; повышать финансовую грамотность, используя правильные источники, а не те, которые заботливо подсовывают банкиры и финансисты.', '', 0, 1, 0, 1502097540, NULL, 0, 13, 0, 1),
(19, 'Невыдуманная история. Али Феруз и сорок силовиков', 'Корреспондент «Новой газеты» Али Феруз может быть депортирован из России в Узбекистан. Коллеги по цеху и знакомые Али пытаются воспрепятствовать этому, заявляя, что «дома» журналист может быть подвергнут пыткам и незаконному тюремному заключению', '<p style="margin:0px"><span style="margin:0px; font-family:&quot;Arial&quot;,sans-serif"><font color="#000000"><font size="3">&nbsp;&nbsp; Ситуация, в которой оказался Али, может возникнуть у многих жителей России и республик бывшего СССР.</font></font><span style="margin:0px"><font color="#000000"><font size="3"> </font></font></span></span></p>\r\n\r\n<p style="margin:0px"><br />\r\n<span style="margin:0px; font-family:&quot;Arial&quot;,sans-serif"><font color="#000000"><font size="3">&nbsp;&nbsp; Али Феруз &ndash; это псевдоним, а настоящее имя корреспондента &ndash; </font></font><b><font color="#000000"><font size="3">Худоберди Нурматов</font></font></b><font color="#000000"><font size="3">. Он родился в узбекском городе Коканд, однако, вырос в России, в Алтайском крае. В 2003 году Али с отличием окончил школу в алтайском селе Онгудай. Феруз переехал в Узбекистан к отчиму в 2004 году по семейным обстоятельствам, работал на рынке в городе Яйпан, продавал одежду. Получил узбекское гражданство. С 2006-го по 2008 год Али жил в Казани, где учился на факультете арабского языка Российского исламского университета. В Казани Феруз женился на гражданке Киргизии. В 2008 году Али вместе с женой вернулся в Узбекистан.</font></font></span></p>\r\n\r\n<p style="margin:0px"><br />\r\n<span style="margin:0px; font-family:&quot;Arial&quot;,sans-serif"><font color="#000000"><font size="3">&nbsp;&nbsp; Неприятности у Али Феруза начались 28 сентября 2008 года. Как сообщают российские СМИ, 28 сентября 2008 года его задержали сотрудники Службы национальной безопасности Узбекистана. По словам Али, от него требовали стать штатным осведомителем спецслужб, применяли пытки и угрожали расправой в отношении родственников. Он согласился на сотрудничество, а затем бежал из страны.</font></font></span></p>\r\n\r\n<p style="margin:0px"><br />\r\n<span style="margin:0px; font-family:&quot;Arial&quot;,sans-serif"><font color="#000000"><font size="3">&nbsp;&nbsp; В феврале 2012 года, через год после переезда в Россию, у Али в электричке украли сумку со всеми документами. Он заявил о пропаже в полицию, но документы так и не были найдены. В Москве Али работал посудомойщиком, официантом, поваром. Был помощником ветеринара. Затем стал волонтёром &laquo;Гражданского содействия&raquo; &ndash; организации, помогающей беженцам, затем начал сотрудничать с российскими СМИ. </font></font></span></p>\r\n\r\n<p style="margin:0px"><br />\r\n<span style="margin:0px; font-family:&quot;Arial&quot;,sans-serif"><font color="#000000"><font size="3">&nbsp;&nbsp; С конца 2015 года Али пытается юридически оформить своё пребывание в России. Сначала он пытался получить статус беженца, а теперь &ndash; временное убежище в России, однако, безрезультатно. Последний отказ от ГУ МВД по Московской области Али получил 17 марта 2017 года. Он подал жалобу, а 6 июня 2017 года обжаловал отказ в Замоскворецком суде. В середине июня суд вернул иск, поскольку решил, что у дела должна быть другая подсудность. </font></font></span></p>\r\n\r\n<p style="margin:0px"><span style="margin:0px; font-family:&quot;Arial&quot;,sans-serif"><font color="#000000"><font size="3">1 августа 2017 года Али задержали недалеко от редакции. Журналист был доставлен в ОВД Басманного района. Через час полицейские разрешили Ферузу передать ключи друзьям, чтобы они привезли из дома копии всех документов по временному убежищу. Однако, как заявляют коллеги Феруза, не дожидаясь документов, полицейские оформили административное дело и отвезли Феруза в суд.</font></font></span></p>\r\n\r\n<p style="margin:0px"><br />\r\n<span style="margin:0px; font-family:&quot;Arial&quot;,sans-serif"><font color="#000000"><font size="3">&nbsp;&nbsp; В 23:00 того же дня судья </font></font><b><font color="#000000"><font size="3">Артур Карпов</font></font></b><font color="#000000"><font size="3"> вынес решение о принудительном выдворении Али из России. Когда Али принесли копию судебного решения, он попытался вскрыть себе вены. В настоящее время журналист находится в Центре временного содержания иностранных граждан в Сахарово. Адвокаты Али Феруза обратились в Европейский суд по правам человека, который запретил какое-либо перемещение заявителя до рассмотрения его жалобы в ЕСПЧ. Юристы уверены, что Россия не будет нарушать требование международного суда, однако не исключают, что журналист может быть тайно похищен.</font></font></span></p>\r\n', '', 0, 1, 0, 1502098680, NULL, 0, 18, 0, 1),
(21, 'Террористы планировали устроить столкновение «Сапсанов»', 'Задержанные ФСБ в июле уроженцы Средней Азии планировали устроить железнодорожную катастрофу в Санкт-Петербурге.', '&nbsp;&nbsp; Сообщается, что подозреваемые установили на пути скоростного поезда &laquo;Москва-Петербург&raquo; самодельный металлический &laquo;башмак&raquo; (используется для фиксации поездов) в районе станции Фарфоровская. Из-за этого предмета получил повреждения &laquo;Сапсан&raquo;, однако в целом план преступникам не удался. Они якобы хотели, чтобы из-за &laquo;башмака&raquo; столкнулись два встречных &laquo;Сапсана&raquo;.<br />\r\n<br />\r\n&nbsp;&nbsp; Источники в ФСБ рассказали журналистам, что башмак поместили там, где должны были пройти навстречу друг другу два поезда. Один из них якобы должен был оторваться от полотна и врезаться в другой поезд на скорости не менее 150 километров в час.<br />\r\n<br />\r\n&nbsp;&nbsp; Напомним, 28 июля в ФСБ заявили о задержании семерых выходцев из Средней Азии, которые собирались устроить теракты &laquo;на железнодорожном транспорте и в местах массового скопления людей&raquo;. Один из мужчин признался, что хотел устроить аварию с поездом. При обыске у него нашли сумку с большим баллоном. Личности задержанных в интересах следствия не раскрываются.', '', 0, 1, 0, 1502110440, NULL, 0, 9, 0, 1),
(22, 'Не нужен нам доллар заморский?', 'В ответ на новые санкции США Россия планирует активизировать работу по сокращению зависимости от американских платёжных систем и доллара как расчётной валюты', '&nbsp;&nbsp; Заместитель главы МИД РФ Сергей Рябков заявил в интервью журналистам, что &laquo;теперь это становится насущной необходимостью&raquo;.<br />\r\n<br />\r\n&nbsp;&nbsp; Напомним, что принятый конгрессом и подписанный американским президентом Дональдом Трампом законопроект расширяет ряд секторальных санкций против России. В частности, сокращается максимальный срок финансирования российских банков, находящихся под санкциями США, до 14 дней, а компаний нефтегазового сектора &ndash; до 60 дней (сейчас это 30 дней и 90 дней соответственно).', '', 0, 1, 0, 1502110620, NULL, 0, 8, 0, 1),
(23, 'Страховщики ОСАГО не готовы уступать водителям', 'Идея либерализации системы ОСАГО и постепенного отказа от госрегулирования тарифов в этой сфере продолжает обсуждаться в ведомствах', '&nbsp;&nbsp; В частности, Минфин, опасаясь роста цен, предложил новые поправки, ориентированные преимущественно на водителей, а не на страховщиков.<br />\r\n<br />\r\n&nbsp;&nbsp; Так, последние в начале реформы получат право не повышать, а лишь снижать тарифы. Самостоятельно устанавливать ставку тарифа они смогут лишь внутри &laquo;вилки&raquo; базовых значений, которую утверждает ЦБ. Страховые компании смогут понижать тариф в зависимости от вида автомобиля, целей его использования и даже манеры вождения &ndash; проект поправок предполагает установку страховщиком на застрахованный автомобиль устройств, отслеживающих стиль езды клиента.<br />\r\n<br />\r\n&nbsp;&nbsp; Кроме этого, министерство не отказалось от заявленной ранее идеи выпускать полисы ОСАГО с повышенным лимитом: помимо нынешних 500 тысяч рублей по вреду жизни и здоровью и 400 тысяч рублей по имуществу предложены варианты с выплатами по 1 и 2 млн рублей в обоих случаях. Договоры ОСАГО, согласно поправкам, можно будет заключать не только на год, но и на больший срок.<br />\r\n<br />\r\n&nbsp;&nbsp; Страховщики в целом негативно оценивают новации от Минфина. Они опасаются, что это только усугубит кризис, но и может привести к краху всей системы ОСАГО. При этом эксперты констатируют, что ждать снижения цен для клиентов явно не стоит.', '', 0, 1, 0, 1502110860, NULL, 0, 8, 0, 1),
(24, 'Житель Москвы после обмена валюты в банке не досчитался долларов на сумму 20 миллионов рублей', 'Москвич подал заявление о мошенничестве при обмене валюты. Об этом сообщают источники в столичном главке МВД', '&nbsp;&nbsp; 42-летний мужчина намеревался приобрести долларов США на сумму 29 миллионов 888 тысяч рублей. Получив пачки валюты, человек начал проверять их только на стоянке в своей машине. Тогда-то он и обнаружил, что во всех пачках 100-долларовые купюры были только сверху и снизу для прикрытия. А остальные купюры были достоинством в один доллар.<br />\r\n<br />\r\n&nbsp;&nbsp; Потерпевший решил вернуться в банк и получить недостающую сумму. Однако там ему сказали, что деньги надо было считать у кассы. По факту заявления пострадавшего проводится проверка.', '', 0, 1, 0, 1502704800, NULL, 1502706600, 5, 0, 1),
(25, 'Родители школьников и детсадовцев подрались из-за манту в очереди в ярославскую поликлинику', 'Родители, посетившие со своими чадами 12 августа детскую поликлинику № 1 Дзержинского района Ярославля, стали участниками массовой потасовки.', '&nbsp;&nbsp; В один из кабинетов организовались сразу две очереди: родители с детьми, поступающими в детский сад, и родители со школьниками. Каждым нужно было сделать пробу манту.<br />\r\n<br />\r\n&nbsp;&nbsp; &laquo;Многие просто начали пролезать без очереди, вокруг стояла ругань и детский плач, было ужасно душно&raquo;, &ndash; рассказал один из очевидцев.<br />\r\n<br />\r\n&nbsp;&nbsp; Заместитель главного врача медучреждения уже извинилась за случившееся. По мнению родителей, проблему бы решил аппарат для электронной очереди.', '', 0, 1, 0, 1502710200, NULL, 0, 6, 0, 1);
INSERT INTO `news` (`id`, `name`, `small_desc`, `full_desc`, `redirect_url`, `news_main`, `news_editor`, `news_important`, `time_create`, `time_update`, `time_publish`, `views`, `comments`, `status`) VALUES
(26, 'Кома помешала россиянке из Сургута отдохнуть в Турции', 'В настоящее время решается вопрос о транспортировке пострадавшей на родину.', '<p>&nbsp;&nbsp; Отдых в Турции жительницы Сургута Кристины Максимюк был омрачен серьезными проблемами со здоровьем. Женщина перенесла инфаркт и впала в кому. Она была госпитализирована и сейчас находится в одной из местных клиник, где врачи проводят поддерживающую терапию.</p>\r\n\r\n<p>&nbsp;&nbsp; Случай уже признали страховым, и больную необходимо транспортировать на родину. Однако Росавиация пока не может найти борт, чтобы вывезти россиянку.</p>\r\n\r\n<p>&nbsp;&nbsp; Представители российского консульства держат ситуацию под контролем. К ее решению подключились в управлении МЧС по Югре, где в понедельник обещают принять решение.</p>\r\n', '', 0, 1, 0, 1502711100, NULL, 0, 1, 0, 1),
(27, 'Коллапс рубля в 2017 году: выдумки или реальность?', 'Эксперты оценили ближайшее будущее российской валюты.', '<p>&nbsp;&nbsp; По мнению экономистов, проблема внешнего долга все сильнее давит на бюджет Российской Федерации. Ежегодная сумма, направляемая на погашение обязательств, составляет около 42% от прибыли, получаемой за экспорт, а на их обслуживание тратится 11% ВВП.</p>\r\n\r\n<p>&nbsp;&nbsp; При этом выручка нефтегазовой сферы падает вместе со снижением сырьевых котировок, а увеличение сборов с остальных отраслей экономики особого эффекта не принесло &mdash; доходность несырьевых компаний продолжает падать. Розничная и оптовая торговля просела на 35%. Все это увеличивает возможность спланированной девальвации рубля.</p>\r\n\r\n<p>&nbsp;&nbsp; Положение дел на сырьевом рынке тоже не особо радостное: с одной стороны, запасы сырой нефти в США стабильно снижаются, но активность стран ОПЕК портит все &mdash; в июле экспорт углеводородов из стран картеля увеличился на 370 тысяч баррелей в сутки по сравнению с предыдущим месяцем. Члены ОПЕК, конечно, старались сгладить ситуацию и повысили свои прогнозы на увеличение глобального спроса на нефть, но инвесторов это не особо впечатлило.</p>\r\n\r\n<p>&nbsp;&nbsp; В результате всех перипетий котировки черного золота упали с 53 до 51,50 доллара, и имеют все шансы в ближайшее время подешеветь еще, а курс отечественной валюты, скорее всего, последует за ней. При этом какого-то коллапса ожидать, безусловно, не стоит. Но мы вполне можем увидеть курс рубля на уровне 60,50 за доллар и 71,50 &mdash; за евро, правда, в краткосрочной перспективе.</p>\r\n', '', 0, 0, 0, 1502716200, NULL, 0, 0, 0, 1),
(28, 'Каршеринг в Москве станет доступнее', 'В столичном регионе вскоре заработает шестой оператор, который предложит одни из самых низких расценок на краткосрочную аренду автомобилей.', '<p>&nbsp;&nbsp; С 1 сентября в Москве появится новый оператор каршеринга Carenda. Автопарк компании будет состоять из бюджетных моделей &mdash; компактного хэтчбека Ravon R2, а также популярных Kia Rio и Hyundai Solaris. В первом случае базовый тариф составит от 5 руб/мин, во втором &mdash; от 6 руб/мин.</p>\r\n\r\n<p>&nbsp;&nbsp; Carenda станет официальным партнером мэрии Москвы в области городского каршеринга, а значит, будет пользоваться льготными условиями на парковку своих машин.</p>\r\n', '', 0, 0, 0, 1502711820, NULL, 0, 2, 0, 1),
(29, 'В российские школы возвращается астрономия', 'ЕГЭ по этому предмету вводить не планируют.', '<p>&nbsp;&nbsp; Учителям физики по всей стране приходится в спешном порядке повышать свою квалификацию. Отныне им предстоит преподавать и астрономию, которая триумфально возвращается в школы. Этот обязательный предмет включен в программу 10-11-х классов с объемом не менее 35 часов. В расписании некоторых школ новый урок появится уже с 1 сентября, однако часть учебных заведений может ввести его позже &ndash; с 1 января 2018 года.</p>\r\n\r\n<p>&nbsp;&nbsp; ЕГЭ по астрономии вводиться не будет, однако в ЕГЭ по физике к 2019 году могут появиться некоторые вопросы из этого курса.</p>\r\n', '', 0, 1, 0, 1502711940, 1503003082, 0, 19, 4, 1),
(30, 'Процветают новые виды мошенничества с банковскими картами', 'Сумма похищенных с банковских карт денег может значительно вырасти в этом году. В прошлом она составила 650 миллионов рублей.', '<p>&nbsp;&nbsp; Кибермошенники совершенствуют свои методы. Злоумышленники звонят потенциальным жертвам, представляются сотрудниками Федеральной налоговой службы и под предлогом необходимости погашения задолженности узнают необходимые данные. Используют и роботизированные обзвоны.</p>\r\n\r\n<p>&nbsp;&nbsp; Также мошенники отправляют письма на электронную почту клиентов банков. Эти письма содержат ссылки на файлы с вирусами. Открывая такие вложения, люди запускают вирус на своих устройствах.</p>\r\n\r\n<p>&nbsp;&nbsp; В последнее время участились случаи, когда злоумышленники обращаются к клиентам банков с предложениями выкупить их банковскую карточку или размещают объявления о покупке чужих платежных карт. Такие карты затем используют для нелегальных операций.</p>\r\n', '', 0, 1, 0, 1502712900, NULL, 0, 22, 0, 1),
(31, 'Студентов российских колледжей заставят учить иностранный язык', 'Это поможет им в работе с передовыми технологиями.', '<p>&nbsp;&nbsp; Глава Минобрнауки РФ Ольга Васильева заявила о том, что в учреждениях среднего профессионального образования будет сделан особенный упор на изучение иностранного языка. С нового учебного года тысяча колледжей в 73 регионах России начнет готовить студентов по новым стандартам WorldSkills &ndash; это 50 топовых профессий, связанных с передовыми технологиями. Работа с новым оборудованием, с технической документацией &ndash; здесь английский нужен как никогда, уверена министр.</p>\r\n', '', 0, 0, 0, 1502713020, 1503164081, 0, 5, 1, 1),
(32, 'В Москве задержаны террористы-смертники', 'Также была обезврежена лаборатория по производству взрывчатки.', '<p>&nbsp;&nbsp; Сотрудники ФСБ задержали террористов, которые готовили взрывы на транспорте, крупных рынках и в торговых центрах столицы. Среди задержанных куратор подготовки преступления &mdash; эмиссар ИГ (террористическая группировка запрещена в России) специалист по изготовлению взрывных устройств и два террориста-смертника. Кроме того, была обнаружена и обезврежена лаборатория по производству взрывчатки.</p>\r\n\r\n<p>&nbsp;&nbsp; Один из задержанных членов банды россиянин и три других &mdash; граждане стран Центральной Азии. По данным ФСБ, к подготовке взрывов причастны находящиеся в Сирии главари ИГ, в том числе руководитель школы подрывников группировки &laquo;Ширинджонов А. М.&raquo;</p>\r\n', '', 0, 1, 0, 1502713080, NULL, 0, 3, 0, 1),
(33, 'Арбузы могут спровоцировать онкологические заболевания?', 'Сезон бахчевых в самом разгаре, но они совсем не безопасны…', '<p>&nbsp;&nbsp; Ученые обнаружили в арбузах нитраты, которые вызывают онкологические заболевания. Результаты исследований показали, что их больше всего скапливается именно в мякоти. Эти вещества, попадая в желудок и кишечник, начинают вырабатывать опасные токсины. Также нитраты способны разрушать гемоглобин, а это ведет к кислородному голоданию и провоцирует проблемы с дыхательной системой.</p>\r\n\r\n<p>&nbsp;&nbsp; Врачи рекомендуют покупать арбузы только на официальных торговых площадках. В этом году в Москве открылось около 300 бахчевых развалов. По словам продавцов, проблем с поставками не будет, в южных регионах в этом году хороший урожай.</p>\r\n', '', 0, 1, 0, 1502713260, NULL, 0, 1, 0, 1),
(34, '«Аэрофлот» будет суммировать багаж летящих вместе пассажиров', 'Это стало возможным после прокурорского протеста.', '<p>&nbsp;&nbsp; Московская межрегиональная транспортная прокуратура провела проверку соблюдения воздушного законодательства ПАО &laquo;Аэрофлот&raquo; и опротестовала правила авиакомпании по воздушным перевозкам пассажиров и багажа. По результатам рассмотрения протеста правила авиакомпании приведены в соответствие с требованиями закона. Теперь пассажиры &laquo;Аэрофлота&raquo;, летящие совместно в один и тот же аэропорт одним и тем же рейсом, могут беспрепятственно использовать опцию суммирования своего багажа.</p>\r\n', '', 0, 1, 0, 1502713359, NULL, 0, 0, 0, 1),
(35, 'Мечтающим похудеть советуют покупать еду в интернете', 'Этот способ позволяет избежать импульсивных покупок.', '<p>&nbsp;&nbsp; Исследование показало, что покупка продуктов питания в интернете может избавить от лишнего веса. Приобретая эти товары в режиме онлайн, взрослые пользователи чаще отказываются от шоколадок, чипсов и печений, которые и приводят к появлению лишнего веса. Кроме того, человек избегает ненужных покупок &laquo;вредных товаров&raquo;, располагающихся перед кассами в обычных магазинах. Таким образом, доставка купленных в интернете товаров может считаться своего рода диетической стратегией.</p>\r\n', '', 0, 1, 0, 1502713440, NULL, 0, 4, 0, 1),
(36, 'Суд приостановил выдворение Али Феруза, но оставил его в тюрьме', 'Мосгорсуд приостановил решение о выдворении из России журналиста «Новой газеты».', '<p>&nbsp;&nbsp; Али Феруза не будут депортировать, пока рассматривается жалоба в Европейском суде по правам человека. И это успех кампании в его защиту. Но не удалось добиться освобождения журналиста. Его снова поместили в тюрьму для иностранцев. Адвокаты Феруза считают, что рассмотрение жалобы в ЕСПЧ может идти до двух лет.</p>\r\n&nbsp;&nbsp;&nbsp; Ранее мы <a href="http://helpcase.ru/news/2017/08/07/19" target="_blank">писали</a>.', '', 0, 1, 0, 1502716740, NULL, 0, 5, 0, 1),
(37, 'Безработных в России становится меньше', 'Численность официально зарегистрированных безработных граждан за первую неделю августа снизилась на 1% — до 788 человек.', '<p>&nbsp;&nbsp; Такие данные приводит Минтруд, напоминая, что годом ранее этот показатель составлял 932,4 человека. За неделю снижение численности безработных граждан произошло в 80 регионах.</p>\r\n\r\n<p>&nbsp;&nbsp; По состоянию на 9 августа 2017 года количество вакансий, заявленных работодателями в органы службы занятости, составило более 1,6 миллиона единиц.</p>\r\n', '', 0, 1, 0, 1502789940, NULL, 0, 2, 0, 1),
(38, 'Московское такси вошло в топ-25 по стоимости проезда', 'Столица России оказалась на 24 месте рейтинга.', '<p>&nbsp;&nbsp; Объектами исследования стали 80 самых посещаемых городов. Аналитики сравнивали стоимость поездки на три километра в пределах городской черты. В среднем москвичам за неё придется отдать 261 рубль. Ближайшие соседи Москвы по рейтингу &mdash; это Таллин (266 рублей) и Афины (236 рублей). Дороже всего такая поездка обойдется в Цюрихе &mdash; в переводе на российскую валюту это 1415 рублей, дешевле всего &mdash; в Каире (28 рублей).</p>\r\n', '', 0, 1, 0, 1502790060, NULL, 0, 4, 0, 1),
(39, 'Куда податься в бархатный сезон?', 'Составлен рейтинг самых дешевых туров на начало осени.', '<p>&nbsp;&nbsp; Расчеты стоимости путевок были произведены исходя из условий: вылет 1 сентября, продолжительность тура 7 ночей, авиаперелет туда и обратно включен, тур на двоих взрослых. Замеры цен делались по 11 популярным направлениям.</p>\r\n\r\n<p>&nbsp;&nbsp; Рейтинг возглавил Крым. В частности, туда сейчас можно купить пляжный тур с авиаперелетом за 19,3 тысячи рублей. Снижение цены, по сравнению с августом, произошло на 30%. На втором и третьем местах &mdash; Сочи (24,5 тысячи) и Анапа (25,8 тысячи).</p>\r\n\r\n<p>&nbsp;&nbsp; Четвертое место досталось Турции, куда в сентябре можно слетать за 27-30 тысяч рублей. На пятом месте &mdash; Болгария, где можно отдохнуть за 30,2 тысячи рублей. А вот поездка в Италию, занявшую 11 место рейтинга, обойдется минимум 82 тысячи рублей.</p>\r\n', '', 0, 0, 0, 1502810400, NULL, 0, 4, 0, 1),
(40, 'Топ-10 самых неугоняемых автомобилей в России возглавил Volvo XC60', 'Продукция Lada тоже заняла свои места в рейтинге.', '<p>&nbsp;&nbsp; Эксперты по автострахованию опубликовали список автомобилей, на которые меньше всего обращают внимание автоворы. Первым в этом топе оказался кроссовер Volvo XC60 с наименьшим показателем соотношения числа угнанных машин к количеству застрахованных за отчётный период. На втором месте идет Skoda Octavia, а третьей стала отечественная Lada Kalina. Далее в этом списке расположились модели: BMW X3, Skoda Rapid, Volvo XC90, Lada Largus, Ford Kuga, Audi Q3 и Chevrolet Niva.</p>\r\n\r\n<p>&nbsp;&nbsp; Напомним, что ранее страховщики составили список самых угоняемых автомобилей в России, где первое место занял внедорожник Lexus GX.</p>\r\n', '', 0, 0, 0, 1502800020, NULL, 0, 1, 0, 1),
(41, 'Телефонные мошенники расширяют бизнес', 'Россиян уже достали автоматическими «обзвонами»', '<p>&nbsp;&nbsp; В России появился новый вид спама. Система, разработанная злоумышленниками, автоматически набирает номера телефонов, а потом обрывает вызов после первого гудка. В результате на экране мобильного телефона высвечивается пропущенный вызов с незнакомого номера. Если владелец телефона перезвонит по этому номеру, на том конце прозвучит рекламное объявление. Чаще всего рекламируют там юридические и медицинские услуги.</p>\r\n\r\n<p>&nbsp;&nbsp; Жертвами автоматических &laquo;обзвонов&raquo; стали уже 65% жителей страны. В некоторых вариантах этой схемы человек перезванивал на платный номер, и с его счета списывали деньги.</p>\r\n', '', 0, 0, 0, 1502811000, NULL, 0, 1, 0, 1),
(42, '5 миллионов россиян решили проблемы с жильем за счет материнского капитала', 'В 2017 году он составил почти полмиллиона рублей.', '<p>&nbsp;&nbsp; Почти пять миллионов российских семей направили средства материнского капитала на улучшение жилищных условий, из них более трех миллионов с помощью маткапитала частично или полностью погасили ипотеку. Кроме того, ПФР принял 432 тысячи заявок на обучение детей и 3,6 тысячи &mdash; на перевод средств материнского капитала на накопительную пенсию матери.</p>\r\n\r\n<p>&nbsp;&nbsp; За десять лет действия программы материнский сертификат получили 8,2 миллиона российских семей. Размер материнского капитала в 2017 году составляет 453 026 рублей.</p>\r\n', '', 0, 0, 0, 1502800418, NULL, 0, 3, 0, 1),
(43, 'Полмиллиарда рублей потратит Москва на свой день рождения', 'День города в столице будет праздноваться 9 и 10 сентября.', '<p>&nbsp;&nbsp; Московская мэрия планирует выделить на празднование Дня города около 500 миллионов рублей. Об этом сообщила заммэра Москвы по вопросам экономической политики и имущественно-земельных отношений Наталья Сергунина. &laquo;Бюджет фестиваля &laquo;Юбилей Москвы&raquo; остался таким же, как и в прошлом году. Примерно в пределах 500 миллионов рублей&raquo;, &mdash; заявила Сергунина. При этом многие расходы, по ее словам, переложены на инвесторов. Заммэра добавила, что за счет городского бюджета оплачиваются уборка и содержание праздничных площадок и электричество.</p>\r\n', '', 0, 1, 0, 1502800560, NULL, 0, 1, 0, 1),
(44, 'Власти запускают программу помощи ипотечным заемщикам', 'Для ее участников дополнительно будет выделено два миллиарда рублей.', '<p>&nbsp;&nbsp; Помогать будут тем, кто попал в трудную жизненную ситуацию, заявили в Агентстве ипотечного жилищного кредитования. Стать участниками программы смогут люди, у которых с момента получения ипотеки до момента подачи заявления на реструктуризацию прошло не менее 12 месяцев, а ежемесячный платеж по кредиту увеличился как минимум на 30 процентов. При этом залоговое жилье должно быть единственным для семьи. Государство может помочь с погашением трети остатка суммы займа, но максимум &mdash; полтора миллиона рублей.</p>\r\n', '', 0, 1, 0, 1502800680, NULL, 0, 3, 0, 1),
(46, 'Россияне доверяют рублю', 'Если, конечно, у них есть сбережения.', '<p>&nbsp;&nbsp; 63% россиян доверяют национальной валюте, храня свои сбережения в рублях. Согласно последнему опросу ВЦИОМ, только 5% опрошенных хранят сбережения в долларах, 3% &mdash; в евро. При этом 33% респондентов заявили, что у них вообще нет сбережений.</p>\r\n\r\n<p>&nbsp;&nbsp; Отмечается, что 42% россиян иногда следят за курсом доллара, 39% ответили, что не следят вообще. Почти 20% респондентов заявили, что следят регулярно. Наши соотечественники полагают, что через три месяца стоимость одного доллара составит 64 рубля, через год &mdash; 65.</p>\r\n', '', 0, 0, 0, 1502866277, NULL, 0, 2, 0, 1),
(47, 'Ах, эта свадьба! Пела и… блевала', 'В Уфе после свадебного банкета в кафе «Белый мост» отравились более 50 человек.', '<p>&nbsp;&nbsp; С жалобами в медучреждение обратился 51 человек, при этом 43 были госпитализированы с острой кишечной инфекцией. Уточняется, что пациенты поступали в больницу с 6 по 11 августа. Всем пострадавшим поставили диагноз сальмонеллёз. По предварительным данным, причиной отравления стали рыба или мясо, входившие в состав салатов.</p>\r\n\r\n<p>&nbsp;&nbsp; По решению суда деятельность заведения была приостановлена на 40 суток. Пробы еды из кафе направлены на экспертизу. По факту произошедшего следователи проводят проверку.</p>\r\n', '', 0, 0, 0, 1502866371, NULL, 0, 2, 0, 1),
(48, 'Москвичам обещают 30-градусную жару и грибы', 'Пришедший на Европейскую территорию России антициклон принесет солнечную и тёплую погоду.', '<p>&nbsp;&nbsp; Лето не сдается. Как заявили в Гидрометцентре РФ, воздух в столице на этой неделе может прогреться до 30 градусов. Таким образом, температура будет выше нормы на пять-шесть градусов. Тёплый воздух придёт с востока Средиземного моря из Турции. Несмотря на то, что климатическое лето идёт на закат, еще как минимум неделю будет по-настоящему летняя погода.</p>\r\n\r\n<p>&nbsp;&nbsp; Кроме этого, по словам специалистов, в эти дни должны &laquo;пойти&raquo; грибы.</p>\r\n', '', 0, 0, 0, 1502866440, 1503163812, 0, 6, 1, 1),
(49, 'Уралец голыми руками разобрался с медведицей', 'Житель Свердловской области сумел без оружия отбиться от дикого зверя.', '<p>&nbsp;&nbsp; 44-летний мужчина пошёл в лес за грибами и в районе села Кошай повстречал медведицу с медвежонком. Животное бросилось на человека, предположительно, чтобы защитить своего детёныша. Сначала мужчина не мог сопротивляться, затем левой рукой он схватил медведицу за голову, а правой начал бить её по морде. Получив такой неожиданный отпор, медведица ретировалась.</p>\r\n\r\n<p>&nbsp;&nbsp; Сам грибник получил множественные рваные раны головы и верхних конечностей. Был откушен кончик носа, но его уже пришили обратно. Сейчас его здоровью ничто не угрожает.</p>\r\n', '', 0, 0, 0, 1502866500, NULL, 0, 2, 0, 1),
(50, 'ВИЧ-инфекция угрожает столице', 'В Москве скоро будет просто некому бороться со СПИДом.', '<p>&nbsp;&nbsp; В московском регионе ощущается острая нехватка врачей для лечения ВИЧ-инфицированных. Это привело к тому, что в СПИД-центре возникают огромные очереди. Пациенты не хотят тратить на них время и всё чаще отказываются проходить лечение. Естественно, не пролеченные больные несут потенциальную опасность.</p>\r\n\r\n<p>&nbsp;&nbsp; Всего в России зарегистрировано 1,1 миллиона ВИЧ-инфицированных. В 2016 году в стране стало на 100 тысяч ВИЧ-инфицированных больше.</p>\r\n', '', 0, 1, 0, 1502887500, NULL, 0, 1, 0, 1),
(51, 'В России больше не любят водку', 'За последний год 44 процента россиян стали меньше употреблять алкоголь.', '<p>&nbsp;&nbsp; Согласно августовскому опросу ВЦИОМ, более трети россиян (39%) совсем не пьют спиртное, четверть пьёт реже, чем раз в месяц. Два-три раза в месяц привыкли выпивать 16%, несколько раз в неделю &mdash; 4%. При этом 1% опрошенных пьёт ежедневно.</p>\r\n\r\n<p>&nbsp;&nbsp; Наиболее часто россияне пьют вино (43%), пиво (16%), коньяк (14%) и водку (12%).</p>\r\n\r\n<p>&nbsp;&nbsp; В 2016 году объём выпитого алкоголя на душу населения сократился с 12,4 до 10,3 литра в год. Однако этот показатель ещё на четверть превышает норму, определенную ВОЗ.</p>\r\n', '', 0, 0, 0, 1502881766, NULL, 0, 5, 0, 1),
(52, 'Чем пахнет столица?', 'Москвичи жалуются на неприятные запахи.', '<p>&nbsp;&nbsp; Жители столицы всё чаще жалуются на неприятные запахи, рассказали в пресс-службе московского департамента по делам гражданской обороны, чрезвычайным ситуациям и пожарной безопасности. Как отмечается в сообщении, число жалоб на неприятные запахи увеличилось в три раза за первое полугодие 2017 года.</p>\r\n\r\n<p>&nbsp;&nbsp; Основные вещества, загрязняющие воздух, &ndash; это пары ртути и органические вещества, связанные с хозяйственно-бытовой деятельностью человека.</p>\r\n', '', 0, 1, 0, 1502888580, 1502986266, 0, 17, 1, 1),
(53, 'Система «всё включено» добралась до российских санаториев', 'К 2018 году в России появятся пакетные туры на санаторно-оздоровительные курорты.', '<p>&nbsp;&nbsp; В пакет включат проживание, питание, перелёт и трансфер. Российским санаториям присвоят категории А, В, С или D. Их внесут в соответствующий реестр. Как считают авторы предложения из Национальной курортной ассоциации, благодаря этому новшеству увеличится как внутренний, так и внешний турпоток. Кроме того, путёвки в санатории станут дешевле на 30%.</p>\r\n\r\n<p>&nbsp;&nbsp; На основе созданного реестра планируют запустить мобильное приложение. В нём соберут все данные о санаториях, которые получили категорию и возможность предоставления пакетных туров.</p>\r\n', '', 0, 1, 0, 1502881200, NULL, 0, 1, 0, 1),
(54, 'Москвичка отсудила у соседей право парковаться во дворе', 'Все собственники квартир имеют на это право.', '<p>&nbsp;&nbsp; Верховный суд РФ удовлетворил иск москвички, которую лишили права пользования парковкой соседи-члены жилищного кооператива. Чтобы ограничить доступ посторонних машин во двор, была организована закрытая стоянка. Решение о предоставлении доступа к парковке решалось на общем собрании. В рамках этой процедуры истицу и членов её семьи лишили парковки из-за &laquo;нарушения правил&raquo;.</p>\r\n\r\n<p>&nbsp;&nbsp; Суд постановил, что соседи не могут лишить жильца права оставлять свою машину около дома, а ключи от шлагбаума, который ограничивает доступ на придомовую парковку, &laquo;должны получить все собственники квартир&raquo;.</p>\r\n', '', 0, 1, 0, 1502885100, NULL, 0, 1, 0, 1),
(55, 'Клиентов Сбербанка пытались «развести» с помощью Viber', 'Озвучен новый способ похищать средства с банковских карт россиян.', '<p>&nbsp;&nbsp; Мошенническая схема выглядит так. Клиент получает сообщение в Viber от имени Сбербанка, отправленное с номера &laquo;9ОО&raquo;. В нем идет речь о &laquo;зарезервированном переводе&raquo; на определённую сумму и указан телефон для связи. Позвонив по указанному номеру, клиент попадает на &laquo;специалиста&raquo;, который пытается выяснить секретный код безопасности, указанный на обратной стороне карты.</p>\r\n\r\n<p>&nbsp;&nbsp; Стоит отметить, что Сбербанк рассылает свои сообщения с номера 900 (&laquo;мошенники заменили цифры &laquo;00&raquo; буквами &laquo;OO&raquo;). Напомним также, что банковские сотрудники никогда не спрашивают секретный код CVV2, указанный на обратной стороне карты, а также PIN-код.</p>\r\n', '', 0, 1, 0, 1502956920, NULL, 0, 8, 0, 1),
(56, 'Метро и железная дорога – в прицеле террористов', 'Названы приоритетные цели для терактов в России.', '<p>&nbsp;&nbsp; Объекты транспортной инфраструктуры остаются главными целями международных террористических организаций в России, считает секретарь Совета Безопасности Николай Патрушев. При этом в системе антитеррористической защиты транспортных объектов, в том числе на железных дорогах выявлен ряд негативных факторов. Контроль за их устранением и пресечением причин и условий, создающих угрозы, ведётся слабо.</p>\r\n', '', 0, 1, 0, 1502956980, NULL, 0, 3, 0, 1),
(57, 'Иск на 30 миллиардов рублей предъявил МТС житель Тамбова', 'Абонент требует компенсации за шесть списанных бесплатных минут', '<p>&nbsp;&nbsp; Житель Тамбовской области подал иск к МТС о взыскании морального вреда на 30 миллиардов рублей из-за того, что, по его мнению, оператор незаконно списал у него шесть бесплатных минут, которые ему полагались по тарифу. Абонент использовал тариф &laquo;Smart 022015&raquo;, за который ежемесячно платил 450 рублей. Он получал 3 Гб интернет-трафика, 500 минут звонков и 500 СМС. 22 июня 2016 года МТС ночью незаконно списала у него минуты из времени, включённого в тариф для бесплатных звонков, уверен истец.</p>\r\n\r\n<p>&nbsp;&nbsp; В МТС считают, что &laquo;все расчёты с абонентом были корректны и прозрачны&raquo;.</p>\r\n', '', 0, 0, 0, 1502959150, NULL, 0, 1, 0, 1),
(58, 'Пиво может резко подорожать', 'В этом году ожидается сокращение урожая пивоваренного ячменя.', '<p>&nbsp;&nbsp; А это в свою очередь может вызвать дефицит сырья и, как следствие, резкий рост цен на пиво. Директор Центра исследований федерального и региональных рынков алкоголя Вадим Дробиз отметил, что импортное пиво вряд ли подорожает, так как в последние пять лет спрос на этот напиток во всем мире падает. Однако стоимость российского пива низкого ценового сегмента, по его мнению, может вырасти более чем на 50%: с 30 до 45 &ndash; 50 рублей.</p>\r\n', '', 0, 0, 0, 1502961060, NULL, 0, 4, 0, 1),
(59, 'Финансовые пирамиды снова вызывают у россиян повышенный интерес?', 'Эксперты проанализировали выдачу поисковых систем по запросу «вложить деньги выгодно».', '<p>&nbsp;&nbsp; Представленные в мониторинге компании обещали клиентам различный уровень доходности &mdash; от умеренной доходности в 10 &ndash; 12% до практически нереальной в 550%. В то же время только 13 из 25 изученных компаний разместили на сайте свои реквизиты, в двух случаях компании были зарегистрированы не на территории РФ.</p>\r\n\r\n<p>&nbsp;&nbsp; Специалисты считают, что всё это очень похоже на пирамиды. С компаниями, имеющими признаки финансовых пирамид, российский ЦБ пытается бороться обязательными маркировками, однако эксперты считают, что этого недостаточно. Специалисты считают, что населению необходимо внимательнее относиться к таким компаниям.</p>\r\n', '', 0, 0, 0, 1502965080, 1503002898, 0, 15, 1, 1),
(60, 'Любите русскую словесность, мать вашу!', 'Нецензурная лексика в российских СМИ стала встречаться почти в пять раз реже и всё же…', '<p>&nbsp;&nbsp; &laquo;Согласно статистическим данным, отмечается снижение использования ненормативной лексики в СМИ: 2015 год &mdash; 47 предупреждений по нецензурной брани, 2016 &mdash; 34 предупреждения, в 2017 &mdash; 10 предупреждений&raquo;,&mdash; рассказали в Роскомнадзоре.</p>\r\n\r\n<p>&nbsp;&nbsp; Согласно разъяснению Роскомнадзора в число &laquo;непечатных&raquo; входят &laquo;четыре общеизвестных слова, начинающихся на &laquo;х&raquo;, &laquo;п&raquo;, &laquo;е&raquo;, &laquo;б&raquo;, а также образованные от них слова и выражения&raquo;. При этом &laquo;неприличные и грубо-просторечные слова и содержащие их выражения&raquo; к матерщине не относятся, а потому в СМИ разрешены.</p>\r\n', '', 0, 0, 0, 1502965980, 1503166466, 0, 29, 7, 1),
(61, 'Под венец в окружении… зверей!', 'В Московском зоопарке будут проводить свадебные церемонии.', '<p>&nbsp;&nbsp; В управлении ЗАГС Москвы начался приём заявлений на регистрацию брака на территории зоопарка. Торжественные церемонии будут проходить в здании объекта культурного наследия &laquo;Жилой дом П.Т. Клюева&raquo; и в саду перед ним.</p>\r\n\r\n<p>&nbsp;&nbsp; Стоимость торжественной церемонии на территории зоопарка не превысит стоимости церемоний в других объектах культуры и составит порядка 30 тысяч рублей. Сюда входят музыкальное сопровождение и использование помещений.</p>\r\n\r\n<p>&nbsp;&nbsp; Московский зоопарк стал 12-й площадкой, где в столице проводятся выездные церемонии регистрации брака.</p>\r\n', '', 0, 0, 0, 1502967253, NULL, 0, 4, 0, 1),
(62, 'Дальневосточные ученые предлагают лечить рак морской травой', 'Она обладает антиканцерогенными свойствами и выраженным терапевтическим эффектом.', '<p>&nbsp;&nbsp; Учёные Дальневосточного федерального университета полагают, что биологически активные соединения из морской травы способны подавлять рост раковых клеток.</p>\r\n\r\n<p>&nbsp;&nbsp; После 15 недель эксперимента количество и размер опухолей, частота появления новых очагов и интенсивность роста были как минимум в полтора раза ниже по сравнению с группой, где это вещество не применялось.</p>\r\n\r\n<p>&nbsp;&nbsp; По словам ученых, выделенный из морской травы дисульфат лютеолина может использоваться для дополнительной терапии рака, в том числе, в качестве компонента функционального питания.</p>\r\n', '', 0, 1, 0, 1502973812, NULL, 0, 5, 0, 1),
(63, 'Москвичка стала жертвой лазерной эпиляции', 'Заставит ли суд салон красоты возместить ущерб?', '<p>&nbsp;&nbsp; Женщина получила сильнейшие ожоги голеней на процедуре лазерной эпиляции в одном из столичных салонов красоты. Пострадавшая после процедуры уже две недели находится на больничном и делает перевязки три раза в день.</p>\r\n\r\n<p>&nbsp;&nbsp; Управляющая салона не соглашается с обвинениями и не хочет идти на мировое соглашение, ссылаясь на то, что в салоне клиентку предупредили, что лазерная эпиляция не всем подходит.</p>\r\n', '', 0, 1, 0, 1502973879, NULL, 0, 4, 0, 1),
(64, 'Низкооплачиваемая работа опаснее безработицы', 'Отсутствие работы иногда предпочтительнее для здоровья, чем её наличие.', '<p>&nbsp;&nbsp; Тесты и наблюдения показали, что люди, которые не имеют никакой работы, в меньшей опасности, чем люди, которые работают за какую-то небольшую зарплату. Считается, что безработица вредит здоровью людей. Однако в некоторых случаях полная незанятость человека может быть менее вредной для человека, чем тяжелый труд, который оплачивается недостаточно хорошо.</p>\r\n\r\n<p>&nbsp;&nbsp; Учёные наблюдали за людьми в возрасте 35 &ndash; 75 лет, которые имели опыт потери и длительного отсутствия работы с последующим трудоустройством. Люди, устроившиеся на низкооплачиваемую работу, имели наибольший уровень стресса, преувеличивающий показатели безработных.</p>\r\n', '', 0, 0, 0, 1502976020, NULL, 0, 6, 0, 1);
INSERT INTO `news` (`id`, `name`, `small_desc`, `full_desc`, `redirect_url`, `news_main`, `news_editor`, `news_important`, `time_create`, `time_update`, `time_publish`, `views`, `comments`, `status`) VALUES
(65, 'Четвероногие друзья проверят своих хозяев на преданность', 'Россияне готовы пожертвовать отпуском ради своих питомцев.', '<p>&nbsp;&nbsp; Почти четверть опрошенных российских туристов (23%) сообщили, что готовы отменить поездку, если домашнего питомца будет не с кем оставить. Ещё 17% респондентов оказались готовы взять животное с собой.</p>\r\n\r\n<p>&nbsp;&nbsp; Согласно данным Euromonitor, россияне содержат 16 миллионов собак и 22 миллиона кошек. По популяции домашних животных Россия занимает пятое место в мире.</p>\r\n', '', 0, 0, 0, 1502976652, NULL, 0, 5, 0, 1),
(66, 'Без воды «не туды и ни сюды»', 'Полмиллиона краснодарцев остались без воды.', '<p>&nbsp;&nbsp; В Краснодаре из-за аварии на водоводе &laquo;Елизаветинский&raquo; почти 500 тысяч жителей остались без водоснабжения. Водовод диаметром 1000 миллиметров подает питьевую воду в центральную часть столицы Кубани, а также питает несколько микрорайонов.</p>\r\n\r\n<p>&nbsp;&nbsp; Авария произошла 15 августа, на водоводе ведутся ремонтные работы.</p>\r\n\r\n<p>&nbsp;&nbsp; Штатный режим подачи воды планируется восстановить до конца дня 17 августа, сообщили в департаменте городского хозяйства и ТЭК Краснодара. До этого момента организован подвоз воды автоцистернами.</p>\r\n', '', 0, 1, 0, 1503046980, NULL, 0, 13, 0, 1),
(67, '«Я поведу тебя в музей, сказала мне сестра»', 'Вход в московские музеи в День города сделают бесплатным.', '<p>&nbsp;&nbsp; Мэр Москвы Сергей Собянин сообщил в твиттере, что вход в столичные музеи в День города сделают бесплатным. По словам столичного градоначальника, 9 и 10 сентября можно будет бесплатно попасть в 80 музеев и галерей, подведомственных городскому департаменту культуры. Например, это Музей Москвы и Государственный Дарвиновский музей.</p>\r\n', '', 0, 0, 0, 1503047040, NULL, 0, 9, 0, 1),
(68, 'В Башкирии нашли пропавшую накануне трехлетнюю девочку', 'Ребёнка искали всем миром.', '<p>&nbsp;&nbsp; Пропавшая в Башкирии в четверг, 17 августа, трёхлетняя девочка найдена живой. Ребёнка нашли в лесу неподалеку от деревни. Сейчас с ней работают медики.</p>\r\n\r\n<p>&nbsp;&nbsp; Девочка пропала в селе Чуюнчи-Николаевка Давлекановского района Башкирии около 14:00 по местному времени. Она играла во дворе, самостоятельно вышла за территорию домовладения и пропала. Сначала родители с соседями искали девочку самостоятельно, спустя четыре часа обратились к властям. К поискам ребёнка были привлечены дополнительные силы полиции, спасателей-подводников, местные жители, запущены беспилотники.</p>\r\n', '', 0, 1, 0, 1503047100, NULL, 0, 8, 0, 1),
(69, 'Россиянка пострадала при теракте в Барселоне', 'Всего среди пострадавших значатся граждане 24 стран.', '<span style="line-height:13.5pt"><span style="font-size:11.0pt"><span style="font-family:&quot;Arial&quot;,sans-serif"><span style="color:#333333">&nbsp;&nbsp; Серия терактов произошла в четверг в Испании: основной удар экстремистов пришёлся по Барселоне, где машина въехала в толпу в центре города. По последним данным, 13 человек погибли, более 100 получили травмы. Среди них оказалась и россиянка. Она получила лёгкие ранения, ей была на месте оказана медицинская помощь, без госпитализации. Других данных о пострадавших россиянах нет. По данным Ассоциации &laquo;Турпомощь&raquo;, сейчас в столице Каталонии может находиться несколько тысяч граждан России.</span></span></span></span>', '', 0, 1, 0, 1503047207, NULL, 0, 5, 0, 1),
(70, 'В Китае впервые полностью заморозили человека', 'А в Техасе продолжают строить центр Timeship, в котором будут замораживать и хранить до 50 тысяч человеческих тел.', '<p>&nbsp;&nbsp; В Китае впервые в истории выполнена уникальная операция по полной криогенной заморозке человека. Недавно умершая от рака легких 49-летняя китаянка была заморожена по просьбе её супруга, который надеется, что развитие медицинских технологий когда-нибудь позволит вернуть её к жизни. Операцию по криогенной заморозке тела проводили на протяжении более двух дней. Оно хранится в специальном контейнере объёмом в 2000 литров с жидким азотом при температуре 192-195 градусов Цельсия ниже нуля.</p>\r\n', '', 0, 1, 0, 1503046800, NULL, 0, 11, 0, 1),
(71, 'Аптеки готовят осеннее подорожание', 'В России рост цен на лекарства в три раза превысил инфляцию.', '<p>&nbsp;&nbsp; За первое полугодие 2017 года лекарства, не входящие в перечень жизненно необходимых и важнейших лекарственных препаратов, подорожали на 7,6%. Очередное повышение цен планируется осенью на уровне 5-20%. В первую очередь, рост цен коснётся самых популярных лекарств, в том числе так называемых сезонных. Среди причин называется увеличение затрат импортёров на закупку препаратов за рубежом. При этом цены на жизненно важные медикаменты не вырастут, потому что они регулируются государством.</p>\r\n', '', 0, 0, 0, 1503049080, NULL, 0, 6, 0, 1),
(72, 'Доказано, что виски нужно разбавлять', 'Доказано, что виски нужно разбавлять.', '<p>&nbsp;&nbsp; Добавление воды в солодовый алкоголь существенно улучшает его вкус, уверены шведские учёные. Они проводили научные опыты и нашли ответ на вопрос о том, почему виски, разбавленный водой, имеет более приятный вкус. Как выяснилось, вода &laquo;выгоняет&raquo; молекулы из глубины этого напитка на поверхность и вкусовые рецепторы языка лучше взаимодействуют с ними. Поэтому людям и кажется, что разбавленный виски обладает более насыщенным вкусом.</p>\r\n', '', 0, 1, 0, 1503054780, NULL, 0, 17, 0, 1),
(73, 'Минобороны получило право изымать у граждан землю', 'Минобороны получило право изымать у граждан землю.', '<p>&nbsp;&nbsp; Президент России <strong>Владимир Путин</strong> подписал указ, согласно которому Министерство обороны РФ получает право изымать земельные участки для государственных нужд. В документе отмечается, что военное ведомство &laquo;принимает в пределах своей компетенции решения о резервировании и об изъятии земельных участков для государственных нужд Российской Федерации в целях строительства и реконструкции объектов обороны&raquo;. Таким образом, Минобороны стало уже третьим ведомством, получившим в этом году право изымать земли у собственников.</p>\r\n', '', 0, 0, 0, 1503054900, NULL, 0, 9, 0, 1),
(74, 'Туристов из Турции ждёт температурный контроль из-за вируса Коксаки', 'Температуру измеряют в аэропортах с помощью тепловизоров.', '<p>&nbsp;&nbsp; В последнее время участились случаи заболевания отдыхающих в Турции энтеровирусными инфекциями. Сотрудники Роспотребнадзора во избежание распространения вируса Коксаки начали измерять температуру тела туристов, которые побывали на отдыхе в Турции. В случае подозрения на заражение вирусом пассажир направляется на медицинский осмотр. Сообщается, что вирусом заразились уже более 800 туристов из России, большая их часть &mdash; дети.</p>\r\n', '', 0, 0, 0, 1503055020, NULL, 0, 2, 0, 1),
(75, 'Более 21 миллиона рублей налога на недвижимость для физлиц заплатит житель столицы', 'Это самый большой налог среди 28 субъектов РФ.', 'Федеральная налоговая служба (ФНС) начислила московскому предпринимателю, которому принадлежит торговый центр на Новом Арбате, налог на недвижимость в размере 21,1 миллиона рублей. Новая система расчёта налога на недвижимость для физических лиц была введена в 2015 году. По ней сумма налога исчисляется на основе кадастровой, а не инвентаризационной стоимости.', '', 0, 0, 0, 1503055140, NULL, 0, 9, 0, 1),
(76, 'Кино 80-х бесплатно покажут москвичам', 'В программе значатся культовые советские фильмы.', '<p>&nbsp;&nbsp; 21, 23 и 24 августа в Москве планируется организовать бесплатные показы советских кинокартин 1980-х годов. Зрители увидят работы признанных мэтров режиссуры <strong>Карена Шахназарова, Алексея Учителя, Владимира Хотиненко и Алексея Германа</strong>. В частности, в сети кинотеатров &laquo;Москино&raquo; жители столицы смогут посмотреть &laquo;Курьер&raquo;, &laquo;Зеркало для героя&raquo;, &laquo;Рок&raquo; и другие.</p>\r\n', '', 0, 1, 0, 1503063054, NULL, 0, 4, 0, 1),
(77, 'Перед покупкой алкоголя заставят «дуть в трубочку»', 'В Москве могут изменить правила продажи алкогольной продукции.', '<p>&nbsp;&nbsp; Торговым точкам в столице могут запретить продавать спиртные напитки клиентам, находящимся в сильном опьянении. Эту инициативу поддержали в Мосгордуме. Если идея найдёт одобрение, потребуется снабдить кассиров и продавцов алкотестерами. Так они смогут достоверно выяснить, насколько высок уровень алкоголя в крови покупателя. Определение на глаз &laquo;неубедительно&raquo;, считают эксперты.</p>\r\n', '', 0, 1, 0, 1503063120, NULL, 0, 11, 0, 1),
(78, 'Бывшая питерская свалка «Новосёлки» продолжает отравлять жизнь людей', 'Питерцы требуют от губернатора окончательно закрыть полигон твёрдых коммунальных отходов.', '<p>&nbsp;&nbsp; Резкий запах разлагающихся отходов давно стал одной из острых проблем жителей северных районов Санкт-Петербурга. Причиной этому служит полигон &laquo;Новосёлки&raquo;. Он был исключён из Государственного реестра объектов размещения отходов. То есть размещать ТКО на полигоне запрещено. Однако мероприятия по рекультивации бывшего полигона не осуществляются. Более того, он продолжает функционировать! В нарушение действующего законодательства до сих пор туда продолжают свозить коммунальные отходы.</p>\r\n\r\n<p>&nbsp;&nbsp; Жители требуют от губернатора Санкт-Петербурга <strong>Георгия Полтавченко</strong> окончательного закрытия полигона.</p>\r\n', '', 0, 0, 0, 1503298800, NULL, 0, 10, 0, 1),
(79, 'Крик души: «Остановите издевательства над бездомными животными!»', 'Власти курортного города Туапсе не желают строить приют для несчастных братьев наших меньших…', '<p>&nbsp;&nbsp; Несколько лет назад такой приют был. Его создала неравнодушная жительница города. Размещался он на окраине Туапсе в лесу. Там не было ни света, ни воды. Но люди как могли оказывали помощь: покупали лекарства больным животным, привозили еду и воду, организовывали субботники, чтобы хоть как-то обустроить приют.</p>\r\n\r\n<p>&nbsp;&nbsp; К сожалению, среди успешных бизнесменов не нашлось ни одного мецената, готового помочь бедным братьям нашим меньшим. А тут ещё администрация города &laquo;положила глаз&raquo; на участок земли. Приют снесли, часть животных убили, остальные разбежались по округе. С тех пор на многочисленные просьбы горожан построить новый приют следовал отказ. А тем временем так называемые догхантеры убивают животных, живодёры-подростки издеваются над ними&hellip;</p>\r\n\r\n<p>&nbsp;&nbsp; В соцсетях и на форумах десятки объявлений с криком о помощи для щенков, котят и взрослых животных. И если власти услышат просьбы неравнодушных людей и приют для животных будет создан, то немало добровольцев готовы прийти на помощь в этом деле.</p>\r\n', '', 0, 0, 0, 1503299340, 1503396809, 0, 16, 4, 1),
(80, 'Telegram-бот будет записывать москвичей на приём к врачу', 'Больше не надо толкаться в очередях в поликлиниках.', '<p>&nbsp;&nbsp; Для того, чтобы получить услугу, надо отправить боту в Telegram номер ОМС и дату рождения. Тогда система предложит записаться на приём или же проверить текущие записи и отменить их. Жителям столицы предложат записаться к участковому терапевту, ЛОРу, урологу, хирургу и офтальмологу. Из предложенных вариантов нужно будет выбрать время и дату. После Telegram-бот ещё два раза напомнит о необходимости посетить врача. Как отметили в мэрии, в будущем бот получит расширенный функционал &ndash; к примеру, сможет посоветовать врача при наличии тех или иных симптомов.</p>\r\n', '', 0, 0, 0, 1503301920, 1503307375, 0, 12, 1, 1),
(81, 'Кофе поставили в один ряд с наркотиками', 'Ненатуральный кофе в разы опаснее.', '<p>&nbsp;&nbsp; Кофеин вызывает привыкание, уверены учёные. Но у депрессивных людей кофе может улучшить настроение, повысить внимательность и работоспособность. Употребления чашки натурального напитка утром может быть полезным для нормализации циркадного ритма, но негативно влияет на организм, если пить его в течение дня. В связи с этим напиток можно сравнить с наркотиком, который стимулирует нервную систему и вызывает привыкание.<br />\r\n<br />\r\n&nbsp;&nbsp; Есть у кофе, естественно, и полезные свойства &ndash; к примеру, последние исследования показали, что он защищает печень от повреждений алкогольными напитками.</p>\r\n', '', 0, 0, 0, 1503303840, NULL, 0, 1, 0, 1),
(82, 'В столичном регионе ждут бабьего лета', 'Оно придёт уже в сентябре.', '<p>&nbsp;&nbsp; В Гидрометцентре РФ предупреждают, что прощаться с летом пока не следует. В сентябре ожидаются всплески тепла, которые ассоциируются с так называемым бабьим летом. По словам метеорологов, все условия для бабьего лета в столичном регионе есть, вместе с тем назвать точные даты специалисты пока не готовы.</p>\r\n', '', 0, 0, 0, 1503308317, NULL, 0, 0, 0, 1),
(83, 'ЦБ РФ наказал ещё один столичный банк', '«Северо-Восточный Альянс» из топ-250 остался без лицензии на осуществление банковских операций.', '<p>&nbsp;&nbsp; В понедельник ведомство <strong>Эльвиры Набиуллиной</strong> отозвало лицензию на осуществление банковских операций у Акционерного коммерческого банка &laquo;Северо-Восточный Альянс&raquo; (АКБ &laquo;СВА&raquo;). Согласно данным отчётности, по величине активов кредитная организация на 1 августа 2017 года занимала<strong> 250 место</strong> в банковской системе Российской Федерации. Банк не является участником системы страхования вкладов. АКБ &laquo;СВА&raquo; оказался неспособен своевременно исполнять обязательства перед кредиторами, в связи с чем в деятельности банка возникли основания для осуществления мер по предупреждению несостоятельности (банкротства) и реальная угроза интересам его кредиторов.</p>\r\n', '', 0, 0, 0, 1503309060, NULL, 0, 4, 0, 1),
(84, 'За задержку рейса россияне могут требовать у авиакомпаний до 390 тысяч рублей', 'Это гарантируется пассажирам Монреальской конвенцией.', '<p>&nbsp;&nbsp; Россия присоединилась к Монреальской конвенции, регулирующей правила в области международных перевозок. Согласно правилам документа, теперь за задержку рейса для авиаперевозчиков установлена максимальная ответственность перед пассажирами в размере около 390 тысяч рублей, ранее авиакомпании платили лишь 25 рублей за час задержки.</p>\r\n', '', 0, 0, 0, 1503310140, NULL, 0, 5, 0, 1),
(85, 'Владимир Путин решил сократить количество и сроки проверок предпринимателей', 'Президент России поручил до 1 декабря внести изменения в законы о проверках бизнесменов.', '<p>&nbsp;&nbsp; Проверок должно быть не более 30% от плановых, а длиться они должны до 10 рабочих дней. Печень поручений опубликован на сайте Кремля. Отмечается, что исключение составляют внеплановые проверки, которые инициированы в связи с причинением вреда или возникновением такой угрозы жизни, здоровью граждан, вреда животным, растениям, окружающей среде, объектам культурного наследия, а также угрозы чрезвычайных ситуаций природного и техногенного характера.</p>\r\n', '', 0, 1, 0, 1503310748, NULL, 0, 1, 0, 1),
(86, 'Россиян лишают американских виз?', 'Хотя, правда, это временная мера…', '<p>&nbsp;&nbsp; &laquo;В связи с мерами, принятыми Российской Федерацией по ограничению численности сотрудников дипломатической миссии США в России, начиная с 23 августа 2017 года, процедура выдачи неиммиграционных виз по всей России будет приостановлена&raquo;, &ndash; заявили в американском посольстве. При этом сообщается, что 1 сентября 2017 года процедуру возобновят в Москве. В других регионах она приостановлена на неопределённый срок. Уточняется, что ранее назначенные собеседования будут отменены.</p>\r\n', '', 0, 1, 0, 1503311820, NULL, 0, 3, 0, 1),
(87, 'В ДТП в Турции пострадали более десятка россиян', 'Сейчас жизнь наших соотечественников вне опасности.', '<p>&nbsp;&nbsp; Всего из 26 пассажиров было 11 граждан России. Они все испытали шок, получив синяки, ушибы, и травмы. Один человек был госпитализирован, по другой информации, госпитализированных &ndash; четверо. Автобус с туристами, который направлялся в город Белек, перевернулся на трассе Анталья-Кемер на выезде из туннеля. Причиной ДТП стал сильный ливень.</p>\r\n', '', 0, 0, 0, 1503317940, NULL, 0, 0, 0, 1),
(88, 'За полгода 7 миллионов иностранцев встали на миграционный учёт', 'Депортировано за нарушение порядка пребывания свыше 2,5 тысячи человек.', '<p>&nbsp;&nbsp; В первом полугодии 2017 года на миграционный учёт встали 7 миллиона иностранцев, больше половины из них &mdash; в шести крупных регионах России. С целью контроля за миграционными потоками проведено более 200 тысяч различных проверочных мероприятий, раскрыто порядка 21,5 тысячи преступлений. За нарушение порядка пребывания депортировано свыше 2,5 тысячи иностранных граждан, в отношении почти 77 тысяч человек приняты решения о запрете въезда в РФ.</p>\r\n', '', 0, 0, 0, 1503318120, NULL, 0, 2, 0, 1),
(89, 'Более чем в 80 процентов летних лагерей Роспотребнадзором зафиксированы нарушения', 'Проверки прошли в 28 тысячах учреждений по всей России.', '<p>&nbsp;&nbsp; В ходе проверок нарушения были выявлены в 81% проверенных оздоровительных учреждений. Общая сумма административных штрафов составила более 120 миллионов рублей. Судами принято решение о приостановлении деятельности по 55 объектам, нарушавшим обязательные требования, в правоохранительные органы передано 13 дел, временно отстранено от работы 620 человек. Было обнаружено 16 несанкционированных лагерей. Всего в рамках оздоровительных смен в РФ работало 40,5 тысячи лагерей, в которых отдохнули почти 4,5 миллиона детей.</p>\r\n', '', 0, 0, 0, 1503318540, NULL, 0, 9, 0, 1),
(90, 'Без помощи государства проблему бездомных животных не решить', 'В Москве обитает 26 тысяч бездомных собак.', '<p>&nbsp;&nbsp; Проблема с бездомными животными комплексная. Её можно решить, объединив усилия государства и общества, считают эксперты по защите прав. В одной только Москве обитает 26 тысяч бездомных собак, а численность кошек подсчитать просто невозможно. Ответственность за бесконтрольное размножение животных лежит на самих горожанах, не стерилизующих своих питомцев, а также на профессиональных заводчиках, избавляющихся от бракованных особей.</p>\r\n', '', 0, 0, 0, 1503318848, NULL, 0, 1, 0, 1),
(91, 'Сотни жителей Ростова-на-Дону эвакуированы из-за сильнейшего пожара', 'Площадь пожара составляет 6 тысяч квадратных метров.', '<p>&nbsp;&nbsp; Более 500 человек, в том числе жители многоквартирных домов, эвакуированы из-за крупного пожара в частном секторе в Ростове-на-Дону. Люди отгоняют от места происшествия свои автомобили и выносят из домов ценности. По предварительной информации, в домах начали взрываться газовые баллоны.</p>\r\n\r\n<p>&nbsp;&nbsp; С огнём борются более ста пожарных и 21 единица техники. Речи о локализации пожара пока не идёт, так как ситуацию осложняет сильный ветер.</p>\r\n', '', 0, 1, 0, 1503320940, NULL, 0, 11, 0, 1),
(92, '«Когда нет денег, нет любви…»', 'Финансовые претензии – самая массовая причина распада браков.', '<p>&nbsp;&nbsp; По результатам исследования американских учёных оказалось, что именно финансовые конфликты играют ведущую роль в непонимании между мужем и женой и приводят к охлаждению отношений между супругами. 90% женщин и 85% мужчин, участвовавших в исследовании, пожаловались на это. По словам специалистов, данная проблема оказалась присуща парам как с высоким, так и с низким уровнями доходов, и независимо от того, насколько активно тратились деньги.</p>\r\n', '', 0, 0, 0, 1503326611, NULL, 0, 1, 0, 1),
(93, 'Москвичи забывают в такси телевизоры, пистолеты и котов', 'Каждый день водители находят десятки оставленных вещей.', '<p>&nbsp;&nbsp; Естественно, стандартный набор &mdash; зонты, сумки, ключи и, конечно, телефоны. Только один Uber за прошлый год вернул своим пассажирам более 15 тысяч забытых трубок. Впрочем, в московских такси уже в этом году находили подарочные комплекты нижнего белья, телевизор, пистолет и даже кота. Отмечается, что часто вещи забывают в аэропорту, а самыми &laquo;забывчивыми&raquo; днями являются предпраздничные дни накануне 23 февраля и 8 марта, а также первая неделя января, особенно 2-е число.</p>\r\n', '', 0, 0, 0, 1503329820, NULL, 0, 5, 0, 1),
(94, 'Хочешь дольше прожить – не сиди, а двигайся!', 'Канадские учёные пришли к выводу, что сидячий образ жизни повышает риск смерти для людей среднего и пожилого возраста.', '<p>&nbsp;&nbsp; Специалисты исследовали образ жизни 3.141 человека старше 50 лет в 2003-2004 и 2005-2006 годах, а затем до 2011 года или до их смерти. Оказалось, что среди участников, не соблюдавших рекомендуемые врачами нормы (2,5 часа умеренной физической активности в неделю), смертность была значительно выше. Учёные считают, что людям в возрасте надо вести более активный образ жизни. По их мнению, достаточно будет хождения по дому с помощью ходунков или трости.</p>\r\n', '', 0, 0, 0, 1503389400, NULL, 0, 1, 0, 1),
(95, 'Витамин, который способен бороться с онкологией', 'Американские учёные раскрыли подробности механизмов, благодаря которым витамин С эффективен в борьбе с лейкозами.', '<p>&nbsp;&nbsp; Специалисты заметили, что по мере дифференциации гемопоэтических стволовых клеток человека и мышей уровень витамина С и активность гена TET2 в лейкоцитах снижается. Эксперименты, проведённые на грызунах, показали, что восстановление физиологического уровня соединения в крови снижает вероятность развития лейкозов. Как показали исследования, люди с низким уровнем витамина С в крови более подвержены развитию лейкозов, чем остальные.</p>\r\n', '', 0, 0, 0, 1503389880, NULL, 0, 0, 0, 1),
(96, 'Агрессивность подростков объясняется желанием… познать мир?', 'Почему тинэйджеры ведут себя часто так необдуманно и рискованно.', '<p>&nbsp;&nbsp; Подростковая импульсивность и резкость &ndash; это часто своеобразный способ познать окружающую среду, её возможности, позитивные и негативные стороны. &laquo;Недавно резкое и рисковое поведение подростков объяснялось гормональной перестройкой организма. Сегодня появились другие объяснения этому феномену, &ndash; сообщил ведущий автор исследования Дэниел Ромер из Университета Пенсильвании. &ndash; Несмотря на то, что изначально нейробиологи схватились за идею мозгового дефицита у агрессивных и импульсивных подростков, это оказалось совсем ни при чём. В непродуманном поведении молодых людей виновником оказались жажда познания мира и себя в этом мире&raquo;.</p>\r\n', '', 0, 0, 0, 1503391178, NULL, 0, 0, 0, 1),
(97, 'Ларингит и бронхит – болезни россиян', 'Врачи призывают беречь органы дыхания.', '<p>&nbsp;&nbsp; Россияне чаще всего болеют острым ларингитом, бронхитом, пневмонией, трахеитом. Так, за прошлый год врачи зафиксировали 20,8 тысячи случаев на 100 тысяч человек. Как отмечают специалисты, столь высокие цифры обусловлены тем, что большинство людей переживают простуду на ногах. Болезни органов дыхания занимают серьёзное место по смертности населения, хотя, наметилась тенденция на снижение. В прошлом году &ndash; на 7,3 процента, за первое полугодие этого года &ndash; на 8,7 процента.</p>\r\n', '', 0, 0, 0, 1503391333, NULL, 0, 0, 0, 1),
(98, 'В России подешевели подержанные авто', 'Их цена упала на 5,8 процента за первые семь месяцев этого года.', '<p>&nbsp;&nbsp; Рост стоимости автомобилей с пробегом с разной интенсивностью фиксировался, начиная с декабря 2014 года (430 тысяч рублей) до декабря 2016 года (568 тысяч рублей). Теперь тренд пошёл на снижение и поддержанное авто оценивается до 535 тысяч за машину в среднем. Одним из факторов падения цен на вторичном рынке машин является отсутствие спроса, так как покупатели стали приобретать новые автомобили.</p>\r\n', '', 0, 0, 0, 1503391560, NULL, 0, 3, 0, 1),
(99, 'Пожар в Ростове-на-Дону повредил 83 жилых дома', 'Основной версией крупного ЧП в столице Ростовской области считают поджог.', '<p>&nbsp;&nbsp; Или, по словам начальника ГУМЧС по Ростовской области Валерия Синькова, &laquo;занесение постороннего источника зажигания&raquo;. &laquo;В какой форме это было, покажет работа следственных органов&raquo;, &ndash; сказал чиновник. Ранее главный прокурор региона Юрий Баранов заявил, что рассматриваются различные версии причины пожара, а по словам губернатора Василия Голубева, версия поджога будет отработана &laquo;самым серьёзным образом&raquo;.</p>\r\n\r\n<p>&nbsp;&nbsp; Напомним, сильнейший пожар днём в понедельник охватил несколько частных домов в районе Театрального спуска рядом с главной площадью Ростова-на-Дону. Он начался в частном жилом доме на Нижегородской улице, после чего перекинулся на соседние дома. Вечером в понедельник МЧС сообщило о локализации возгорания на площади в 10 тысяч квадратных метров, сейчас открытое горение ликвидировано, а пожарные продолжают разбор завалов и проливать очаги тления. Огнём повреждены 107 строений, в том числе 83 жилые постройки. За медицинской помощью обратились 45 человек, семь госпитализированы. В Ростовской области введён режим чрезвычайной ситуации.</p>\r\n', '', 1, 0, 0, 1503392640, NULL, 0, 8, 0, 1),
(100, 'Георгий Полтавченко пообещал Владимиру Путину закрыть свалку в Питере', 'Бывший полигон ТКО «Новосёлки» больше не будет отравлять жизнь людей.', '<p>&nbsp;&nbsp; Ключевым событием, повлиявшим на решение проблемы, стала встреча Президента России <strong>Владимира Путина</strong> с губернатором Санкт-Петербурга <strong>Георгием Полтавченко</strong>. Первый вопрос касался именно свалки в Новосёлках. Глава города пообещал, что коммунальные отходы больше не будут свозиться на полигон, готовится рекультивация объекта. После данной встречи машины для перевозки ТКО перестали въезжать на территорию полигона, из чего, можно сделать вывод, что &laquo;Новосёлки&raquo; перестали принимать коммунальные отходы на хранение.</p>\r\n', '', 0, 0, 0, 1503393600, NULL, 0, 2, 0, 1),
(101, 'Нью-Йорк и Париж остались позади Москвы по числу поездок на арендованных велосипедах', 'К 2019 году в распоряжении москвичей будет около 4,6 тысячи велосипедов.', '<p>&nbsp;&nbsp; Прокат велосипедов в Москве становится очень популярным. По данным департамента транспорта, в течение дня их берут в аренду в среднем около 20 тысяч раз, что является рекордом. В этом году количество поездок составило уже более 1,7 миллиона, что уже превышает показатели за весь 2016 год. Сейчас по всему городу расположено 380 станций проката, каждый год власти Москвы планируют открывать по 50 точек на 500 велосипедов в каждой.</p>\r\n', '', 0, 0, 1, 1503397320, NULL, 0, 1, 0, 1),
(102, 'Обвал цен на овощи обещает Минэкономразвития', 'Овощи и фрукты в России подешевеют на 80 процентов.', '<p>&nbsp;&nbsp; В сентябре общее снижение цен на продовольственные товары по сравнению с началом лета составит 1,3%, а для плодоовощной продукции &ndash; 79,6%, &ndash; прогнозируют в Минэкономразвития. Среди причин такого радикального падения называется хороший урожай в 2017 году. Сами производители фруктов и овощей позитивно оценивают министерский прогноз.</p>\r\n', '', 0, 0, 1, 1503397680, NULL, 0, 3, 0, 1),
(103, 'Московских водителей дисциплинируют пешие инспекторы', 'Проверять столичные парковки будут с удвоенным эффектом.', '<p>&nbsp;&nbsp; Штат пеших инспекторов, следящих за платными парковками в Москве, увеличат вдвое &ndash; до 300 человек. В их обязанности входит не только проверка машин на платной парковке, но и фиксация нарушителей, стоящих под запрещающими знаками и на тротуарах. Также инспекторы проверяют состояние инфраструктуры на улично-дорожной сети, сообщают о повреждённых знаках и проводят мониторинги загруженности.</p>\r\n', '', 0, 0, 0, 1503410402, NULL, 0, 0, 0, 1),
(104, 'В Подмосковье верблюд лишил руки пьяного хозяина', 'По факту ЧП проводится проверка.', '<p>&nbsp;&nbsp; В Щелковском районе Московской области верблюд откусил 42-летнему мужчине руку по локоть. Сообщается, что причиной трагедии могло стать нетрезвое состояние потерпевшего. &laquo;Скорая помощь&raquo; госпитализировала пациента в травматологическое отделение, но пришить конечность не удалось. Соседи рассказали, что мужчина имел весьма специфическое хобби &ndash; на своём приусадебном участке он держал двух верблюдов и тигра.</p>\r\n', '', 0, 0, 0, 1503410727, NULL, 0, 1, 0, 1),
(105, 'Коксаки сразил 832 российских туриста', 'Туроператоры не хотят возвращать деньги за путёвки в Турцию из-за вируса.', '<p>&nbsp;&nbsp; Более 400 россиян, пожаловались на туроператоров, которые отказались возвращать деньги за путёвки в Турцию в связи с угрозой пребывания в стране из-за вируса Коксаки. Как отметили в Роспотребнадзоре, более 80% всех жалоб касаются туроператоров &laquo;Библио-Глобус&raquo; и &laquo;Пегас-Туристик&raquo;. В ведомстве заявили о недопустимости взимания с граждан штрафов при расторжении договоров в подобных случаях.</p>\r\n\r\n<p>&nbsp;&nbsp; Наибольшую угрозу вирус представляет в городах Сиде, Анталья, Аланья, Кемер и Белек. Общее количество российских туристов, заболевших вирусом Коксаки в Турции, составляет 832 человека, подавляющее большинство из них &ndash; дети.</p>\r\n', '', 0, 0, 0, 1503410969, NULL, 0, 1, 0, 1);
INSERT INTO `news` (`id`, `name`, `small_desc`, `full_desc`, `redirect_url`, `news_main`, `news_editor`, `news_important`, `time_create`, `time_update`, `time_publish`, `views`, `comments`, `status`) VALUES
(106, 'День флага московский бейсджампер отметил затяжным прыжком', 'Прыжок был совершён со здания ЖК «Воробьёвы горы».', '<p>&nbsp;&nbsp; 22 июня в России отмечают День Государственного флага Российской Федерации. В честь праздника бейсджампер Владимир Мурзаев спрыгнул с высотного дома в Москве с триколором. В полёте он развернул огромный флаг России и пролетел с ним некоторое время. &laquo;Я хотел выразить свою любовь к Родине и отпраздновать День российского флага&raquo;, &ndash; прокомментировал свой поступок Мурзаев.</p>\r\n', '', 0, 0, 0, 1503414293, NULL, 0, 1, 0, 1);

-- --------------------------------------------------------

--
-- Структура таблицы `news_tags`
--

CREATE TABLE IF NOT EXISTS `news_tags` (
  `id` int(11) NOT NULL AUTO_INCREMENT,
  `tag_id` int(11) DEFAULT NULL,
  `news_id` int(11) DEFAULT NULL,
  PRIMARY KEY (`id`)
) ENGINE=InnoDB  DEFAULT CHARSET=utf8 AUTO_INCREMENT=80 ;

--
-- Дамп данных таблицы `news_tags`
--

INSERT INTO `news_tags` (`id`, `tag_id`, `news_id`) VALUES
(3, 3, 60),
(5, 5, 73),
(8, 4, 77),
(9, 6, 82),
(15, 10, 85),
(16, 11, 85),
(18, 9, 84),
(23, 7, 83),
(24, 8, 83),
(27, 13, 87),
(28, 14, 87),
(30, 16, 90),
(31, 15, 89),
(44, 17, 91),
(45, 18, 91),
(46, 19, 91),
(47, 20, 92),
(52, 23, 95),
(53, 24, 95),
(54, 21, 93),
(55, 22, 94),
(56, 25, 96),
(57, 26, 97),
(60, 18, 99),
(61, 19, 99),
(62, 12, 86),
(66, 10, 100),
(67, 27, 100),
(68, 28, 100),
(71, 22, 101),
(72, 26, 101),
(74, 26, 102),
(75, 29, 103),
(76, 30, 104),
(77, 13, 105),
(78, 15, 105),
(79, 26, 105);

-- --------------------------------------------------------

--
-- Структура таблицы `objects`
--

CREATE TABLE IF NOT EXISTS `objects` (
  `id` int(11) NOT NULL AUTO_INCREMENT,
  `author_id` int(11) DEFAULT NULL,
  `country_id` int(11) DEFAULT NULL,
  `type` smallint(6) DEFAULT NULL,
  `user_id` int(11) DEFAULT NULL,
  `mode` smallint(6) DEFAULT NULL,
  `owner` varchar(255) DEFAULT NULL,
  `name` varchar(255) NOT NULL,
  `description` text NOT NULL,
  `time_start` int(11) DEFAULT NULL,
  `time_end` int(11) DEFAULT NULL,
  `time_create` int(11) DEFAULT NULL,
  `time_update` int(11) DEFAULT NULL,
  `status` smallint(6) DEFAULT NULL,
  `price` varchar(255) DEFAULT NULL,
  `date` varchar(255) DEFAULT NULL,
  `risks` varchar(255) DEFAULT NULL,
  `views` int(11) NOT NULL DEFAULT '0',
  `requirements` varchar(255) NOT NULL,
  PRIMARY KEY (`id`)
) ENGINE=InnoDB  DEFAULT CHARSET=utf8 AUTO_INCREMENT=38 ;

--
-- Дамп данных таблицы `objects`
--

INSERT INTO `objects` (`id`, `author_id`, `country_id`, `type`, `user_id`, `mode`, `owner`, `name`, `description`, `time_start`, `time_end`, `time_create`, `time_update`, `status`, `price`, `date`, `risks`, `views`, `requirements`) VALUES
(3, 1, 1, 0, NULL, 1, 'HC', 'Как зарегистрировать ИП самостоятельно', 'Гражданин РФ хочет самостоятельно зарегистрироваться в качестве индивидуального предпринимателя (открыть ИП).', 0, 0, 1493997877, 1503222396, 1, '', '', '', 117, 'Старше 18 лет'),
(4, 1, 1, 0, NULL, 0, '', 'Как устроить ребенка в детский сад', 'Родители хотят устроить ребенка в детский сад недалеко от дома. Имеют право на первоочередное зачисление ребенка в ДОУ.', 1498867200, 1498867200, 1494403209, 1501137485, 1, '', '', '', 53, ''),
(5, 1, 1, 0, 0, 0, '', 'Что делать, если пришел налог на проданный автомобиль', '"<p>Продал автомобиль по договору купли-продажи, перерегистрировали автомобиль в установленные сроки, но транспортный налог пришел прежнему владельцу ТС.</p>\r\n\r\n<p>В кейсе приводится пошаговая инструкция &laquo;Что делать, если пришел транспортный налог на проданный автомобиль&raquo;, при условии, что транспортное средство продано в соответствии с законодательством и перерегистрировано на нового собственника в установленном порядке&nbsp;</p>"', 0, 0, 1494407449, 1499326309, 1, '', '', '', 70, ''),
(6, 1, 1, 0, 0, 0, 'HC', 'Как устроить ребенка в детский сад в Москве', '"<p>\r\n<style type=""text/css""><!--td {border: 1px solid #ccc;}br {mso-data-placement:same-cell;}-->\r\n</style>\r\nСемья живет в Москве. Родители хотят устроить ребенка в детский сад, расположенный в районе проживания.</p>\r\n\r\n<p>В кейсе &quot;Как устроить ребенка в детский сад в Москве&quot; представлены пошаговая инструкция, способы и ресурсы, необходимые для оформления ребенка в дошкольное учреждение в Москве</p>"', 1494288000, 0, 1494411112, 1499319450, 1, '', '', '', 24, ''),
(7, 1, 1, 0, NULL, 0, 'HC', 'Как устроить ребенка в детский сад в Санкт-Петербурге', '<p>По достижению трехлетнего возраста ребенка необходимо&nbsp;устроить&nbsp;в детский сад Санкт-Петербурга. Родители отдают предпочтение ДОУ в районе проживания.</p>', NULL, NULL, 1494414280, 1502459906, 1, '', '', '', 5, 'Стрессоустойчивость'),
(8, 1, 1, 0, NULL, 0, 'HC', 'Как устроить ребенка в школу в Санкт-Петербурге', '<p>Живем в Санкт-Петербурге. Ребенок в этом году должен идти в 1-ый класс. Хочу строить в школу рядом с домом.</p>', 1494288000, NULL, 1494416363, 1502459598, 1, '', '', '', 7, ''),
(9, 1, 1, 0, NULL, 0, 'HC', 'Как устроить ребенка в школу в Москве', 'Семья живет в Москве, есть постоянная прописка. Необходимо устроить ребенка в первый класс школы недалеко от дома.', 1494288000, NULL, 1494487242, 1500983165, 1, '', '', '', 5, ''),
(10, 1, 1, 0, NULL, 0, 'HC', 'Как перевести ребенка в другую школу', 'Необходимо перевести ребенка из одной общеобразовательной школы в другую по причине переезда в другой район города.', 1494720000, NULL, 1494842587, 1500980919, 1, '', '', '', 7, ''),
(11, 1, 1, 0, 0, 0, '', 'Что делать если укусил клещ', 'Укусил клещ в районе распространения клещевого энцефалита и клещевого боррелиоза', -10800, -10800, 1495619533, 1497440561, 1, '10 000 - 16 000', '31 день', '', 63, ''),
(12, 1, 1, 0, 0, 0, 'HC', 'Мою квартиру залили соседи, что делать?', 'Рассмотрение решения ситуации при которой Вас затопили соседи. В кейсе имеются Варианты шагов.', 0, 0, 1495624743, 1503304901, 1, 'От 40 000 при обращении в суд', 'от двух дней', 'Проиграть суд', 107, ''),
(13, 1, 1, 0, NULL, 0, '', 'Как подготовить ребенка к сдаче ЕГЭ', 'Ребенок учится в старших классах. Необходимо подготовить ребенка к сдаче единых государственных экзаменов, успешно сдать ЕГЭ, набрать необходимое количество балов для поступления в вуз.', NULL, NULL, 1495700309, 1500976408, 1, 'от 20 000', 'от 60 дней', '', 6, ''),
(14, 1, 1, 0, NULL, 0, '', 'Как ребенку подготовиться к ОГЭ самостоятельно', 'Ученик по окончании девятого класса будет сдавать ОГЭ по четырем предметам. После девятого класса будет продолжать обучение в старших классах школы. Поэтому подготавливаться к ОГЭ будет самостоятельно.', NULL, NULL, 1495705030, 1500974343, 1, 'от 3 000 руб', 'от 30 дней', '', 9, ''),
(15, 11, 1, 0, NULL, 0, '', 'Как правильно выбрать будущую профессию ребенку', 'Ребенок заканчивает школу, необходимо определиться со специальностью для получения соответствующего образования', 1493596800, 1493596800, 1495710189, 1500620195, 1, 'от 3000 руб', 'от 30 дней', '', 62, ''),
(17, 11, 1, 0, NULL, 0, '', 'Что необходимо сделать, чтобы не заболеть после укуса клеща', 'В кейсе представлена последовательность шагов необходимых для уменьшения риска инфекционного заболевания после укуса клеща и минимизации затрат на профилактические и лечебные меры. ', 1498780800, NULL, 1500657515, 1501666661, 1, 'от 4 250 до 9 300', 'от 10 дней', 'Риск заболеть клещевыми инфекциями, риск перехода инфекционного заболевания в тяжелую трудноизлечимую форму, риск увеличения затрат на лечение', 44, ''),
(18, 8, 1, 0, NULL, 0, NULL, 'Как настроить роутер Wi-Fi', 'Данный кейс поможет Вам быстро и качественно настроить любой Wi-Fi роутер', 0, 0, 1501067621, 1501153214, 1, '1000', '30 мин', 'нет рисков', 62, ''),
(19, 11, 1, 0, NULL, 0, '', 'Как заменить водительское удостоверение по истечению срока действия через МФЦ', 'В Кейсе представлены план действий, перечень документов, ориентировочные материальные затраты и затраты времени, необходимые при замене ВУ, срок действия которого истек через МФЦ.', 1485907200, NULL, 1501670988, 1502262665, 1, 'от 3 400 до 5 500', 'от 3 до 10', 'Пропустить срок окончания действия водительского удостоверения, остаться без права управления ТС, и пользоваться услугами общественного транспорта. Быть оштрафованным за управление ТС с ВУ, срок действия которых истек.\r\n', 21, ''),
(24, 5, 1, 0, NULL, 0, NULL, 'Как бесплатно получить квалифицированную медицинскую помощь за границей?', 'В Кейсе представлен план действий, необходимый для получения квалифицированной медицинской помощи за границей.', 0, 0, 1502184816, 1502801007, 1, '50', '1', 'Риск возникновения непредвиденных расходов. ', 148, 'Физическое лицо до 79 лет'),
(25, 1, 1, 0, NULL, 0, '', 'Как правильно помочь ребенку выбрать вуз  для поступления', 'В кейсе описаны действия, выполнение которых, поможет вам совместно с ребенком, оканчивающим обучение в старших классах, выбрать подходящий вуз для поступления', NULL, NULL, 1502365005, 1502367957, 1, 'от 2 000', 'от 14', 'Переоценить возможности ребенка и не пройти вступительные испытания в выбранный вуз, пропустить сроки вступительных испытаний, не поступить в вуз и пропустить год обучения', 5, 'Родитель, имеющий ребенка или детей, которые оканчивают обучение в старших классах школы и планируют поступление в вуз'),
(26, 11, 1, 0, NULL, 0, NULL, 'Как заменить водительское удостоверение по истечению срока действия в ГИБДД', 'В Кейсе описана последовательность действий, необходимых для замены национального водительского удостоверения в ГИБДД. Учтены важные обстоятельства, затраты времени и денег при выполнении плана действий.', 0, 0, 1502369144, 1502369144, 1, 'от 3 400 до 5 500', 'от 3', 'Пропустить срок замены водительского удостоверения, у которого истекает срок действия, потерять право управление ТС на период замены прав', 6, 'Совершеннолетний дееспособный гражданин РФ, есть право на управление транспортным средством, водитель'),
(34, 13, 1, 0, NULL, 0, '', 'Как написать кейс', 'просто', 0, 0, 1503308885, 1503308885, 0, '1', '2', 'нет', 2, 'простые'),
(37, 11, 1, 0, NULL, 1, '', 'Как легально купить и зарегистрировать травматическое оружие', 'В кейсе описан порядок действий, правила и условия необходимые для законного приобретения, пользования и хранения травматического оружия', 0, 0, 1503333691, 1503333691, 1, '28 700', 'от 60', 'При выполнении Кейса есть риски нарушить правила хранения и ношения оружия, получить наказание в виде административного штрафа, получить отказ в получении лицензии на приобретение оружия', 23, 'Совершеннолетний, дееспособный гражданин РФ, не имеющий серьезных психических заболеваний и проблем со зрением');

-- --------------------------------------------------------

--
-- Структура таблицы `objects_categories`
--

CREATE TABLE IF NOT EXISTS `objects_categories` (
  `object_id` int(11) DEFAULT NULL,
  `category_id` int(11) DEFAULT NULL
) ENGINE=InnoDB DEFAULT CHARSET=utf8;

--
-- Дамп данных таблицы `objects_categories`
--

INSERT INTO `objects_categories` (`object_id`, `category_id`) VALUES
(11, 204),
(11, 211),
(6, 307),
(5, 246),
(14, 568),
(14, 579),
(14, 583),
(13, 571),
(13, 577),
(13, 586),
(13, 588),
(10, 582),
(10, 590),
(10, 597),
(9, 547),
(9, 558),
(9, 578),
(9, 590),
(15, 547),
(15, 551),
(15, 598),
(4, 540),
(4, 547),
(18, 2911),
(18, 2938),
(17, 1240),
(17, 1541),
(19, 2461),
(19, 2480),
(25, 566),
(25, 1257),
(25, 3256),
(26, 2461),
(26, 2464),
(8, 308),
(8, 332),
(8, 333),
(7, 540),
(24, 255),
(3, 343),
(3, 347),
(12, 1263),
(34, 2401),
(37, 2293),
(37, 1221);

-- --------------------------------------------------------

--
-- Структура таблицы `objects_cities`
--

CREATE TABLE IF NOT EXISTS `objects_cities` (
  `object_id` int(11) DEFAULT NULL,
  `city_id` int(11) DEFAULT NULL
) ENGINE=InnoDB DEFAULT CHARSET=utf8;

--
-- Дамп данных таблицы `objects_cities`
--

INSERT INTO `objects_cities` (`object_id`, `city_id`) VALUES
(7, 1107),
(24, 1106),
(34, 325);

-- --------------------------------------------------------

--
-- Структура таблицы `objects_goals`
--

CREATE TABLE IF NOT EXISTS `objects_goals` (
  `object_id` int(11) DEFAULT NULL,
  `goal_id` int(11) DEFAULT NULL
) ENGINE=InnoDB DEFAULT CHARSET=utf8;

--
-- Дамп данных таблицы `objects_goals`
--

INSERT INTO `objects_goals` (`object_id`, `goal_id`) VALUES
(11, 12),
(6, 5),
(5, 6),
(14, 14),
(13, 13),
(10, 11),
(9, 9),
(15, 15),
(4, 5),
(18, 17),
(18, 18),
(17, 12),
(19, 19),
(25, 21),
(26, 19),
(8, 9),
(7, 5),
(24, 20),
(3, 4),
(12, 2),
(34, 1),
(37, 22);

-- --------------------------------------------------------

--
-- Структура таблицы `objects_regions`
--

CREATE TABLE IF NOT EXISTS `objects_regions` (
  `object_id` int(11) DEFAULT NULL,
  `region_id` int(11) DEFAULT NULL
) ENGINE=InnoDB DEFAULT CHARSET=utf8;

--
-- Дамп данных таблицы `objects_regions`
--

INSERT INTO `objects_regions` (`object_id`, `region_id`) VALUES
(8, 78),
(7, 78),
(24, 78),
(34, 28);

-- --------------------------------------------------------

--
-- Структура таблицы `objects_roles`
--

CREATE TABLE IF NOT EXISTS `objects_roles` (
  `object_id` int(11) DEFAULT NULL,
  `role_id` int(11) DEFAULT NULL
) ENGINE=InnoDB DEFAULT CHARSET=utf8;

--
-- Дамп данных таблицы `objects_roles`
--

INSERT INTO `objects_roles` (`object_id`, `role_id`) VALUES
(11, 8),
(6, 5),
(5, 6),
(14, 5),
(13, 5),
(10, 5),
(9, 5),
(15, 1),
(15, 5),
(4, 5),
(18, 12),
(17, 9),
(19, 4),
(19, 13),
(25, 5),
(26, 4),
(26, 13),
(8, 5),
(7, 5),
(24, 16),
(3, 4),
(12, 3),
(34, 4),
(37, 4);

-- --------------------------------------------------------

--
-- Структура таблицы `objects_situations`
--

CREATE TABLE IF NOT EXISTS `objects_situations` (
  `object_id` int(11) DEFAULT NULL,
  `situation_id` int(11) DEFAULT NULL
) ENGINE=InnoDB DEFAULT CHARSET=utf8;

--
-- Дамп данных таблицы `objects_situations`
--

INSERT INTO `objects_situations` (`object_id`, `situation_id`) VALUES
(14, 5),
(13, 9),
(10, 10),
(9, 8),
(15, 6),
(4, 7),
(17, 1),
(19, 11),
(25, 17),
(25, 18),
(26, 11),
(7, 7),
(24, 19),
(3, 20),
(12, 3),
(34, 6),
(37, 21);

-- --------------------------------------------------------

--
-- Структура таблицы `pages`
--

CREATE TABLE IF NOT EXISTS `pages` (
  `id` int(11) NOT NULL AUTO_INCREMENT,
  `url` varchar(255) NOT NULL,
  `title` varchar(255) NOT NULL,
  `content` text NOT NULL,
  `status` smallint(6) NOT NULL DEFAULT '0',
  `time_update` int(11) NOT NULL DEFAULT '0',
  PRIMARY KEY (`id`)
) ENGINE=InnoDB  DEFAULT CHARSET=utf8 AUTO_INCREMENT=3 ;

--
-- Дамп данных таблицы `pages`
--

INSERT INTO `pages` (`id`, `url`, `title`, `content`, `status`, `time_update`) VALUES
(1, 'terms_of_use', 'Правила пользования ресурсом HelpCase', 'Тут будут правила&nbsp;Тут будут правила Тут будут правила Тут будут правила Тут будут правила Тут будут правила Тут будут правила Тут будут правила Тут будут правила Тут будут правила Тут будут правила Тут будут правила Тут будут правила Тут будут правила Тут будут правила Тут будут правила Тут будут правила\r\n<ol>\r\n	<li>Тут будут правила</li>\r\n	<li>Тут будут правила</li>\r\n	<li>Тут будут правила</li>\r\n	<li>Тут будут правила</li>\r\n	<li>Тут будут правила</li>\r\n	<li>Тут будут правила</li>\r\n</ol>\r\nТут будут правила Тут будут правила Тут будут правила Тут будут правила Тут будут правила Тут будут правила Тут будут правила Тут будут правила Тут будут правила Тут будут правила Тут будут правила Тут будут правила Тут будут правила Тут будут правила Тут будут правила Тут будут правила Тут будут правила<br />\r\n<br />\r\nТут будут правила Тут будут правила Тут будут правила Тут будут правила Тут будут правила Тут будут правила Тут будут правила Тут будут правила Тут будут правила Тут будут правила Тут будут правила Тут будут правила Тут будут правила Тут будут правила Тут будут правила Тут будут правила Тут будут правила<br />\r\n<br />\r\nТут будут правила Тут будут правила Тут будут правила Тут будут правила Тут будут правила Тут будут правила Тут будут правила Тут будут правила Тут будут правила Тут будут правила Тут будут правила Тут будут правила Тут будут правила Тут будут правила Тут будут правила Тут будут правила Тут будут правила', 1, 0),
(2, 'post_rules', 'Правила публикации комментариев', 'Правила', 1, 0);

-- --------------------------------------------------------

--
-- Структура таблицы `passports`
--

CREATE TABLE IF NOT EXISTS `passports` (
  `id` int(11) NOT NULL AUTO_INCREMENT,
  `user_id` int(11) NOT NULL,
  `number` varchar(15) NOT NULL,
  `subdivision_code` varchar(10) DEFAULT '',
  `authority` varchar(255) NOT NULL DEFAULT '',
  `issue_date` int(11) NOT NULL,
  `residence_place` varchar(255) NOT NULL DEFAULT '',
  PRIMARY KEY (`id`),
  KEY `fk-passports-user_id` (`user_id`)
) ENGINE=InnoDB  DEFAULT CHARSET=utf8 AUTO_INCREMENT=2 ;

--
-- Дамп данных таблицы `passports`
--

INSERT INTO `passports` (`id`, `user_id`, `number`, `subdivision_code`, `authority`, `issue_date`, `residence_place`) VALUES
(1, 1, '665656566778687', '7867868768', '7868767887687678678678687678678687687678678', 1501534800, '87676876876876876876876786867867867867886');

-- --------------------------------------------------------

--
-- Структура таблицы `profession`
--

CREATE TABLE IF NOT EXISTS `profession` (
  `id` int(11) NOT NULL AUTO_INCREMENT,
  `name` varchar(255) NOT NULL,
  `synonyms` varchar(255) NOT NULL,
  `status` smallint(6) DEFAULT NULL,
  `time_update` int(11) DEFAULT NULL,
  PRIMARY KEY (`id`)
) ENGINE=InnoDB  DEFAULT CHARSET=utf8 AUTO_INCREMENT=467 ;

--
-- Дамп данных таблицы `profession`
--

INSERT INTO `profession` (`id`, `name`, `synonyms`, `status`, `time_update`) VALUES
(1, 'Event-менеджер', '', 1, 1494963971),
(2, 'Html-верстальщик', '', 1, 1494963971),
(3, 'IT-специалист', '', 1, 1494963971),
(4, 'Mobile-разработчик', '', 1, 1494963971),
(5, 'SMM-специалист', '', 1, 1494963971),
(6, 'Web-дизайнер', '', 1, 1494963971),
(7, 'Web-программист', '', 1, 1494963971),
(8, 'Авиационный инженер', '', 1, 1494963971),
(9, 'Авиационный техник (Авиатехник)', '', 1, 1494963971),
(10, 'Автомеханик', 'Механик', 1, 1494963971),
(11, 'Агент', 'Торговый представитель', 1, 1494963971),
(12, 'Агент коммерческий', 'Коммерческий агент, агент по сбыту', 1, 1494963971),
(13, 'Агент по сбыту энергии', '', 1, 1494963971),
(14, 'Агент рекламный', '', 1, 1494963971),
(15, 'Агроинженер', 'Агроном', 1, 1494963971),
(16, 'Агроном', '', 1, 1494963971),
(17, 'Адвокат', '', 1, 1494963971),
(18, 'Администратор', 'Менеджер', 1, 1494963971),
(19, 'Администратор базы данных', '', 1, 1494963971),
(20, 'Администратор предприятия торговли', '', 1, 1494963971),
(21, 'Администратор сайта', '', 1, 1494963971),
(22, 'Актёр', '', 1, 1494963971),
(23, 'Актёр театра и кино', '', 1, 1494963971),
(24, 'Актёр театра кукол', '', 1, 1494963971),
(25, 'Акушер', '', 1, 1494963971),
(26, 'Аллерголог', '', 1, 1494963971),
(27, 'Аналитик', '', 1, 1494963971),
(28, 'Андеррайтер', '', 1, 1494963971),
(29, 'Анестезиолог', '', 1, 1494963971),
(30, 'Аниматор', '', 1, 1494963971),
(31, 'Аппаратчик', '', 1, 1494963971),
(32, 'Аппаратчик-оператор', '', 1, 1494963971),
(33, 'Аранжировщик', '', 1, 1494963971),
(34, 'Арматурщик', '', 1, 1494963971),
(35, 'Арт-директор', '', 1, 1494963971),
(36, 'Артист', '', 1, 1494963971),
(37, 'Артист балета', '', 1, 1494963971),
(38, 'Артист оркестра (ансамбля)', '', 1, 1494963971),
(39, 'Артист хора (ансамбля)', '', 1, 1494963971),
(40, 'Артист цирка', '', 1, 1494963971),
(41, 'Артист эстрады', '', 1, 1494963971),
(42, 'Архивист', '', 1, 1494963971),
(43, 'Архитектор', '', 1, 1494963971),
(44, 'Архитектор-проектировщик', '', 1, 1494963971),
(45, 'Архитектор-реставратор', '', 1, 1494963971),
(46, 'Астроном', '', 1, 1494963971),
(47, 'Астрофизик', '', 1, 1494963971),
(48, 'Аудитор', '', 1, 1494963971),
(49, 'Банкир', '', 1, 1494963971),
(50, 'Банковский работник', '', 1, 1494963971),
(51, 'Бариста', '', 1, 1494963971),
(52, 'Бармен', '', 1, 1494963971),
(53, 'Бетонщик', '', 1, 1494963971),
(54, 'Библиограф', '', 1, 1494963971),
(55, 'Библиотекарь', '', 1, 1494963971),
(56, 'Биолог', '', 1, 1494963971),
(57, 'Бионик', '', 1, 1494963971),
(58, 'Биотехнолог', '', 1, 1494963971),
(59, 'Биофизик', '', 1, 1494963971),
(60, 'Биохимик', '', 1, 1494963971),
(61, 'Бортинженер', '', 1, 1494963971),
(62, 'Бортпроводник', '', 1, 1494963971),
(63, 'Ботаник', '', 1, 1494963971),
(64, 'Брокер', '', 1, 1494963971),
(65, 'Букмекер', '', 1, 1494963971),
(66, 'Бурильщик', '', 1, 1494963971),
(67, 'Бухгалтер', '', 1, 1494963971),
(68, 'Ведущий радио и телевидения', '', 1, 1494963971),
(69, 'Венеролог', '', 1, 1494963971),
(70, 'Верстальщик', '', 1, 1494963971),
(71, 'Ветеринар', '', 1, 1494963971),
(72, 'Ветеринарный фельдшер', '', 1, 1494963971),
(73, 'Видеооператор', '', 1, 1494963971),
(74, 'Визажист', '', 1, 1494963971),
(75, 'Винодел', '', 1, 1494963971),
(76, 'Вирусолог', '', 1, 1494963971),
(77, 'Водитель', '', 1, 1494963971),
(78, 'Водитель троллейбуса', '', 1, 1494963971),
(79, 'Водолаз', '', 1, 1494963971),
(80, 'Военнослужащий', '', 1, 1494963971),
(81, 'Военный лётчик', '', 1, 1494963971),
(82, 'Воспитатель детского сада', '', 1, 1494963971),
(83, 'Врач', '', 1, 1494963971),
(84, 'Врач-косметолог', '', 1, 1494963971),
(85, 'Врач-терапевт', '', 1, 1494963971),
(86, 'Вышивальщица', '', 1, 1494963971),
(87, 'Гастроэнтеролог', '', 1, 1494963971),
(88, 'Генетик', '', 1, 1494963971),
(89, 'Географ', '', 1, 1494963971),
(90, 'Геодезист', '', 1, 1494963971),
(91, 'Геолог', '', 1, 1494963971),
(92, 'Геофизик', '', 1, 1494963971),
(93, 'Геронтолог', '', 1, 1494963971),
(94, 'Гигиенист стоматологический', '', 1, 1494963971),
(95, 'Гид-переводчик', '', 1, 1494963971),
(96, 'Гид-экскурсовод', '', 1, 1494963971),
(97, 'Горный инженер', '', 1, 1494963971),
(98, 'Государственный служащий', '', 1, 1494963971),
(99, 'Девелопер', '', 1, 1494963971),
(100, 'Дегустатор', '', 1, 1494963971),
(101, 'Декоратор', '', 1, 1494963971),
(102, 'Делопроизводитель', '', 1, 1494963971),
(103, 'Диджей (DJ)', '', 1, 1494963971),
(104, 'Диетолог', '', 1, 1494963971),
(105, 'Дизайнер', '', 1, 1494963971),
(106, 'Дизайнер интерьера', '', 1, 1494963971),
(107, 'Дизайнер ландшафта', '', 1, 1494963971),
(108, 'Дизайнер одежды', '', 1, 1494963971),
(109, 'Дизайнер рекламных агентств', '', 1, 1494963971),
(110, 'Диктор', '', 1, 1494963971),
(111, 'Дипломат', '', 1, 1494963971),
(112, 'Директор по маркетингу', '', 1, 1494963971),
(113, 'Дирижер', '', 1, 1494963971),
(114, 'Диспетчер', '', 1, 1494963971),
(115, 'Диспетчер управления воздушным движением', '', 1, 1494963971),
(116, 'Документовед', '', 1, 1494963971),
(117, 'Дорожный рабочий', '', 1, 1494963971),
(118, 'Драматург', '', 1, 1494963971),
(119, 'Дрессировщик', '', 1, 1494963971),
(120, 'Животновод', '', 1, 1494963971),
(121, 'Журналист', '', 1, 1494963971),
(122, 'Звукорежиссер', '', 1, 1494963971),
(123, 'Землеустроитель', '', 1, 1494963971),
(124, 'Зоолог', '', 1, 1494963971),
(125, 'Зубной техник', '', 1, 1494963971),
(126, 'Иконописец', '', 1, 1494963971),
(127, 'Имиджмейкер', '', 1, 1494963971),
(128, 'Иммунолог', '', 1, 1494963971),
(129, 'Инженер', '', 1, 1494963971),
(130, 'Инженер бюро технической инвентаризации', '', 1, 1494963971),
(131, 'Инженер на предприятиях сервисного обслуживания медицинской техники', '', 1, 1494963971),
(132, 'Инженер по автоматизации и механизации производственных процессов', '', 1, 1494963971),
(133, 'Инженер по землеустройству', '', 1, 1494963971),
(134, 'Инженер по организации перевозок и управлению на транспорте', '', 1, 1494963971),
(135, 'Инженер по охране труда', '', 1, 1494963971),
(136, 'Инженер связи', '', 1, 1494963971),
(137, 'Инженер сети', '', 1, 1494963971),
(138, 'Инженер-испытатель', '', 1, 1494963971),
(139, 'Инженер-конструктор', '', 1, 1494963971),
(140, 'Инженер-проектировщик', '', 1, 1494963971),
(141, 'Инженер-строитель', '', 1, 1494963971),
(142, 'Инженер-технолог', '', 1, 1494963971),
(143, 'Инкассатор', '', 1, 1494963971),
(144, 'Инспектор ГИБДД', '', 1, 1494963971),
(145, 'Инспектор отдела по делам несовершеннолетних', '', 1, 1494963971),
(146, 'Инструктор по вождению автомобиля', '', 1, 1494963971),
(147, 'Инструктор по фитнесу', '', 1, 1494963971),
(148, 'Искусствовед', '', 1, 1494963971),
(149, 'Исследователь', '', 1, 1494963971),
(150, 'Историк', '', 1, 1494963971),
(151, 'Калькулятор', '', 1, 1494963971),
(152, 'Каменщик', '', 1, 1494963971),
(153, 'Картограф', '', 1, 1494963971),
(154, 'Каскадер', '', 1, 1494963971),
(155, 'Кассир', '', 1, 1494963971),
(156, 'Кинолог', '', 1, 1494963971),
(157, 'Киномеханик', '', 1, 1494963971),
(158, 'Клинический психолог', '', 1, 1494963971),
(159, 'Коммерческий директор', '', 1, 1494963971),
(160, 'Композитор', '', 1, 1494963971),
(161, 'Кондитер', '', 1, 1494963971),
(162, 'Консультант', '', 1, 1494963971),
(163, 'Контент-менеджер', '', 1, 1494963971),
(164, 'Контролёр', '', 1, 1494963971),
(165, 'Контролер производства', '', 1, 1494963971),
(166, 'Концертмейстер', '', 1, 1494963971),
(167, 'Копирайтер', '', 1, 1494963971),
(168, 'Корректор', '', 1, 1494963971),
(169, 'Коррекционный педагог', '', 1, 1494963971),
(170, 'Корреспондент', '', 1, 1494963971),
(171, 'Косметик', '', 1, 1494963971),
(172, 'Космонавт', '', 1, 1494963971),
(173, 'Костюмер', '', 1, 1494963971),
(174, 'Кредитный консультант', '', 1, 1494963971),
(175, 'Крепильщик', '', 1, 1494963971),
(176, 'Критик', '', 1, 1494963971),
(177, 'Кузнец', '', 1, 1494963971),
(178, 'Культуролог', '', 1, 1494963971),
(179, 'Лаборант', '', 1, 1494963971),
(180, 'Лаборант химического анализа', '', 1, 1494963971),
(181, 'Лингвист', '', 1, 1494963971),
(182, 'Литейщик', '', 1, 1494963971),
(183, 'Литейщик цветных металлов', '', 1, 1494963971),
(184, 'Лоббист', '', 1, 1494963971),
(185, 'Логист', '', 1, 1494963971),
(186, 'Логопед', '', 1, 1494963971),
(187, 'Макетчик', '', 1, 1494963971),
(188, 'Маклер', '', 1, 1494963971),
(189, 'Маляр', '', 1, 1494963971),
(190, 'Маркетолог', '', 1, 1494963971),
(191, 'Массажист', '', 1, 1494963971),
(192, 'Мастер по ремонту и техническому обслуживанию машинно-тракторного парка', '', 1, 1494963971),
(193, 'Мастер сельскохозяйственного производства', '', 1, 1494963971),
(194, 'Мастер столярно-плотничных и паркетных работ', '', 1, 1494963971),
(195, 'Мастер участка', '', 1, 1494963971),
(196, 'Мастер-оптик', '', 1, 1494963971),
(197, 'Математик', '', 1, 1494963971),
(198, 'Матрос', '', 1, 1494963971),
(199, 'Машинист (кочегар) котельной', '', 1, 1494963971),
(200, 'Машинист вибродоставочной погрузочной установки', '', 1, 1494963971),
(201, 'Машинист компрессорных установок', '', 1, 1494963971),
(202, 'Машинист скреперной установки', '', 1, 1494963971),
(203, 'Машинист топливоподачи', '', 1, 1494963971),
(204, 'Медиа-байер', '', 1, 1494963971),
(205, 'Медиапланер', '', 1, 1494963971),
(206, 'Медицинская сестра (Медсестра)', '', 1, 1494963971),
(207, 'Медицинская сестра стоматологического отделения', '', 1, 1494963971),
(208, 'Медицинский лабораторный техник', '', 1, 1494963971),
(209, 'Медицинский представитель', '', 1, 1494963971),
(210, 'Медицинский технолог', '', 1, 1494963971),
(211, 'Международник', '', 1, 1494963971),
(212, 'Менеджер', '', 1, 1494963971),
(213, 'Менеджер отдела информационных технологий', '', 1, 1494963971),
(214, 'Менеджер по PR', '', 1, 1494963971),
(215, 'Менеджер по R and D', '', 1, 1494963971),
(216, 'Менеджер по внешнеэкономической деятельности', '', 1, 1494963971),
(217, 'Менеджер по вопросам кредитования и дебиторской задолженности', '', 1, 1494963971),
(218, 'Менеджер по закупкам', '', 1, 1494963971),
(219, 'Менеджер по маркетингу', '', 1, 1494963971),
(220, 'Менеджер по оценкам рисков', '', 1, 1494963971),
(221, 'Менеджер по персоналу', '', 1, 1494963971),
(222, 'Менеджер по продажам', '', 1, 1494963971),
(223, 'Менеджер по продажам холодильного оборудования', '', 1, 1494963971),
(224, 'Менеджер по продукту', '', 1, 1494963971),
(225, 'Менеджер по работе с клиентами', '', 1, 1494963971),
(226, 'Менеджер по работе с таможней', '', 1, 1494963971),
(227, 'Менеджер по развитию территории', '', 1, 1494963971),
(228, 'Менеджер по рекламе', '', 1, 1494963971),
(229, 'Менеджер по туризму', '', 1, 1494963971),
(230, 'Мерчендайзер', '', 1, 1494963971),
(231, 'Метеоролог', '', 1, 1494963971),
(232, 'Методист', '', 1, 1494963971),
(233, 'Метрдотель', '', 1, 1494963971),
(234, 'Метролог', '', 1, 1494963971),
(235, 'Механик', '', 1, 1494963971),
(236, 'Механик по ремонту и обслуживанию автомобилей и двигателей', '', 1, 1494963971),
(237, 'Микробиолог', '', 1, 1494963971),
(238, 'Модельер-конструктор', '', 1, 1494963971),
(239, 'Модистка', '', 1, 1494963971),
(240, 'Монтажер телерадиовещательных компаний', '', 1, 1494963971),
(241, 'Монтажник', '', 1, 1494963971),
(242, 'Монтажник кондиционеров и систем вентиляции', '', 1, 1494963971),
(243, 'Монтажник санитарно-технических устройств и оборудования', '', 1, 1494963971),
(244, 'Монтажник связи', '', 1, 1494963971),
(245, 'Монтажник технологического оборудования', '', 1, 1494963971),
(246, 'Моторист-рулевой', '', 1, 1494963971),
(247, 'Музейный работник', '', 1, 1494963971),
(248, 'Музыкант', '', 1, 1494963971),
(249, 'Наладчик КИПиА', '', 1, 1494963971),
(250, 'Наладчик контрольно-измерительных приборов и автоматики', '', 1, 1494963971),
(251, 'Налоговый инспектор', '', 1, 1494963971),
(252, 'Нанотехнолог', '', 1, 1494963971),
(253, 'Начальник отдела персонала', '', 1, 1494963971),
(254, 'Неонатолог', '', 1, 1494963971),
(255, 'Нефролог', '', 1, 1494963971),
(256, 'Нотариус', '', 1, 1494963971),
(257, 'Облицовщик-плиточник', '', 1, 1494963971),
(258, 'Обогатитель полезных ископаемых', '', 1, 1494963971),
(259, 'Обувщик', '', 1, 1494963971),
(260, 'Овощевод', '', 1, 1494963971),
(261, 'Озеленитель', '', 1, 1494963971),
(262, 'Оператор в производстве химических волокон', '', 1, 1494963971),
(263, 'Оператор пейджинговой связи', '', 1, 1494963971),
(264, 'Оператор поста управления', '', 1, 1494963971),
(265, 'Оператор ЭВМ', '', 1, 1494963971),
(266, 'Оперный певец', '', 1, 1494963971),
(267, 'Оптик', '', 1, 1494963971),
(268, 'Оптометрист', '', 1, 1494963971),
(269, 'Организатор досуга', '', 1, 1494963971),
(270, 'Ортодонт', '', 1, 1494963971),
(271, 'Ортопед', '', 1, 1494963971),
(272, 'Отделочник изделий из древесины', '', 1, 1494963971),
(273, 'Отоларинголог', '', 1, 1494963971),
(274, 'Официант', '', 1, 1494963971),
(275, 'Офтальмолог', '', 1, 1494963971),
(276, 'Охотник', '', 1, 1494963971),
(277, 'Оценщик', '', 1, 1494963971),
(278, 'Палеонтолог', '', 1, 1494963971),
(279, 'Парикмахер', '', 1, 1494963971),
(280, 'Пародонтолог', '', 1, 1494963971),
(281, 'Патологоанатом', '', 1, 1494963971),
(282, 'Певец', '', 1, 1494963971),
(283, 'Педагог', '', 1, 1494963971),
(284, 'Педагог-организатор кружка', '', 1, 1494963971),
(285, 'Педиатр', '', 1, 1494963971),
(286, 'Пекарь', '', 1, 1494963971),
(287, 'Переводчик', '', 1, 1494963971),
(288, 'Печатник', '', 1, 1494963971),
(289, 'Пилот', '', 1, 1494963971),
(290, 'Плавильщик ферросплавов', '', 1, 1494963971),
(291, 'Повар', '', 1, 1494963971),
(292, 'Пожарный', '', 1, 1494963971),
(293, 'Политолог', '', 1, 1494963971),
(294, 'Полицейский', '', 1, 1494963971),
(295, 'Помощник руководителя/Секретарь/Офис-менеджер', '', 1, 1494963971),
(296, 'Правовед', '', 1, 1494963971),
(297, 'Преподаватель', '', 1, 1494963971),
(298, 'Пресс-секретарь', '', 1, 1494963971),
(299, 'Провизор', '', 1, 1494963971),
(300, 'Проводник вагона поезда', '', 1, 1494963971),
(301, 'Программист', '', 1, 1494963971),
(302, 'Программист-разработчик', '', 1, 1494963971),
(303, 'Продавец', '', 1, 1494963971),
(304, 'Продюсер', '', 1, 1494963971),
(305, 'Прокурор', '', 1, 1494963971),
(306, 'Промоутер', '', 1, 1494963971),
(307, 'Проходчик', '', 1, 1494963971),
(308, 'Психолог', '', 1, 1494963971),
(309, 'Психолог в школе', '', 1, 1494963971),
(310, 'Пульмонолог', '', 1, 1494963971),
(311, 'Радиомонтажник', '', 1, 1494963971),
(312, 'Радиотехник', '', 1, 1494963971),
(313, 'Радиофизик', '', 1, 1494963971),
(314, 'Раскройщик обуви', '', 1, 1494963971),
(315, 'Растениевод', '', 1, 1494963971),
(316, 'Реаниматолог', '', 1, 1494963971),
(317, 'Регионовед', '', 1, 1494963971),
(318, 'Редактор', '', 1, 1494963971),
(319, 'Режиссер', '', 1, 1494963971),
(320, 'Рекрутер', '', 1, 1494963971),
(321, 'Ремонтник горного оборудования', '', 1, 1494963971),
(322, 'Рентгенолог', '', 1, 1494963971),
(323, 'Реставратор', '', 1, 1494963971),
(324, 'Референт', '', 1, 1494963971),
(325, 'Риэлтор', '', 1, 1494963971),
(326, 'Руководитель', '', 1, 1494963971),
(327, 'Рыболов', '', 1, 1494963971),
(328, 'Садовник', '', 1, 1494963971),
(329, 'Сборщик', '', 1, 1494963971),
(330, 'Сварщик', '', 1, 1494963971),
(331, 'Сварщик-жестянщик', '', 1, 1494963971),
(332, 'Светотехник', '', 1, 1494963971),
(333, 'Связист', '', 1, 1494963971),
(334, 'Сервейер', '', 1, 1494963971),
(335, 'Системный администратор', '', 1, 1494963971),
(336, 'Системный программист', '', 1, 1494963971),
(337, 'Скульптор', '', 1, 1494963971),
(338, 'Следователь', '', 1, 1494963971),
(339, 'Слесарь', '', 1, 1494963971),
(340, 'Слесарь механосборочных работ', '', 1, 1494963971),
(341, 'Слесарь-ремонтник', '', 1, 1494963971),
(342, 'Сомелье', '', 1, 1494963971),
(343, 'Сотрудник таможни', '', 1, 1494963971),
(344, 'Социальный педагог в школе', '', 1, 1494963971),
(345, 'Социальный работник', '', 1, 1494963971),
(346, 'Социолог', '', 1, 1494963971),
(347, 'Спасатель', '', 1, 1494963971),
(348, 'Специалист бэк-офиса', '', 1, 1494963971),
(349, 'Специалист организационно-правовой защиты информации', '', 1, 1494963971),
(350, 'Специалист отдела кадрового делопроизводства', '', 1, 1494963971),
(351, 'Специалист отдела кредитования', '', 1, 1494963971),
(352, 'Специалист по государственному и муниципальному управлению', '', 1, 1494963971),
(353, 'Специалист по монолиту', '', 1, 1494963971),
(354, 'Специалист по мясопереработке', '', 1, 1494963971),
(355, 'Специалист по недвижимости', '', 1, 1494963971),
(356, 'Специалист по облицовочным работам', '', 1, 1494963971),
(357, 'Специалист по обслуживанию систем кондиционирования воздуха', '', 1, 1494963971),
(358, 'Специалист по обслуживанию холодильно-компрессорных машин и установок', '', 1, 1494963971),
(359, 'Специалист по отделочным работам', '', 1, 1494963971),
(360, 'Специалист по рекламе', '', 1, 1494963971),
(361, 'Специалист по сервису на транспорте', '', 1, 1494963971),
(362, 'Специалист по системам безопасности', '', 1, 1494963971),
(363, 'Специалист по стандартизации', '', 1, 1494963971),
(364, 'Специалист по управлению персоналом', '', 1, 1494963971),
(365, 'Специалист по учету недвижимости', '', 1, 1494963971),
(366, 'Специалист по эксплуатации', '', 1, 1494963971),
(367, 'Специалист программно-аппаратной защиты информации', '', 1, 1494963971),
(368, 'Специалист службы занятости', '', 1, 1494963971),
(369, 'Специалист страхового дела', '', 1, 1494963971),
(370, 'Специалист технической поддержки', '', 1, 1494963971),
(371, 'Спортивный врач', '', 1, 1494963971),
(372, 'Сталевар', '', 1, 1494963971),
(373, 'Станочник', '', 1, 1494963971),
(374, 'Станочник в деревообработке', '', 1, 1494963971),
(375, 'Стендист', '', 1, 1494963971),
(376, 'Стилист', '', 1, 1494963971),
(377, 'Стоматолог', '', 1, 1494963971),
(378, 'Страховой агент', '', 1, 1494963971),
(379, 'Строитель', '', 1, 1494963971),
(380, 'Судебный пристав', '', 1, 1494963971),
(381, 'Судебный эксперт', '', 1, 1494963971),
(382, 'Судья', '', 1, 1494963971),
(383, 'Супервайзер', '', 1, 1494963971),
(384, 'Сурдопереводчик', '', 1, 1494963971),
(385, 'Телеграфист', '', 1, 1494963971),
(386, 'Теолог', '', 1, 1494963971),
(387, 'Тестер', '', 1, 1494963971),
(388, 'Техник', '', 1, 1494963971),
(389, 'Техник в региональных системах товародвижения и перевозки пассажиров', '', 1, 1494963971),
(390, 'Техник по монтажу и эксплуатации оборудования и систем газоснабжения', '', 1, 1494963971),
(391, 'Техник по обслуживанию, эксплуатации, ремонту, наладке и испытаниям электрооборудования электрических станций, сетей и систем', '', 1, 1494963971),
(392, 'Техник по разработке и сопровождению программного обеспечения', '', 1, 1494963971),
(393, 'Техник по строительству и эксплуатации автомобильных дорог, аэродромов и искусственных сооружений', '', 1, 1494963971),
(394, 'Техник по строительству и эксплуатации мостов', '', 1, 1494963971),
(395, 'Техник службы безопасности движения', '', 1, 1494963971),
(396, 'Технический редактор', '', 1, 1494963971),
(397, 'Технолог', '', 1, 1494963971),
(398, 'Технолог ателье', '', 1, 1494963971),
(399, 'Технолог деревообрабатывающего производства', '', 1, 1494963971),
(400, 'Технолог легкой промышленности', '', 1, 1494963971),
(401, 'Технолог металлургического производства', '', 1, 1494963971),
(402, 'Технолог общественного питания', '', 1, 1494963971),
(403, 'Технолог пищевого производства', '', 1, 1494963971),
(404, 'Технолог по нефтепереработке', '', 1, 1494963971),
(405, 'Технолог полиграфического производства', '', 1, 1494963971),
(406, 'Технолог сельскохозяйственного производства', '', 1, 1494963971),
(407, 'Ткач', '', 1, 1494963971),
(408, 'Товаровед', '', 1, 1494963971),
(409, 'Токарь', '', 1, 1494963971),
(410, 'Торговый представитель', '', 1, 1494963971),
(411, 'Тракторист-машинист сельскохозяйственного производства', '', 1, 1494963971),
(412, 'Трафик-менеджер', '', 1, 1494963971),
(413, 'Трейдер', '', 1, 1494963971),
(414, 'Тренер', '', 1, 1494963971),
(415, 'Тренер спортивной команды', '', 1, 1494963971),
(416, 'Тренинг-менеджер', '', 1, 1494963971),
(417, 'Трудовой инспектор', '', 1, 1494963971),
(418, 'Туроператор', '', 1, 1494963971),
(419, 'Учитель', '', 1, 1494963971),
(420, 'Учитель биологии', '', 1, 1494963971),
(421, 'Учитель географии', '', 1, 1494963971),
(422, 'Учитель музыки', '', 1, 1494963971),
(423, 'Учитель начальных классов', '', 1, 1494963971),
(424, 'Учитель физической культуры', '', 1, 1494963971),
(425, 'Фармацевт', '', 1, 1494963971),
(426, 'Фельдшер', '', 1, 1494963971),
(427, 'Физик', '', 1, 1494963971),
(428, 'Филолог', '', 1, 1494963971),
(429, 'Финансовый менеджер', '', 1, 1494963971),
(430, 'Флорист', '', 1, 1494963971),
(431, 'Фотограф', '', 1, 1494963971),
(432, 'Фрезеровщик', '', 1, 1494963971),
(433, 'Химик', '', 1, 1494963971),
(434, 'Химик-технолог', '', 1, 1494963971),
(435, 'Хирург', '', 1, 1494963971),
(436, 'Хореограф', '', 1, 1494963971),
(437, 'Хормейстер (дирижер хора)', '', 1, 1494963971),
(438, 'Художественный редактор', '', 1, 1494963971),
(439, 'Художник', '', 1, 1494963971),
(440, 'Художник-живописец', '', 1, 1494963971),
(441, 'Цветовод', '', 1, 1494963971),
(442, 'Частный детектив', '', 1, 1494963971),
(443, 'Шахтёр', '', 1, 1494963971),
(444, 'Швея', '', 1, 1494963971),
(445, 'Шоколатье', '', 1, 1494963971),
(446, 'Штукатур-маляр', '', 1, 1494963971),
(447, 'Эколог', '', 1, 1494963971),
(448, 'Экономист', '', 1, 1494963971),
(449, 'Экскурсовод', '', 1, 1494963971),
(450, 'Экспедитор', '', 1, 1494963971),
(451, 'Эксперт', '', 1, 1494963971),
(452, 'Электрик', '', 1, 1494963971),
(453, 'Электрогазосварщик', '', 1, 1494963971),
(454, 'Электролизник расплавленных солей', '', 1, 1494963971),
(455, 'Электромонтажник', '', 1, 1494963971),
(456, 'Электромонтер', '', 1, 1494963971),
(457, 'Электромонтер по релейной защите', '', 1, 1494963971),
(458, 'Электроник', '', 1, 1494963971),
(459, 'Электросварщик', '', 1, 1494963971),
(460, 'Эндокринолог', '', 1, 1494963971),
(461, 'Энергетик', '', 1, 1494963971),
(462, 'Эргономист', '', 1, 1494963971),
(463, 'Этнограф', '', 1, 1494963971),
(464, 'Ювелир', '', 1, 1494963971),
(465, 'Юрисконсульт', '', 1, 1494963971),
(466, 'Юрист', '', 1, 1494963971);

-- --------------------------------------------------------

--
-- Структура таблицы `questions`
--

CREATE TABLE IF NOT EXISTS `questions` (
  `id` int(11) NOT NULL AUTO_INCREMENT,
  `name` varchar(255) NOT NULL DEFAULT '',
  `full_desc` text NOT NULL,
  `did_help` int(11) NOT NULL DEFAULT '0',
  `time_create` int(11) DEFAULT NULL,
  `time_update` int(11) DEFAULT NULL,
  `status` int(11) NOT NULL DEFAULT '0',
  `not_help` int(11) DEFAULT NULL,
  PRIMARY KEY (`id`)
) ENGINE=InnoDB  DEFAULT CHARSET=utf8 AUTO_INCREMENT=3 ;

--
-- Дамп данных таблицы `questions`
--

INSERT INTO `questions` (`id`, `name`, `full_desc`, `did_help`, `time_create`, `time_update`, `status`, `not_help`) VALUES
(1, 'Как зарегистрироваться на ресурсе?', 'Для того, чтобы зарегистрироваться на ресурсе, необходимо выполнить следующие действитя:\r\n<ol>\r\n	<li>Перейдите на <a href="/account/signup">страницу регистрации</a>&nbsp;и введите там Ваш email*.</li>\r\n	<li>Вы получите сообщение в котором Вам необходимо перейти по ссылке для активации</li>\r\n	<li>После того, как вернетесь к сайту, заполните обязательные данные:&nbsp;фио, логин, пароль.</li>\r\n	<li>Затем Вы попадете в свой личный кабинет, где можно произвести все необходимые настройки.&nbsp;</li>\r\n</ol>\r\n\r\n<hr /><em><span style="font-size:14px;"><span style="color:#777777;">*Что если я введу email не существующий?<br />\r\n- В случае если email будет не существующий, Вы не получите ссылку активации и не сможете войти.</span></span></em>', 12, 31, 1499715586, 1, NULL),
(2, 'Как разместить на сайте кейс', 'Для размещения кейса, Вам необходимо:<br />\r\n1) Быть зарегистрированным как специалист ресурса.<br />\r\nЕсли Вы еще не зарегистрированы, пройдите по этой ссылке и зарегистрируйтесь, после чего подайте заявку на получение статуса по этой ссылке....<br />\r\n2)<br />\r\n3)<br />\r\n4) .....', 0, 1500222517, 1500222517, 1, NULL);

-- --------------------------------------------------------

--
-- Структура таблицы `regions`
--

CREATE TABLE IF NOT EXISTS `regions` (
  `id` int(11) NOT NULL AUTO_INCREMENT,
  `country_id` int(11) DEFAULT NULL,
  `name` varchar(255) NOT NULL,
  `status` smallint(6) DEFAULT NULL,
  `time_update` int(11) DEFAULT NULL,
  `code` varchar(255) DEFAULT NULL,
  `order` int(11) DEFAULT NULL,
  PRIMARY KEY (`id`)
) ENGINE=InnoDB  DEFAULT CHARSET=utf8 AUTO_INCREMENT=100 ;

--
-- Дамп данных таблицы `regions`
--

INSERT INTO `regions` (`id`, `country_id`, `name`, `status`, `time_update`, `code`, `order`) VALUES
(1, 1, 'Республика Адыгея (Адыгея)', 1, 493060086, '1', 0),
(2, 1, 'Республика Башкортостан', 1, 493060086, '2', 0),
(3, 1, 'Республика Бурятия', 1, 493060086, '3', 0),
(4, 1, 'Республика Алтай', 1, 493060086, '4', 0),
(5, 1, 'Республика Дагестан', 1, 493060086, '5', 0),
(6, 1, 'Республика Ингушетия', 1, 493060086, '6', 0),
(7, 1, 'Кабардино-Балкарская Республика', 1, 493060086, '7', 0),
(8, 1, 'Республика Калмыкия', 1, 493060086, '8', 0),
(9, 1, 'Карачаево-Черкесская Республика', 1, 493060086, '9', 0),
(10, 1, 'Республика Карелия', 1, 493060086, '10', 0),
(11, 1, 'Республика Коми', 1, 493060086, '11', 0),
(12, 1, 'Республика Марий Эл', 1, 493060086, '12', 0),
(13, 1, 'Республика Мордовия', 1, 493060086, '13', 0),
(14, 1, 'Республика Саха (Якутия)', 1, 493060086, '14', 0),
(15, 1, 'Республика Северная Осетия - Алания', 1, 493060086, '15', 0),
(16, 1, 'Республика Татарстан (Татарстан)', 1, 493060086, '16', 0),
(17, 1, 'Республика Тыва', 1, 493060086, '17', 0),
(18, 1, 'Удмуртская Республика', 1, 493060086, '18', 0),
(19, 1, 'Республика Хакасия', 1, 493060086, '19', 0),
(20, 1, 'Чеченская Республика', 1, 493060086, '20', 0),
(21, 1, 'Чувашская Республика - Чувашия', 1, 493060086, '21', 0),
(22, 1, 'Алтайский край', 1, 493060086, '22', 0),
(23, 1, 'Краснодарский край', 1, 493060086, '23', 0),
(24, 1, 'Красноярский край', 1, 493060086, '24', 0),
(25, 1, 'Приморский край', 1, 493060086, '25', 0),
(26, 1, 'Ставропольский край', 1, 493060086, '26', 0),
(27, 1, 'Хабаровский край', 1, 493060086, '27', 0),
(28, 1, 'Амурская область', 1, 493060086, '28', 0),
(29, 1, 'Архангельская область', 1, 493060086, '29', 0),
(30, 1, 'Астраханская область', 1, 493060086, '30', 0),
(31, 1, 'Белгородская область', 1, 493060086, '31', 0),
(32, 1, 'Брянская область', 1, 493060086, '32', 0),
(33, 1, 'Владимирская область', 1, 493060086, '33', 0),
(34, 1, 'Волгоградская область', 1, 493060086, '34', 0),
(35, 1, 'Вологодская область', 1, 493060086, '35', 0),
(36, 1, 'Воронежская область', 1, 493060086, '36', 0),
(37, 1, 'Ивановская область', 1, 493060086, '37', 0),
(38, 1, 'Иркутская область', 1, 493060086, '38', 0),
(39, 1, 'Калининградская область', 1, 493060086, '39', 0),
(40, 1, 'Калужская область', 1, 493060086, '40', 0),
(41, 1, 'Камчатский край', 1, 493060086, '41', 0),
(42, 1, 'Кемеровская область', 1, 493060086, '42', 0),
(43, 1, 'Кировская область', 1, 493060086, '43', 0),
(44, 1, 'Костромская область', 1, 493060086, '44', 0),
(45, 1, 'Курганская область', 1, 493060086, '45', 0),
(46, 1, 'Курская область', 1, 493060086, '46', 0),
(47, 1, 'Ленинградская область', 1, 493060086, '47', 0),
(48, 1, 'Липецкая область', 1, 493060086, '48', 0),
(49, 1, 'Магаданская область', 1, 493060086, '49', 0),
(50, 1, 'Московская область', 1, 493060086, '50', 0),
(51, 1, 'Мурманская область', 1, 493060086, '51', 0),
(52, 1, 'Нижегородская область', 1, 493060086, '52', 0),
(53, 1, 'Новгородская область', 1, 493060086, '53', 0),
(54, 1, 'Новосибирская область', 1, 493060086, '54', 0),
(55, 1, 'Омская область', 1, 493060086, '55', 0),
(56, 1, 'Оренбургская область', 1, 493060086, '56', 0),
(57, 1, 'Орловская область', 1, 493060086, '57', 0),
(58, 1, 'Пензенская область', 1, 493060086, '58', 0),
(59, 1, 'Пермский край', 1, 493060086, '59', 0),
(60, 1, 'Псковская область', 1, 493060086, '60', 0),
(61, 1, 'Ростовская область', 1, 493060086, '61', 0),
(62, 1, 'Рязанская область', 1, 493060086, '62', 0),
(63, 1, 'Самарская область', 1, 493060086, '63', 0),
(64, 1, 'Саратовская область', 1, 493060086, '64', 0),
(65, 1, 'Сахалинская область', 1, 493060086, '65', 0),
(66, 1, 'Свердловская область', 1, 493060086, '66', 0),
(67, 1, 'Смоленская область', 1, 493060086, '67', 0),
(68, 1, 'Тамбовская область', 1, 493060086, '68', 0),
(69, 1, 'Тверская область', 1, 493060086, '69', 0),
(70, 1, 'Томская область', 1, 493060086, '70', 0),
(71, 1, 'Тульская область', 1, 493060086, '71', 0),
(72, 1, 'Тюменская область', 1, 493060086, '72', 0),
(73, 1, 'Ульяновская область', 1, 493060086, '73', 0),
(74, 1, 'Челябинская область', 1, 493060086, '74', 0),
(75, 1, 'Забайкальский край', 1, 493060086, '75', 0),
(76, 1, 'Ярославская область', 1, 493060086, '76', 0),
(77, 1, 'Москва', 1, 1501184349, '77', 0),
(78, 1, 'Санкт-Петербург', 1, 493060086, '78', 0),
(79, 1, 'Еврейская автономная область', 1, 493060086, '79', 0),
(83, 1, 'Ненецкий автономный округ', 1, 493060086, '83', 0),
(86, 1, 'Ханты-Мансийский автономный округ - Югра', 1, 493060086, '86', 0),
(87, 1, 'Чукотский автономный округ', 1, 493060086, '87', 0),
(89, 1, 'Ямало-Ненецкий автономный округ', 1, 493060086, '89', 0),
(91, 1, 'Республика Крым', 1, 493060086, '91', 0),
(92, 1, 'Севастополь', 1, 493060086, '92', 0),
(99, 1, 'Иные территории, включая город и космодром Байконур', 1, 493060086, '99', 0);

-- --------------------------------------------------------

--
-- Структура таблицы `registration_first_step`
--

CREATE TABLE IF NOT EXISTS `registration_first_step` (
  `id` int(11) NOT NULL AUTO_INCREMENT,
  `email` varchar(255) NOT NULL,
  `token` varchar(255) NOT NULL,
  `expiration_time` int(11) DEFAULT NULL,
  PRIMARY KEY (`id`),
  UNIQUE KEY `token` (`token`),
  KEY `expiration_time` (`expiration_time`)
) ENGINE=InnoDB  DEFAULT CHARSET=utf8 AUTO_INCREMENT=13 ;

--
-- Дамп данных таблицы `registration_first_step`
--

INSERT INTO `registration_first_step` (`id`, `email`, `token`, `expiration_time`) VALUES
(3, 'blank89219097779@gmail.com', '33c80dd4e2a153ace15fd72aee1c37ffbc4542d2cc5a05149c1d6c707c6f1a2af110156a606381ed', 1500651779),
(5, 'evgeny@blank.fm', '6c2c341ded51281bfedd5b87d285b08cfa2c59561d86b7644e50d49efd0704231c23b305e6745134', 1503641102),
(9, 'Evgenii.Rogozhuk@caseis.com', 'e338e9fecce53782f958ac8ffc58340a32508e3fc4a027f76f8eac11c50dd00a804ffe1ef4eaa035', 1503657313),
(10, 'caseis@ya.ru', '4d5c0610a56f9fd316fd3c465e688c98e4098538a633d68215d1d210ebff5e015ebd8af3fd90e02f', 1503657474),
(11, 'resmedia@icloud.com', 'bc4411740dd126d5fca678c1faf68eb9ffa64dbdf71c1af15c9f808a6d1568dbb959dd3ab8fea13c', 1503657867);

-- --------------------------------------------------------

--
-- Структура таблицы `roles`
--

CREATE TABLE IF NOT EXISTS `roles` (
  `id` int(11) NOT NULL AUTO_INCREMENT,
  `name` varchar(255) NOT NULL,
  `status` smallint(6) DEFAULT NULL,
  `time_update` int(11) DEFAULT NULL,
  PRIMARY KEY (`id`)
) ENGINE=InnoDB  DEFAULT CHARSET=utf8 AUTO_INCREMENT=17 ;

--
-- Дамп данных таблицы `roles`
--

INSERT INTO `roles` (`id`, `name`, `status`, `time_update`) VALUES
(1, 'официальный опекун', 0, 1495706567),
(2, 'ответчик', 0, 1495706580),
(3, 'потерпевшая сторона', 0, 1495706573),
(4, 'гражданин РФ', 0, 1495706587),
(5, 'законный представитель несовершеннолетнего', 0, 1495706561),
(6, 'налогоплательщик', 0, 1495706613),
(7, 'специалист HelpCase', 0, 1495706594),
(8, 'пострадавший', 0, 1495706620),
(9, 'укушенный', 0, 1495620168),
(10, 'ученик школы', 0, 1495705031),
(12, 'пользователь', NULL, 1501067621),
(13, 'водитель', NULL, 1501670988),
(16, 'Турист', NULL, 1502184816);

-- --------------------------------------------------------

--
-- Структура таблицы `sections`
--

CREATE TABLE IF NOT EXISTS `sections` (
  `id` int(11) NOT NULL AUTO_INCREMENT,
  `module` varchar(255) DEFAULT NULL,
  `controller` varchar(255) NOT NULL,
  `action` varchar(255) NOT NULL,
  `name` varchar(255) NOT NULL,
  `url` varchar(255) NOT NULL,
  `status` smallint(6) NOT NULL DEFAULT '0',
  `time_update` int(11) DEFAULT NULL,
  PRIMARY KEY (`id`)
) ENGINE=InnoDB DEFAULT CHARSET=utf8 AUTO_INCREMENT=1 ;

-- --------------------------------------------------------

--
-- Структура таблицы `settings`
--

CREATE TABLE IF NOT EXISTS `settings` (
  `id` int(11) NOT NULL AUTO_INCREMENT,
  `module_id` varchar(255) NOT NULL,
  `code` varchar(255) NOT NULL,
  `name` varchar(255) NOT NULL,
  `value` text NOT NULL,
  `element` varchar(255) NOT NULL,
  `hidden` smallint(6) NOT NULL DEFAULT '0',
  PRIMARY KEY (`id`)
) ENGINE=InnoDB DEFAULT CHARSET=utf8 AUTO_INCREMENT=1 ;

-- --------------------------------------------------------

--
-- Структура таблицы `situations`
--

CREATE TABLE IF NOT EXISTS `situations` (
  `id` int(11) NOT NULL AUTO_INCREMENT,
  `name` varchar(255) NOT NULL,
  `status` smallint(6) DEFAULT NULL,
  `time_update` int(11) DEFAULT NULL,
  PRIMARY KEY (`id`)
) ENGINE=InnoDB  DEFAULT CHARSET=utf8 AUTO_INCREMENT=22 ;

--
-- Дамп данных таблицы `situations`
--

INSERT INTO `situations` (`id`, `name`, `status`, `time_update`) VALUES
(1, 'Укусил клещ', 0, 0),
(2, 'Гражданин РФ хочет стать индивидуальным предпринимателем', 0, 0),
(3, 'Соседи залили квартиру', 0, 0),
(4, 'Получил транспортный налог на проданный по договору купли-продажи автомобиль', 0, 0),
(5, 'Ученик девятого класса хочет подготовиться к ОГЭ самостоятельно', 0, 0),
(6, 'Выпускнику школы необходимо выбрать специальность для получения соответствующего образования', 0, 0),
(7, 'Родители хотят устроить ребенка в детский сад ', 0, 0),
(8, 'Родителям надо устроить ребенка в первый класс школы', 0, 0),
(9, 'Родителям надо подготовить ребенка к успешной сдаче ЕГЭ', 0, 0),
(10, 'Родителям необходимо перевести ребенка в другую школу ', 0, 0),
(11, 'Гражданину РФ нужно заменить национальное водительское удостоверение, срок действия которого истек', NULL, NULL),
(17, 'Родителям надо помочь ребенку который оканчивает школу определиться с выбором высшего учебного заведения', NULL, NULL),
(19, 'Обратиться за помощью к врачу заграницей', NULL, NULL),
(20, 'Необходимо зарегистрировать ИП', NULL, NULL),
(21, 'В целях самообороны необходимо законно приобрести и зарегистрировать травматическое оружие', NULL, NULL);

-- --------------------------------------------------------

--
-- Структура таблицы `steps`
--

CREATE TABLE IF NOT EXISTS `steps` (
  `id` int(11) NOT NULL AUTO_INCREMENT,
  `object_id` int(11) DEFAULT NULL,
  `parent_id` int(11) DEFAULT NULL,
  `name` varchar(255) DEFAULT NULL,
  `description` text,
  `time_update` int(11) DEFAULT NULL,
  `status` smallint(6) DEFAULT NULL,
  `time_create` int(11) DEFAULT NULL,
  `price` varchar(255) DEFAULT NULL,
  `date` varchar(255) DEFAULT NULL,
  PRIMARY KEY (`id`)
) ENGINE=InnoDB  DEFAULT CHARSET=utf8 AUTO_INCREMENT=166 ;

--
-- Дамп данных таблицы `steps`
--

INSERT INTO `steps` (`id`, `object_id`, `parent_id`, `name`, `description`, `time_update`, `status`, `time_create`, `price`, `date`) VALUES
(2, 2, 1, 'Минимизируйте ущерб', '<ol style="margin-top:0pt; margin-bottom:0pt">\r\n <li dir="ltr" style="list-style-type:decimal; font-size:11pt; font-family:Calibri; font-weight:700; vertical-align:baseline">\r\n <p dir="ltr" style="margin-top:0pt; margin-bottom:0pt"><span style="line-height:1.2"><span style="font-size:11pt"><span style="vertical-align:baseline"><span style="white-space:pre-wrap">Отключите электричество</span></span></span></span></p>\r\n </li>\r\n</ol>\r\n\r\n<p dir="ltr" style="margin-top:0pt; margin-bottom:0pt"><span style="line-height:1.2"><span style="font-size:11pt"><span style="font-family:Calibri"><span style="vertical-align:baseline"><span style="white-space:pre-wrap">Выдерните все вилки приборов из розеток и отключите электричество в распределительном щитке.</span></span></span></span></span></p>\r\n\r\n<p dir="ltr" style="margin-top:0pt; margin-bottom:0pt">&nbsp;</p>\r\n\r\n<ol start="2" style="margin-top:0pt; margin-bottom:0pt">\r\n <li dir="ltr" style="list-style-type:decimal; font-size:11pt; font-family:Calibri; font-weight:700; vertical-align:baseline">\r\n <p dir="ltr" style="margin-top:0pt; margin-bottom:0pt"><span style="line-height:1.2"><span style="font-size:11pt"><span style="vertical-align:baseline"><span style="white-space:pre-wrap">Устраните источник залива</span></span></span></span></p>\r\n </li>\r\n</ol>\r\n\r\n<p dir="ltr" style="margin-top:0pt; margin-bottom:0pt"><span style="line-height:1.2"><span style="font-size:11pt"><span style="font-family:Calibri"><span style="vertical-align:baseline"><span style="white-space:pre-wrap">Поднимитесь к соседям-виновникам залива (звоните/стучите настойчиво!) &ndash; помогите им устранить источник залива и убрать помещения от воды.</span></span></span></span></span></p>\r\n\r\n<p dir="ltr" style="margin-top:0pt; margin-bottom:0pt">&nbsp;</p>\r\n\r\n<p dir="ltr" style="margin-top:0pt; margin-bottom:0pt"><span style="line-height:1.2"><span style="font-size:11pt"><span style="font-family:Calibri"><span style="vertical-align:baseline"><span style="white-space:pre-wrap">Если соседей дома нет или они не могут перекрыть воду (в случае прорыва стояка или батареи), срочно звоните в аварийно-диспетчерскую службу, эксплуатирующую организацию (ЖЕК, РЕУ, ДЕЗ, ТСЖ, УК &ndash; </span></span></span></span><span style="font-size:11pt"><span style="font-family:Calibri"><span style="font-weight:700"><span style="vertical-align:baseline"><span style="white-space:pre-wrap">далее ЭО</span></span></span></span></span><span style="font-size:11pt"><span style="font-family:Calibri"><span style="vertical-align:baseline"><span style="white-space:pre-wrap">) и требуйте немедленного прихода сантехника для перекрытия воды. <span style="color:#e74c3c;"><strong>Телефоны обычно указаны в квитанции на оплату коммунальных услуг.</strong></span></span></span></span></span></span></p>\r\n\r\n<p dir="ltr" style="margin-top:0pt; margin-bottom:0pt"><span style="line-height:1.2"><span style="font-size:11pt"><span style="font-family:Calibri"><span style="vertical-align:baseline"><span style="white-space:pre-wrap"><span style="color:#e74c3c;"><strong>!!!</strong></span> Запишите время вашего обращения, номер заявки и ФИО принявшего оператора. </span></span></span></span></span></p>\r\n\r\n<p dir="ltr" style="margin-top:0pt; margin-bottom:0pt">&nbsp;</p>\r\n\r\n<p dir="ltr" style="margin-top:0pt; margin-bottom:0pt"><span style="line-height:1.2"><span style="font-size:11pt"><span style="font-family:Calibri"><span style="vertical-align:baseline"><span style="white-space:pre-wrap">Если ваша ЭО расположена недалеко, лучше всего сходить туда и написать 2 экземпляра заявления на имя руководителя. Если соседей нет дома, укажите в заявлении требование вскрыть квартиру соседей и перекрыть воду по причине риска замыкания электропроводки и возможного пожара.</span></span></span></span></span></p>\r\n\r\n<p dir="ltr" style="margin-top:0pt; margin-bottom:0pt"><span style="line-height:1.2"><span style="font-size:11pt"><span style="font-family:Calibri"><span style="vertical-align:baseline"><span style="white-space:pre-wrap">Один экземпляр заявления с отметкой о приеме возьмите себе. Отметка должна содержать: дату принятия, ФИО принявшего лица, подпись принявшего лица, должность принявшего лица.</span></span></span></span></span></p>\r\n\r\n<p dir="ltr" style="margin-top:0pt; margin-bottom:0pt">&nbsp;</p>\r\n\r\n<p dir="ltr" style="margin-top:0pt; margin-bottom:0pt"><span style="line-height:1.2"><span style="font-size:11pt"><span style="font-family:Calibri"><span style="vertical-align:baseline"><span style="white-space:pre-wrap">Работник аварийно-диспетчерской службы должен принять срочные меры по устранению аварии, перекрыть стояки, вентили и т.п., а в выходные и праздничные дни составить Акт залива квартиры, в котором описываются все повреждения, нанесенные помещению при заливе.</span></span></span></span></span></p>\r\n\r\n<p dir="ltr" style="margin-top:0pt; margin-bottom:0pt">&nbsp;</p>\r\n\r\n<ol start="3" style="margin-top:0pt; margin-bottom:0pt">\r\n <li dir="ltr" style="list-style-type:decimal; font-size:11pt; font-family:Calibri; font-weight:700; vertical-align:baseline">\r\n <p dir="ltr" style="margin-top:0pt; margin-bottom:0pt"><span style="line-height:1.2"><span style="font-size:11pt"><span style="vertical-align:baseline"><span style="white-space:pre-wrap">Минимизируйте последствия затопления</span></span></span></span></p>\r\n </li>\r\n</ol>\r\n\r\n<p dir="ltr" style="margin-top:0pt; margin-bottom:0pt"><span style="line-height:1.2"><span style="font-size:11pt"><span style="font-family:Calibri"><span style="vertical-align:baseline"><span style="white-space:pre-wrap">Укройте мебель полиэтиленом, поставьте под протечки емкости, положите тряпки, газеты. Уберите подальше от воды документы и ценные вещи</span></span></span></span></span></p>', 1493905330, 0, 1493891776, '', ''),
(3, 2, 2, 'Сделайте свои фотографии на все повреждения', '"<p dir=""ltr"" style=""margin-top:0pt; margin-bottom:0pt""><span style=""line-height:1.2""><span style=""font-size:11pt""><span style=""font-family:Calibri""><span style=""vertical-align:baseline""><span style=""white-space:pre-wrap"">Для этого вы можете использовать средства средств фотосъемки и видеозаписи.</span></span></span></span></span></p>\r\n\r\n<p dir=""ltr"" style=""margin-top:0pt; margin-bottom:0pt"">&nbsp;</p>\r\n\r\n<p dir=""ltr"" style=""margin-top:0pt; margin-bottom:0pt""><span style=""line-height:1.2""><span style=""font-size:11pt""><span style=""font-family:Calibri""><span style=""vertical-align:baseline""><span style=""white-space:pre-wrap"">Фотосъемку и видеозапись надо начинать производить не изнутри помещения, которое затоплено, а снаружи здания, в котором расположено данное помещение от входа в подъезд многоквартирного дома.</span></span></span></span></span></p>\r\n\r\n<p dir=""ltr"" style=""margin-top:0pt; margin-bottom:0pt"">&nbsp;</p>\r\n\r\n<p dir=""ltr"" style=""margin-top:0pt; margin-bottom:0pt""><span style=""line-height:1.2""><span style=""font-size:11pt""><span style=""font-family:Calibri""><span style=""vertical-align:baseline""><span style=""white-space:pre-wrap"">Можно составить </span></span></span></span><span style=""font-size:11pt""><span style=""font-family:Calibri""><span style=""color:#0000ff""><span style=""vertical-align:baseline""><span style=""white-space:pre-wrap"">Акт фотографирования пострадавшей от залива квартиры (см. приложение) </span></span></span></span></span><span style=""font-size:11pt""><span style=""font-family:Calibri""><span style=""vertical-align:baseline""><span style=""white-space:pre-wrap"">(в 3-х экземплярах) и дать подписать его 2-м свидетелям, которые подтвердят в суде время и место съемки, а также тот факт, что на представленных фото именно пострадавшее от залива помещение. Фотографии с обратной стороны лучше также подписать свидетелями.</span></span></span></span></span></p>\r\n\r\n<p dir=""ltr"" style=""margin-top:0pt; margin-bottom:0pt"">&nbsp;</p>\r\n\r\n<p dir=""ltr"" style=""margin-top:0pt; margin-bottom:0pt""><span style=""line-height:1.2""><span style=""font-size:11pt""><span style=""font-family:Calibri""><span style=""vertical-align:baseline""><span style=""white-space:pre-wrap"">Сделайте по несколько экземпляров фотографий. Они вам пригодятся для составления Акта залива помещения и оценки ущерба.</span></span></span></span></span></p>\r\n\r\n<p><span style=""line-height:1.2""><span style=""font-size:11pt""><span style=""font-family:Calibri""><span style=""vertical-align:baseline""><span style=""white-space:pre-wrap"">Выполните схему места затопления помещения и поврежденного имущества в 3-х экземплярах и дайте подписать его 2-м свидетелям.</span></span></span></span></span></p>\r\n\r\n<p><span style=""font-size:11pt""><span style=""font-family:Calibri""><span style=""vertical-align:baseline""><span style=""white-space:pre-wrap"">Данная фиксация в последующем будет играть весомую роль в суде. </span></span></span></span></p>\r\n"', 1493891875, 0, 1493891875, '', ''),
(4, 2, 3, 'Составьте Акт о заливе квартиры', '"<p dir=""ltr"" style=""margin-top:0pt; margin-bottom:0pt""><span style=""line-height:1.2""><span style=""font-size:11pt""><span style=""font-family:Calibri""><span style=""vertical-align:baseline""><span style=""white-space:pre-wrap"">После перекрытия воды вызовите представителей ЭО для составления </span></span></span></span><span style=""font-size:11pt""><span style=""font-family:Calibri""><span style=""color:#0000ff""><span style=""vertical-align:baseline""><span style=""white-space:pre-wrap"">Акта залива квартиры (см. приложения)</span></span></span></span></span><span style=""font-size:11pt""><span style=""font-family:Calibri""><span style=""vertical-align:baseline""><span style=""white-space:pre-wrap"">. Его составления осуществляется как правило техником ЭО, а в выходные или праздничные дни работником аварийно-диспетчерской службы, устранявшим аварию. Для составления акта также приглашаются виновники залива. </span></span></span></span></span></p>\r\n\r\n<p dir=""ltr"" style=""margin-top:0pt; margin-bottom:0pt"">&nbsp;</p>\r\n\r\n<p dir=""ltr"" style=""margin-top:0pt; margin-bottom:0pt""><span style=""line-height:1.2""><span style=""font-size:11pt""><span style=""font-family:Calibri""><span style=""vertical-align:baseline""><span style=""white-space:pre-wrap"">По законодательству акт составляется в течение 12 часов после подачи заявки.</span></span></span></span></span></p>\r\n\r\n<p dir=""ltr"" style=""margin-top:0pt; margin-bottom:0pt"">&nbsp;</p>\r\n\r\n<p dir=""ltr"" style=""margin-top:0pt; margin-bottom:0pt""><span style=""line-height:1.2""><span style=""font-size:11pt""><span style=""font-family:Calibri""><span style=""vertical-align:baseline""><span style=""white-space:pre-wrap"">В комиссии по составлению акта должно быть не менее 3-х человек: потерпевшая сторона, виновник залива, представитель ЭО. Если виновник залива отказывается от явки или не ставит подпись, необходимо отметить это в акте.</span></span></span></span></span></p>\r\n\r\n<p dir=""ltr"" style=""margin-top:0pt; margin-bottom:0pt"">&nbsp;</p>\r\n\r\n<p dir=""ltr"" style=""margin-top:0pt; margin-bottom:0pt""><span style=""line-height:1.2""><span style=""font-size:11pt""><span style=""font-family:Calibri""><span style=""vertical-align:baseline""><span style=""white-space:pre-wrap"">Часто на осмотре присутствует только пострадавшая сторона и представители ЭО. Это является нарушением прав виновника залива, но не ведет к отказу суда в возмещении ущерба.</span></span></span></span></span></p>\r\n\r\n<p dir=""ltr"" style=""margin-top:0pt; margin-bottom:0pt"">&nbsp;</p>\r\n\r\n<p dir=""ltr"" style=""margin-top:0pt; margin-bottom:0pt""><span style=""line-height:1.2""><span style=""font-size:11pt""><span style=""font-family:Calibri""><span style=""vertical-align:baseline""><span style=""white-space:pre-wrap"">Пригласите в состав комиссии двух свидетелей (соседей, с которыми у вас хорошие отношения, друзей), которые поставят свои подписи под документом и потом, при необходимости, выступят свидетелями в суде. Лучше всего, если это будут свидетели, которые видели сам момент залива или были приглашены вами в квартиру сразу после него. В этом случае не составит труда установить причинно-следственную связь между происшествием и повреждениями имущества. Не стоит приглашать в комиссию пожилых людей с плохой памятью, или которым трудно ходить по судам.</span></span></span></span></span></p>\r\n\r\n<p dir=""ltr"" style=""margin-top:0pt; margin-bottom:0pt"">&nbsp;</p>\r\n\r\n<p dir=""ltr"" style=""margin-top:0pt; margin-bottom:0pt""><span style=""line-height:1.2""><span style=""font-size:11pt""><span style=""font-family:Calibri""><span style=""vertical-align:baseline""><span style=""white-space:pre-wrap"">Обязательно пригласите всех членов комиссии в квартиру, обратите их внимание на повреждения и места, откуда поступала вода. Нельзя просто составить документ, а затем дать его подписать людям, которые не были в вашей квартире. В процессе допроса в суде это обязательно вскроется и может привести к тому, что возмещение ущерба вы не получите.</span></span></span></span></span></p>\r\n\r\n<p dir=""ltr"" style=""margin-top:0pt; margin-bottom:0pt"">&nbsp;</p>\r\n\r\n<p dir=""ltr"" style=""margin-top:0pt; margin-bottom:0pt""><span style=""line-height:1.2""><span style=""font-size:11pt""><span style=""font-family:Calibri""><span style=""vertical-align:baseline""><span style=""white-space:pre-wrap"">Законодательство не предусматривает четкой формы для акта о заливе помещения, но в нем должны содержаться следующие сведения:</span></span></span></span></span></p>\r\n\r\n<p dir=""ltr"" style=""margin-top:0pt; margin-bottom:0pt""><span style=""line-height:1.2""><span style=""font-size:11pt""><span style=""font-family:Calibri""><span style=""vertical-align:baseline""><span style=""white-space:pre-wrap"">Дата и время составления, состав комиссии (должность и ФИО), контактные данные свидетелей, данные пострадавшей квартиры (адрес, этаж, количество комнат), дату и время залива, адрес квартиры виновника залива, причину залива, виновника залива, тип воды: холодная/горячая/сточные воды, время подачи заявки на отключение воды (с указанием способа подачи &ndash; по телефону или письменно), длительность устранения причины залива, список пострадавших помещений, причинно-следственную связь между причиной залива и причиненным ущербом, характер повреждений, перечень поврежденного имущества, подписи всех членов комиссии, печать ЭО. Если виновник залива отказался от подписи или отсутствует на момент составления акта, это тоже фиксируется в акте (до подписей всех остальных лиц).</span></span></span></span></span></p>\r\n\r\n<p dir=""ltr"" style=""margin-top:0pt; margin-bottom:0pt"">&nbsp;</p>\r\n\r\n<p dir=""ltr"" style=""margin-top:0pt; margin-bottom:0pt""><span style=""line-height:1.2""><span style=""font-size:11pt""><span style=""font-family:Calibri""><span style=""vertical-align:baseline""><span style=""white-space:pre-wrap"">Добивайтесь, чтобы все повреждения вашей квартиры (отделки, имущества, мебели и бытовой техники) были описаны максимально подробно. В акте важно отметить, что имущество было повреждено именно заливом квартиры. Перечень повреждений может быть оформлен на отдельном листе под названием &laquo;Дефектная опись&raquo;. </span></span></span></span></span></p>\r\n\r\n<p dir=""ltr"" style=""margin-top:0pt; margin-bottom:0pt""><span style=""line-height:1.2""><span style=""font-size:11pt""><span style=""font-family:Calibri""><span style=""vertical-align:baseline""><span style=""white-space:pre-wrap"">Приложите к акту сделанные вами фотографии, желательно их завизировать всеми членами комиссии.</span></span></span></span></span></p>\r\n\r\n<p dir=""ltr"" style=""margin-top:0pt; margin-bottom:0pt"">&nbsp;</p>\r\n\r\n<p dir=""ltr"" style=""margin-top:0pt; margin-bottom:0pt""><span style=""line-height:1.2""><span style=""font-size:11pt""><span style=""font-family:Calibri""><span style=""vertical-align:baseline""><span style=""white-space:pre-wrap"">При составлении акта важно установить причину и виновника залива. Наиболее частая причина залива &ndash; ненадлежащее состояние сантехнического оборудования. Поэтому чтобы определить виновного, необходимо выяснить, кто отвечает за это оборудование.</span></span></span></span></span></p>\r\n\r\n<p dir=""ltr"" style=""margin-top:0pt; margin-bottom:0pt"">&nbsp;</p>\r\n\r\n<p dir=""ltr"" style=""margin-top:0pt; margin-bottom:0pt""><span style=""line-height:1.2""><span style=""font-size:11pt""><span style=""font-family:Calibri""><span style=""vertical-align:baseline""><span style=""white-space:pre-wrap"">Чаще всего залив происходит от неисправного сантехнического оборудования, поэтому чтобы выяснить, кто виноват, необходимо знать, кто является собственником данной квартиры.</span></span></span></span></span></p>\r\n\r\n<p dir=""ltr"" style=""margin-top:0pt; margin-bottom:0pt"">&nbsp;</p>\r\n\r\n<p dir=""ltr"" style=""margin-top:0pt; margin-bottom:0pt""><span style=""line-height:1.2""><span style=""font-size:11pt""><span style=""font-family:Calibri""><span style=""vertical-align:baseline""><span style=""white-space:pre-wrap"">Если соседи занимают квартиру по договору социального найма, то на них лежит обязанность по осуществлению текущего ремонта, а наймодатель (государство или муниципальное образование) обязан осуществлять капитальный ремонт инженерно- технического оборудования. Исходя из этого, можно определить виновника залива квартиры.</span></span></span></span></span></p>\r\n\r\n<p dir=""ltr"" style=""margin-top:0pt; margin-bottom:0pt"">&nbsp;</p>\r\n\r\n<p dir=""ltr"" style=""margin-top:0pt; margin-bottom:0pt""><span style=""line-height:1.2""><span style=""font-size:11pt""><span style=""font-family:Calibri""><span style=""vertical-align:baseline""><span style=""white-space:pre-wrap"">К личному имуществу собственника квартиры относится сантехническое оборудование, прикрепленное к общедомовым стоякам, через которое вода попадает непосредственно в квартиру (краны, шланги, разводки и т.д.). Все остальное оборудование, включая батареи, располагающиеся в квартире, относятся к общему имуществу многоквартирного дома.</span></span></span></span></span></p>\r\n\r\n<p dir=""ltr"" style=""margin-top:0pt; margin-bottom:0pt"">&nbsp;</p>\r\n\r\n<p dir=""ltr"" style=""margin-top:0pt; margin-bottom:0pt""><span style=""line-height:1.2""><span style=""font-size:11pt""><span style=""font-family:Calibri""><span style=""vertical-align:baseline""><span style=""white-space:pre-wrap"">Если причиной затопления послужило ненадлежащее состояние сантехнического оборудования, относящегося к общему имуществу многоквартирного дома, ответственность будет нести ЭО. Если же сантехническое оборудование относится к личному имуществу собственника квартиры, то отвечать будет сам собственник квартиры.</span></span></span></span></span></p>\r\n\r\n<p dir=""ltr"" style=""margin-top:0pt; margin-bottom:0pt"">&nbsp;</p>\r\n\r\n<p dir=""ltr"" style=""margin-top:0pt; margin-bottom:0pt""><span style=""line-height:1.2""><span style=""font-size:11pt""><span style=""font-family:Calibri""><span style=""vertical-align:baseline""><span style=""white-space:pre-wrap"">Чтобы установить истинную причину аварии можно провести техническую экспертизу. Зачастую точно определить виновное лицо удается только в процессе судебного разбирательства о возмещении ущерба. </span></span></span></span></span></p>\r\n\r\n<p dir=""ltr"" style=""margin-top:0pt; margin-bottom:0pt"">&nbsp;</p>\r\n\r\n<p dir=""ltr"" style=""margin-top:0pt; margin-bottom:0pt""><span style=""line-height:1.2""><span style=""font-size:11pt""><span style=""font-family:Calibri""><span style=""vertical-align:baseline""><span style=""white-space:pre-wrap"">При отражении в Акте характера и объема повреждений каждый дефект следует измерить и внести в Акт с размерами и конкретным расположением на плане квартиры. Все повреждения отображаются на плане квартиры цифрами, а внизу пишется их расшифровка. При повреждении бытовой техники следует указывать ее марку и модель.</span></span></span></span></span></p>\r\n\r\n<p dir=""ltr"" style=""margin-top:0pt; margin-bottom:0pt"">&nbsp;</p>\r\n\r\n<p dir=""ltr"" style=""margin-top:0pt; margin-bottom:0pt""><span style=""line-height:1.2""><span style=""font-size:11pt""><span style=""font-family:Calibri""><span style=""vertical-align:baseline""><span style=""white-space:pre-wrap"">Акт о заливе обычно составляется в 3-х экземплярах &ndash; один передается ЭО, второй &ndash; пострадавшей стороне, третий &ndash; виновнику залива. Срок составления акта &ndash; до 10 рабочих дней после выхода представителей ЭО на место залива.</span></span></span></span></span></p>\r\n\r\n<p dir=""ltr"" style=""margin-top:0pt; margin-bottom:0pt"">&nbsp;</p>\r\n\r\n<p dir=""ltr"" style=""margin-top:0pt; margin-bottom:0pt""><span style=""line-height:1.2""><span style=""font-size:11pt""><span style=""font-family:Calibri""><span style=""vertical-align:baseline""><span style=""white-space:pre-wrap"">По готовности Акта получите в ЭО оригинал акта о заливе с синей печатью.</span></span></span></span></span></p>\r\n\r\n<p dir=""ltr"" style=""margin-top:0pt; margin-bottom:0pt"">&nbsp;</p>\r\n\r\n<p dir=""ltr"" style=""margin-top:0pt; margin-bottom:0pt""><span style=""line-height:1.2""><span style=""font-size:11pt""><span style=""font-family:Calibri""><span style=""vertical-align:baseline""><span style=""white-space:pre-wrap"">Если ЭО в нарушение закона отказывается или не направляет специалиста для составления Акта о заливе, напишите заявление в 2-х экземплярах на имя руководителя ЭО с приглашением для осмотра вашей квартиры после залива и составления Акта о заливе. Отнесите заявление в ЭО. Один экземпляр отдайте, на втором получите отметку о принятии.</span></span></span></span></span></p>\r\n\r\n<p dir=""ltr"" style=""margin-top:0pt; margin-bottom:0pt"">&nbsp;</p>\r\n\r\n<p dir=""ltr"" style=""margin-top:0pt; margin-bottom:0pt""><span style=""line-height:1.2""><span style=""font-size:11pt""><span style=""font-family:Calibri""><span style=""vertical-align:baseline""><span style=""white-space:pre-wrap"">Если в ЭО заявление не принимают, отправьте 1 экземпляр заявления заказным письмом с уведомлением и описью вложения на адрес ЭО. Опись вложения и копию заявления с отметкой почтового отделения оставьте у себя.</span></span></span></span></span></p>\r\n\r\n<p dir=""ltr"" style=""margin-top:0pt; margin-bottom:0pt"">&nbsp;</p>\r\n\r\n<p dir=""ltr"" style=""margin-top:0pt; margin-bottom:0pt""><span style=""line-height:1.2""><span style=""font-size:11pt""><span style=""font-family:Calibri""><span style=""vertical-align:baseline""><span style=""white-space:pre-wrap"">После этого приступайте к самостоятельному составлению акта осмотра. Пригласите соседей виновника залива и 2-х свидетелей. В Акте отметьте, что ЭО не направила специалиста для составления Акта (или не приняла заявление с приглашением с приглашением для осмотра вашей квартиры после залива и составления Акта).</span></span></span></span></span></p>\r\n"', 1493891982, 0, 1493891982, '', ''),
(5, 2, 4, 'Сделайте оценку ущерба', '"<p dir=""ltr"" style=""margin-top:0pt; margin-bottom:0pt""><span style=""line-height:1.2""><span style=""font-size:11pt""><span style=""font-family:Calibri""><span style=""vertical-align:baseline""><span style=""white-space:pre-wrap"">В большинстве регионов существуют законодательные акты местных властей, в соответствии с которыми ЭО обязана по просьбе пострадавших жильцов БЕСПЛАТНО составить на основании акта о заливе расценочную опись работ, предусматривающих устранение повреждений, отмеченных в Акте о заливе. Реквизиты и содержание законодательных актов можно узнать в инстанциях, ведающих вопросами ЖКХ в вашем населенном пункте (для Москвы &ndash; это Положении о порядке проведения ремонта, связанного с повреждением жилого помещения (приложение 2 к приказу Управления городского заказа Правительства Москвы № 55-48/1 и Управления жилищно-коммунального хозяйства и благоустройства Правительства Москвы № 5-37/1 от 12 марта 2001 года). </span></span></span></span></span></p>\r\n\r\n<p dir=""ltr"" style=""margin-top:0pt; margin-bottom:0pt"">&nbsp;</p>\r\n\r\n<p dir=""ltr"" style=""margin-top:0pt; margin-bottom:0pt""><span style=""line-height:1.2""><span style=""font-size:11pt""><span style=""font-family:Calibri""><span style=""vertical-align:baseline""><span style=""white-space:pre-wrap"">Расценочная опись официально (с указанием регистрационного номера и даты) предъявляется виновной стороне.</span></span></span></span></span></p>\r\n\r\n<p dir=""ltr"" style=""margin-top:0pt; margin-bottom:0pt"">&nbsp;</p>\r\n\r\n<p dir=""ltr"" style=""margin-top:0pt; margin-bottom:0pt""><span style=""line-height:1.2""><span style=""font-size:11pt""><span style=""font-family:Calibri""><span style=""vertical-align:baseline""><span style=""white-space:pre-wrap"">Можно сделать платную независимую оценку ущерба, которая пригодится для досудебных переговоров с виновником залива о возмещении ущерба и понадобится для обращения в суд о возмещении ущерба.</span></span></span></span></span></p>\r\n\r\n<p dir=""ltr"" style=""margin-top:0pt; margin-bottom:0pt"">&nbsp;</p>\r\n\r\n<p dir=""ltr"" style=""margin-top:0pt; margin-bottom:0pt""><span style=""line-height:1.2""><span style=""font-size:11pt""><span style=""font-family:Calibri""><span style=""vertical-align:baseline""><span style=""white-space:pre-wrap"">Для независимой оценки ущерба оценщика лучше приглашать не на следующий день после залива, а когда помещение частично высохнет и повреждения станут лучше видны. До его прихода не устраняйте следы повреждений. </span></span></span></span></span></p>\r\n\r\n<p dir=""ltr"" style=""margin-top:0pt; margin-bottom:0pt"">&nbsp;</p>\r\n\r\n<p dir=""ltr"" style=""margin-top:0pt; margin-bottom:0pt""><span style=""line-height:1.2""><span style=""font-size:11pt""><span style=""font-family:Calibri""><span style=""vertical-align:baseline""><span style=""white-space:pre-wrap"">Проверьте у оценщика членство в СРО, наличие договора (полиса) о страховании гражданской ответственности оценщика, наличие специального образования в области оценочной деятельности. Если оценщик работает от оценочной компании, эту информацию можно найти на сайте компании.</span></span></span></span></span></p>\r\n\r\n<p dir=""ltr"" style=""margin-top:0pt; margin-bottom:0pt"">&nbsp;</p>\r\n\r\n<p dir=""ltr"" style=""margin-top:0pt; margin-bottom:0pt""><span style=""line-height:1.2""><span style=""font-size:11pt""><span style=""font-family:Calibri""><span style=""vertical-align:baseline""><span style=""white-space:pre-wrap"">При заказе услуг требуйте подписание договоров и правильно оформленных документов оплаты (квитанции оплаты через банк или корешок приходно-кассового ордера с кассовым чеком). Эти документы нужно будет приложить к исковому заявлению для возмещения с ответчика судебных расходов.</span></span></span></span></span></p>\r\n\r\n<p dir=""ltr"" style=""margin-top:0pt; margin-bottom:0pt"">&nbsp;</p>\r\n\r\n<p dir=""ltr"" style=""margin-top:0pt; margin-bottom:0pt""><span style=""line-height:1.2""><span style=""font-size:11pt""><span style=""font-family:Calibri""><span style=""vertical-align:baseline""><span style=""white-space:pre-wrap"">Для оценки ущерба от залива необходимо подготовить следующие документы: удостоверение личности (паспорт), Акт о заливе (копия), правоустанавливающие документы на квартиру (свидетельство о государственной регистрации права (если есть), договор (купли-продажи, мены, дарения, ренты, приватизации и др.), свидетельство о праве на наследство, вступившее в законную силу решение суда) или договор соц. найма, имеющиеся документы БТИ на помещение (экспликация помещения, поэтажный план, техпаспорт, кадастровый паспорт); документы, подтверждающие стоимость поврежденного имущества &ndash; кассовые и товарные чеки, квитанции, накладные, сметы проведенных отделочных работ, договоры с подрядчиками и другие документы, в которых значится стоимость имущества, сделанные вами фото-и видео- материалы повреждений.</span></span></span></span></span></p>\r\n\r\n<p dir=""ltr"" style=""margin-top:0pt; margin-bottom:0pt"">&nbsp;</p>\r\n\r\n<p dir=""ltr"" style=""margin-top:0pt; margin-bottom:0pt""><span style=""line-height:1.2""><span style=""font-size:11pt""><span style=""font-family:Calibri""><span style=""vertical-align:baseline""><span style=""white-space:pre-wrap"">После согласования с оценщиком даты и времени визита для осмотра повреждений заранее предупредите виновника залива о том, что будет проводиться оценка ущерба. Лучше всего &ndash; в письменной форме под роспись. Если виновника залива нет дома или он не открывает двери &ndash; направьте ему </span></span></span></span><span style=""font-size:11pt""><span style=""font-family:Calibri""><span style=""color:#0000ff""><span style=""vertical-align:baseline""><span style=""white-space:pre-wrap"">телеграмму с уведомлением о вручении (3) </span></span></span></span></span><span style=""font-size:11pt""><span style=""font-family:Calibri""><span style=""vertical-align:baseline""><span style=""white-space:pre-wrap"">за 3 дня до начала работ оценщика, в телеграмме укажите дату/время проведения независимой экспертизы и предупредите, что при отсутствии его либо его представителя оценка будет проведена без его участия. При отправлении телеграммы попросите заверенную копию текста телеграммы, сохраните чек за нее и уведомление о вручении. Если виновник залива будет присутствовать при оценке ущерба, требуйте от него подписи в Акте осмотра, составленном оценщиком &ndash; либо об отсутствии замечаний, либо об их наличии. При отказе поставить подпись, попросите оценщика зафиксировать этот факт в документе.</span></span></span></span></span></p>\r\n\r\n<p dir=""ltr"" style=""margin-top:0pt; margin-bottom:0pt"">&nbsp;</p>\r\n\r\n<p dir=""ltr"" style=""margin-top:0pt; margin-bottom:0pt""><span style=""line-height:1.2""><span style=""font-size:11pt""><span style=""font-family:Calibri""><span style=""vertical-align:baseline""><span style=""white-space:pre-wrap"">При проведении осмотра поврежденного имущества обращайте внимание оценщика на все видимые повреждения и настаивайте на их отражении в Акте осмотра, замерах и фотофиксации. </span></span></span></span></span></p>\r\n\r\n<p dir=""ltr"" style=""margin-top:0pt; margin-bottom:0pt""><span style=""line-height:1.2""><span style=""font-size:11pt""><span style=""font-family:Calibri""><span style=""vertical-align:baseline""><span style=""white-space:pre-wrap"">В случае необходимости независимый оценщик может проверить работу бытовой и иной техники, поврежденной заливом.</span></span></span></span></span></p>\r\n\r\n<p dir=""ltr"" style=""margin-top:0pt; margin-bottom:0pt"">&nbsp;</p>\r\n\r\n<p dir=""ltr"" style=""margin-top:0pt; margin-bottom:0pt""><span style=""line-height:1.2""><span style=""font-size:11pt""><span style=""font-family:Calibri""><span style=""vertical-align:baseline""><span style=""white-space:pre-wrap"">При оценке ущерба учитывается цена материалов, необходимых для замены поврежденных, стоимость работы по замене и дополнительные расходы на их покупку, разметку, доставку и пр.</span></span></span></span></span></p>\r\n\r\n<p dir=""ltr"" style=""margin-top:0pt; margin-bottom:0pt"">&nbsp;</p>\r\n\r\n<p dir=""ltr"" style=""margin-top:0pt; margin-bottom:0pt""><span style=""line-height:1.2""><span style=""font-size:11pt""><span style=""font-family:Calibri""><span style=""vertical-align:baseline""><span style=""white-space:pre-wrap"">Получите на руки отчет об оценке ущерба, сделайте с него копию и вручите виновнику залива под роспись. </span></span></span></span></span></p>\r\n\r\n<p dir=""ltr"" style=""margin-top:0pt; margin-bottom:0pt"">&nbsp;</p>\r\n\r\n<p dir=""ltr"" style=""margin-top:0pt; margin-bottom:0pt""><span style=""line-height:1.2""><span style=""font-size:11pt""><span style=""font-family:Calibri""><span style=""color:#980000""><span style=""vertical-align:baseline""><span style=""white-space:pre-wrap"">ВАЖНО! При наличии Акта о заливе и Оценки ущерба Вы можете обратиться непосредственно к виновникам залива для разрешения конфликтной ситуации или сразу начать процедуру судебного признания претензий и взыскания ущерба.</span></span></span></span></span></span></p>\r\n"', 1493892161, 0, 1493892087, '', ''),
(6, 2, 5, 'Попытайтесь мирным путем решить вопрос о возмещении ущерба с виновником залива', '"<p dir=""ltr"" style=""margin-top:0pt; margin-bottom:0pt""><span style=""line-height:1.2""><span style=""font-size:11pt""><span style=""font-family:Calibri""><span style=""vertical-align:baseline""><span style=""white-space:pre-wrap"">На основании документа об оценке ущерба от залива переговорите с соседями о возмещении ущерба.</span></span></span></span></span></p>\r\n\r\n<p dir=""ltr"" style=""margin-top:0pt; margin-bottom:0pt"">&nbsp;</p>\r\n\r\n<p dir=""ltr"" style=""margin-top:0pt; margin-bottom:0pt""><span style=""line-height:1.2""><span style=""font-size:11pt""><span style=""font-family:Calibri""><span style=""vertical-align:baseline""><span style=""white-space:pre-wrap"">Напомните соседям, что если вы обратитесь в суд, им придется выплатить не только сумму ущерба, но и судебные издержки, оплату вызова свидетелей в суд, сумму, уплаченную за экспертизу, услуги адвоката и судебных исполнителей, компенсацию морального вреда.</span></span></span></span></span></p>\r\n\r\n<p dir=""ltr"" style=""margin-top:0pt; margin-bottom:0pt"">&nbsp;</p>\r\n\r\n<p dir=""ltr"" style=""margin-top:0pt; margin-bottom:0pt""><span style=""line-height:1.2""><span style=""font-size:11pt""><span style=""font-family:Calibri""><span style=""vertical-align:baseline""><span style=""white-space:pre-wrap"">Если соглашение достигнуто, обязательства соседей &ndash; виновников залива по сумме и срокам возмещения желательно зафиксировать письменно. В письменном соглашении о возмещении ущерба целесообразно отразить следующие данные: дату заключения соглашения, факт затопления и его причины, дату затопления, подробное описание поврежденного имущества с указанием стоимости (целесообразно оформить отдельным приложением к договору, подписанным обеими сторонами), обязанности виновника залива по возмещению ущерба (убытков), в том числе сроки и суммы. В случае соглашения о проведении независимой оценки ущерба должна быть указана сторона, несущая затраты на проведение оценки. Соглашение может предусматривать возмещение как в денежной форме, так и работами за счет виновника залива: силами ЭО, силами пострадавшей стороны или силами виновника залива. Право выбора &ndash; за пострадавшей стороной.</span></span></span></span></span></p>\r\n\r\n<p dir=""ltr"" style=""margin-top:0pt; margin-bottom:0pt"">&nbsp;</p>\r\n\r\n<p dir=""ltr"" style=""margin-top:0pt; margin-bottom:0pt""><span style=""line-height:1.2""><span style=""font-size:11pt""><span style=""font-family:Calibri""><span style=""vertical-align:baseline""><span style=""white-space:pre-wrap"">Соглашение можно заверить в ближайшей нотариальной конторе.</span></span></span></span></span></p>\r\n\r\n<p dir=""ltr"" style=""margin-top:0pt; margin-bottom:0pt"">&nbsp;</p>\r\n\r\n<p dir=""ltr"" style=""margin-top:0pt; margin-bottom:0pt""><span style=""line-height:1.2""><span style=""font-size:11pt""><span style=""font-family:Calibri""><span style=""vertical-align:baseline""><span style=""white-space:pre-wrap"">При получении денежных средств от соседей в качестве возмещения ущерба необходимо оформить </span></span></span></span><span style=""font-size:11pt""><span style=""font-family:Calibri""><span style=""color:#0000ff""><span style=""vertical-align:baseline""><span style=""white-space:pre-wrap"">расписку (см. вложение) </span></span></span></span></span><span style=""font-size:11pt""><span style=""font-family:Calibri""><span style=""vertical-align:baseline""><span style=""white-space:pre-wrap"">в том, что деньги за ущерб получены полностью, и вы не имеете больше претензий к ним.</span></span></span></span></span></p>\r\n\r\n<p dir=""ltr"" style=""margin-top:0pt; margin-bottom:0pt"">&nbsp;</p>\r\n\r\n<p dir=""ltr"" style=""margin-top:0pt; margin-bottom:0pt""><span style=""line-height:1.2""><span style=""font-size:11pt""><span style=""font-family:Calibri""><span style=""vertical-align:baseline""><span style=""white-space:pre-wrap"">ВАЖНО! Стоимость компенсации ущерба не должна быть больше, чем было испорчено в результате залива квартиры!</span></span></span></span></span></p>\r\n\r\n<p dir=""ltr"" style=""margin-top:0pt; margin-bottom:0pt"">&nbsp;</p>\r\n\r\n<p dir=""ltr"" style=""margin-top:0pt; margin-bottom:0pt""><span style=""line-height:1.2""><span style=""font-size:11pt""><span style=""font-family:Calibri""><span style=""color:#980000""><span style=""vertical-align:baseline""><span style=""white-space:pre-wrap"">В случае получения возмещения ущерба от соседей в результате личного общения, процедура обращения в суд не является необходимой.</span></span></span></span></span></span></p>\r\n"', 1493892249, 0, 1493892249, '', '');
INSERT INTO `steps` (`id`, `object_id`, `parent_id`, `name`, `description`, `time_update`, `status`, `time_create`, `price`, `date`) VALUES
(7, 2, 5, 'Если не удалось договориться с виновником залива, обратитесь в суд', '"<blockquote>\r\n<p dir=""ltr"" style=""margin-top:0pt; margin-bottom:0pt""><span style=""line-height:1.2""><span style=""font-size:11pt""><span style=""font-family:Calibri""><span style=""font-weight:700""><span style=""vertical-align:baseline""><span style=""white-space:pre-wrap"">Полное ведение дела в судах всех инстанций, включая предварительное слушание &ndash; 40 000 руб. 2 мес. </span></span></span></span></span></span></p>\r\n</blockquote>\r\n\r\n<p dir=""ltr"" style=""margin-top:0pt; margin-bottom:0pt"">&nbsp;</p>\r\n\r\n<p dir=""ltr"" style=""margin-top:0pt; margin-bottom:0pt""><span style=""line-height:1.2""><span style=""font-size:11pt""><span style=""font-family:Calibri""><span style=""vertical-align:baseline""><span style=""white-space:pre-wrap"">В суд нужно обратиться не позднее 1 месяца со дня составления документа о независимой оценке ущерба.</span></span></span></span></span></p>\r\n\r\n<p dir=""ltr"" style=""margin-top:0pt; margin-bottom:0pt"">&nbsp;</p>\r\n\r\n<p dir=""ltr"" style=""margin-top:0pt; margin-bottom:0pt""><span style=""line-height:1.2""><span style=""font-size:11pt""><span style=""font-family:Calibri""><span style=""vertical-align:baseline""><span style=""white-space:pre-wrap"">Не начинайте восстановительный ремонт до вынесения решения суда (на случай повторного осмотра и встречной оценки со стороны виновника залива).</span></span></span></span></span></p>\r\n\r\n<p dir=""ltr"" style=""margin-top:0pt; margin-bottom:0pt"">&nbsp;</p>\r\n\r\n<p style=""list-style-type: decimal; font-size: 11pt; font-family: Calibri; font-weight: 700; vertical-align: baseline; margin-top: 0pt; margin-bottom: 0pt;""><span style=""line-height:1.2""><span style=""font-size:11pt""><span style=""vertical-align:baseline""><span style=""white-space:pre-wrap"">Подготовьте исковое заявление</span>.</span></span></span></p>\r\n\r\n<p style=""list-style-type: decimal; font-size: 11pt; font-family: Calibri; font-weight: 700; vertical-align: baseline; margin-top: 0pt; margin-bottom: 0pt;""><span style=""line-height:1.2""><span style=""font-size:11pt""><span style=""font-family:Calibri""><span style=""font-weight:700""><span style=""vertical-align:baseline""><span style=""white-space:pre-wrap"">Полное и комплексное составление иска о заливе квартиры на физическое лицо &ndash; 3 000 руб.</span></span></span></span></span></span></p>\r\n\r\n<p style=""list-style-type: decimal; font-size: 11pt; font-family: Calibri; font-weight: 700; vertical-align: baseline; margin-top: 0pt; margin-bottom: 0pt;"">&nbsp;</p>\r\n\r\n<p dir=""ltr"" style=""margin-top:0pt; margin-bottom:0pt""><span style=""line-height:1.2""><span style=""font-size:11pt""><span style=""font-family:Calibri""><span style=""vertical-align:baseline""><span style=""white-space:pre-wrap"">Для инициации судебного процесса вам нужно подать в суд </span></span></span></span><span style=""font-size:11pt""><span style=""font-family:Calibri""><span style=""color:#0000ff""><span style=""vertical-align:baseline""><span style=""white-space:pre-wrap"">исковое заявление (5)</span></span></span></span></span><span style=""font-size:11pt""><span style=""font-family:Calibri""><span style=""vertical-align:baseline""><span style=""white-space:pre-wrap"">о заливе квартиры. Для этого можно обратиться к юристу, который может потом представлять ваши интересы в суде, или написать его самостоятельно. </span></span></span></span></span></p>\r\n\r\n<p dir=""ltr"" style=""margin-top:0pt; margin-bottom:0pt"">&nbsp;</p>\r\n\r\n<p dir=""ltr"" style=""margin-top:0pt; margin-bottom:0pt""><span style=""line-height:1.2""><span style=""font-size:11pt""><span style=""font-family:Calibri""><span style=""vertical-align:baseline""><span style=""white-space:pre-wrap"">При заказе услуг юриста требуйте подписания договора и правильно оформленных документов оплаты, эти документы нужно будет приложить к исковому заявлению для возмещения с ответчика расходов на юридическую помощь.</span></span></span></span></span></p>\r\n\r\n<p dir=""ltr"" style=""margin-top:0pt; margin-bottom:0pt"">&nbsp;</p>\r\n\r\n<p dir=""ltr"" style=""margin-top:0pt; margin-bottom:0pt""><span style=""line-height:1.2""><span style=""font-size:11pt""><span style=""font-family:Calibri""><span style=""vertical-align:baseline""><span style=""white-space:pre-wrap"">При написании искового заявления можно воспользоваться формами, размещенными непосредственно в судах, в которые иск подается.</span></span></span></span></span></p>\r\n\r\n<p dir=""ltr"" style=""margin-top:0pt; margin-bottom:0pt"">&nbsp;</p>\r\n\r\n<p dir=""ltr"" style=""margin-top:0pt; margin-bottom:0pt""><span style=""line-height:1.2""><span style=""font-size:11pt""><span style=""font-family:Calibri""><span style=""vertical-align:baseline""><span style=""white-space:pre-wrap"">В исковом заявлении должны быть указаны следующие сведения: наименование суда, в который подается заявление; наименование истца, его место жительства, а также наименование представителя и его адрес, если заявление подается представителем; наименование ответчика, его место жительства; в чем заключается нарушение либо угроза нарушения прав, свобод или законных интересов истца и его требования; обстоятельства, на которых истец основывает свои требования, и доказательства, подтверждающие эти обстоятельства; цена иска, а также расчет взыскиваемых или оспариваемых денежных сумм; перечень прилагаемых к заявлению документов.</span></span></span></span></span></p>\r\n\r\n<p dir=""ltr"" style=""margin-top:0pt; margin-bottom:0pt"">&nbsp;</p>\r\n\r\n<p dir=""ltr"" style=""margin-top:0pt; margin-bottom:0pt""><span style=""line-height:1.2""><span style=""font-size:11pt""><span style=""font-family:Calibri""><span style=""vertical-align:baseline""><span style=""white-space:pre-wrap"">Помимо уплаты нанесенного вам ущерба, вы имеете право потребовать возмещения заработной платы, которую вы не получили из-за отгулов за свой счет по причине залива (должны быть подтверждающие документы). </span></span></span></span></span></p>\r\n\r\n<p dir=""ltr"" style=""margin-top:0pt; margin-bottom:0pt"">&nbsp;</p>\r\n\r\n<p dir=""ltr"" style=""margin-top:0pt; margin-bottom:0pt""><span style=""line-height:1.2""><span style=""font-size:11pt""><span style=""font-family:Calibri""><span style=""vertical-align:baseline""><span style=""white-space:pre-wrap"">Дело о заливе квартиры не требует досудебного урегулирования и поэтому претензия к виновнику не обязательна.</span></span></span></span></span></p>\r\n\r\n<p dir=""ltr"" style=""margin-top:0pt; margin-bottom:0pt"">&nbsp;</p>\r\n\r\n<p dir=""ltr"" style=""margin-top:0pt; margin-bottom:0pt""><span style=""line-height:1.2""><span style=""font-size:11pt""><span style=""font-family:Calibri""><span style=""vertical-align:baseline""><span style=""white-space:pre-wrap"">Если цена иска не превышает 50 000 рублей, то исковое заявление подается мировому судье. Если более 50 000 рублей &ndash; в районный суд. Иск предъявляется по месту проживания или нахождения ответчика. Если ответчиков несколько &ndash; по месту жительства или нахождения одного из них.</span></span></span></span></span></p>\r\n\r\n<p dir=""ltr"" style=""margin-top:0pt; margin-bottom:0pt"">&nbsp;</p>\r\n\r\n<p dir=""ltr"" style=""margin-top:0pt; margin-bottom:0pt""><span style=""line-height:1.2""><span style=""font-size:11pt""><span style=""font-family:Calibri""><span style=""vertical-align:baseline""><span style=""white-space:pre-wrap"">Чтобы определить суд, в который нужно подавать иск, воспользуйтесь государственными информационными ресурсами (для Санкт-Петербурга: </span></span></span></span><a href=""http://www.mirsud.spb.ru/"" style=""text-decoration-line:none""><span style=""font-size:11pt""><span style=""font-family:Calibri""><span style=""color:#0000ff""><span style=""text-decoration-line:underline""><span style=""vertical-align:baseline""><span style=""white-space:pre-wrap"">http://www.mirsud.spb.ru/</span></span></span></span></span></span></a><span style=""font-size:11pt""><span style=""font-family:Calibri""><span style=""vertical-align:baseline""><span style=""white-space:pre-wrap""> и сайт городского суда </span></span></span></span><a href=""http://sankt-peterburgsky.spb.sudrf.ru/"" style=""text-decoration-line:none""><span style=""font-size:11pt""><span style=""font-family:Calibri""><span style=""color:#0000ff""><span style=""text-decoration-line:underline""><span style=""vertical-align:baseline""><span style=""white-space:pre-wrap"">http://sankt-peterburgsky.spb.sudrf.ru/</span></span></span></span></span></span></a><span style=""font-size:11pt""><span style=""font-family:Calibri""><span style=""vertical-align:baseline""><span style=""white-space:pre-wrap"">, для Москвы: </span></span></span></span><a href=""http://mos-sud.ru/"" style=""text-decoration-line:none""><span style=""font-size:11pt""><span style=""font-family:Calibri""><span style=""color:#0000ff""><span style=""text-decoration-line:underline""><span style=""vertical-align:baseline""><span style=""white-space:pre-wrap"">http://mos-sud.ru/</span></span></span></span></span></span></a><span style=""font-size:11pt""><span style=""font-family:Calibri""><span style=""vertical-align:baseline""><span style=""white-space:pre-wrap"">).</span></span></span></span></span></p>\r\n\r\n<p dir=""ltr"" style=""margin-top:0pt; margin-bottom:0pt""><span style=""line-height:1.2""><span style=""font-size:11pt""><span style=""font-family:Calibri""><span style=""vertical-align:baseline""><span style=""white-space:pre-wrap"">Перед обращением в суд необходимо направить по почте ответчику претензию с тем же требованием, которое вы хотите включить в исковое заявление.</span></span></span></span></span></p>\r\n\r\n<div>&nbsp;</div>\r\n"', 1493892528, 0, 1493892528, '', ''),
(8, 2, 7, 'Оплатите госпошлину', '"<p dir=""ltr"" style=""margin-top:0pt; margin-bottom:0pt""><span style=""line-height:1.2""><span style=""font-size:11pt""><span style=""font-family:Calibri""><span style=""vertical-align:baseline""><span style=""white-space:pre-wrap"">Оплатите госпошлину. Реквизиты для оплаты можно узнать на сайте суда. Сумма госпошлины рассчитывается на основании суммы причиненного ущерба. Размер госпошлины определен статьей 333.19 НК РФ </span></span></span></span><a href=""http://www.consultant.ru/document/cons_doc_LAW_28165/1cfcdcc5936cbfc3ea52f964201a1bb6002be313/"" style=""text-decoration-line:none""><span style=""font-size:11pt""><span style=""font-family:Calibri""><span style=""color:#0000ff""><span style=""text-decoration-line:underline""><span style=""vertical-align:baseline""><span style=""white-space:pre-wrap"">http://www.consultant.ru/document/cons_doc_LAW_28165/1cfcdcc5936cbfc3ea52f964201a1bb6002be313/</span></span></span></span></span></span></a><span style=""font-size:11pt""><span style=""font-family:Calibri""><span style=""vertical-align:baseline""><span style=""white-space:pre-wrap"">.</span></span></span></span></span></p>\r\n\r\n<p dir=""ltr"" style=""margin-top:0pt; margin-bottom:0pt"">&nbsp;</p>\r\n\r\n<p dir=""ltr"" style=""margin-top:0pt; margin-bottom:0pt""><span style=""line-height:1.2""><span style=""font-size:11pt""><span style=""font-family:Calibri""><span style=""vertical-align:baseline""><span style=""white-space:pre-wrap"">Для расчета суммы госпошлины можно также воспользоваться калькуляторами госпошлин на сайтах судов.</span></span></span></span></span></p>\r\n"', 1493893408, 0, 1493893408, '', ''),
(9, 2, 8, 'Подайте исковое заявление в суд', '"<p dir=""ltr"" style=""margin-top:0pt; margin-bottom:0pt""><span style=""line-height:1.2""><span style=""font-size:11pt""><span style=""font-family:Calibri""><span style=""text-decoration-line:underline""><span style=""vertical-align:baseline""><span style=""white-space:pre-wrap"">Документы для обращения в суд:</span></span></span></span></span></span></p>\r\n\r\n<p dir=""ltr"" style=""margin-top:0pt; margin-bottom:0pt""><span style=""line-height:1.2""><span style=""font-size:11pt""><span style=""font-family:Calibri""><span style=""vertical-align:baseline""><span style=""white-space:pre-wrap"">исковое заявление о возмещении ущерба от залива квартиры, заверенная нотариусом копия документа о праве собственности на квартиру или копия договора социального найма жилого помещения, акт залива квартиры, подписанный членами комиссии, с синей печатью, оценочный документ, в котором просчитан весь принесенный ущерб, копии паспортов.</span></span></span></span></span></p>\r\n\r\n<p dir=""ltr"" style=""margin-top:0pt; margin-bottom:0pt"">&nbsp;</p>\r\n\r\n<p dir=""ltr"" style=""margin-top:0pt; margin-bottom:0pt""><span style=""line-height:1.2""><span style=""font-size:11pt""><span style=""font-family:Calibri""><span style=""vertical-align:baseline""><span style=""white-space:pre-wrap"">Для составления искового заявления уточните имя ответчика. Иск подается на собственника квартиры или ответственного квартиросъёмщика. Из-за неправильно указанного имени ответчика суд может отказать в судебном разбирательстве. </span></span></span></span></span></p>\r\n\r\n<p dir=""ltr"" style=""margin-top:0pt; margin-bottom:0pt"">&nbsp;</p>\r\n\r\n<p dir=""ltr"" style=""margin-top:0pt; margin-bottom:0pt""><span style=""line-height:1.2""><span style=""font-size:11pt""><span style=""font-family:Calibri""><span style=""vertical-align:baseline""><span style=""white-space:pre-wrap"">Для уточнения имени ответчика возьмите выписку из Единого государственного реестра недвижимости (ЕГРН). Получить выписку можно в Росреестре, кадастровой палате, МФЦ, через онлайн-сервис Росреестра: </span></span></span></span><a href=""https://rosreestr.ru/wps/portal/p/cc_present/EGRN_1"" style=""text-decoration-line:none""><span style=""font-size:11pt""><span style=""font-family:Calibri""><span style=""color:#0000ff""><span style=""text-decoration-line:underline""><span style=""vertical-align:baseline""><span style=""white-space:pre-wrap"">https://rosreestr.ru/wps/portal/p/cc_present/EGRN_1</span></span></span></span></span></span></a><span style=""font-size:11pt""><span style=""font-family:Calibri""><span style=""vertical-align:baseline""><span style=""white-space:pre-wrap"">, отправить запрос почтовым отправлением в территориальный орган или офис Росреестра по месту нахождения объекта недвижимости с приложением нотариально удостоверенной копии документа, удостоверяющего личность. Стоимость получения выписки для физических лиц 300 руб.</span></span></span></span></span></p>\r\n\r\n<p dir=""ltr"" style=""margin-top:0pt; margin-bottom:0pt"">&nbsp;</p>\r\n\r\n<p dir=""ltr"" style=""margin-top:0pt; margin-bottom:0pt""><span style=""line-height:1.2""><span style=""font-size:11pt""><span style=""font-family:Calibri""><span style=""vertical-align:baseline""><span style=""white-space:pre-wrap"">Исковое заявление можно отправить в суд по почте (ценным письмом с описью) или отнести в канцелярию суда (получить отметку о приеме на втором экземпляре). Адрес суда можно найти в интернете.</span></span></span></span></span></p>\r\n\r\n<p dir=""ltr"" style=""margin-top:0pt; margin-bottom:0pt"">&nbsp;</p>\r\n\r\n<p dir=""ltr"" style=""margin-top:0pt; margin-bottom:0pt""><span style=""line-height:1.2""><span style=""font-size:11pt""><span style=""font-family:Calibri""><span style=""vertical-align:baseline""><span style=""white-space:pre-wrap"">Районный суд обязан рассмотреть данное дело в течение 2 </span></span></span></span> <span style=""font-size:11pt""><span style=""font-family:Calibri""><span style=""vertical-align:baseline""><span style=""white-space:pre-wrap"">месяцев со дня поступления заявления в суд, мировой судья в течение 1 месяца, арбитражный суд &ndash; в срок, не превышающий 3 месяцев со дня поступления заявления в суд. На практике сроки часто не соблюдаются, при этом за затягивание процесса суд никакой ответственности не несет. На практике по делам о заливе суду достаточно 2-3 (иногда 4) заседаний.</span></span></span></span></span></p>\r\n"', 1493893488, 0, 1493893488, '', ''),
(10, 2, 9, 'Рассмотрение искового заявления в суде', '"<p dir=""ltr"" style=""margin-top:0pt; margin-bottom:0pt""><span style=""line-height:1.2""><span style=""font-size:11pt""><span style=""font-family:Calibri""><span style=""vertical-align:baseline""><span style=""white-space:pre-wrap"">При рассмотрении дела в суде требуйте фиксации ежемесячной суммы, которую вам обязан выплачивать ответчик &ndash; виновник залива.</span></span></span></span></span></p>\r\n\r\n<p dir=""ltr"" style=""margin-top:0pt; margin-bottom:0pt"">&nbsp;</p>\r\n\r\n<p dir=""ltr"" style=""margin-top:0pt; margin-bottom:0pt""><span style=""line-height:1.2""><span style=""font-size:11pt""><span style=""font-family:Calibri""><span style=""vertical-align:baseline""><span style=""white-space:pre-wrap"">В суде ответчик по заливу квартиры может внести возражения по сумме ущерба, тогда дело переносится и проводится дополнительная экспертиза. </span></span></span></span></span></p>\r\n\r\n<p dir=""ltr"" style=""margin-top:0pt; margin-bottom:0pt""><span style=""line-height:1.2""><span style=""font-size:11pt""><span style=""font-family:Calibri""><span style=""vertical-align:baseline""><span style=""white-space:pre-wrap"">Выплата ущерба производится по решению суда, в размере определенного судом. Оплата производится добровольно или в принудительном порядке через судебных приставов.</span></span></span></span></span></p>\r\n\r\n<p dir=""ltr"" style=""margin-top:0pt; margin-bottom:0pt"">&nbsp;</p>\r\n\r\n<p dir=""ltr"" style=""margin-top:0pt; margin-bottom:0pt""><span style=""line-height:1.2""><span style=""font-size:11pt""><span style=""font-family:Calibri""><span style=""vertical-align:baseline""><span style=""white-space:pre-wrap"">В суде могут предложить заключить мировое соглашение. При заключения соглашения вы идете на снижение заявленной суммы иска, а ответчик обещает (!не дает гарантию) выплатить сумму. Если после мирового соглашения ответчик откажется платить, то дело передадут приставам, но сумма иска уже будет снижена. Потому мировое соглашение следует подписывать только в том случае, если есть полная уверенность, что ответчик выплатит сумму. В случае сомнения от мирового соглашения лучше отказаться.</span></span></span></span></span></p>\r\n\r\n<p dir=""ltr"" style=""margin-top:0pt; margin-bottom:0pt"">&nbsp;</p>\r\n\r\n<p dir=""ltr"" style=""margin-top:0pt; margin-bottom:0pt""><span style=""line-height:1.2""><span style=""font-size:11pt""><span style=""font-family:Calibri""><span style=""vertical-align:baseline""><span style=""white-space:pre-wrap"">Если в суде будут на вас давить, чтобы вы согласились на мировое соглашение, спокойно объясните, что такую возможность вы ответчику уже предоставляли, а он отказался.</span></span></span></span></span></p>\r\n\r\n<p dir=""ltr"" style=""margin-top:0pt; margin-bottom:0pt"">&nbsp;</p>\r\n\r\n<p dir=""ltr"" style=""margin-top:0pt; margin-bottom:0pt""><span style=""line-height:1.2""><span style=""font-size:11pt""><span style=""font-family:Calibri""><span style=""vertical-align:baseline""><span style=""white-space:pre-wrap"">Если квартира ответчика оформлена, например, на инвалида, то по суду вам будет начисляться небольшая сумма, вычитаемая из пенсии. Ответчика также могут признать безработным и неспособным выплатить сумму сразу. В этом случае может быть выгоднее согласится получить сумму по мировому соглашению.</span></span></span></span></span></p>\r\n"', 1493893536, 0, 1493893536, '', ''),
(11, 2, 10, 'Если вы не согласны с решением суда, подайте жалобу', '"<p dir=""ltr"" style=""margin-top:0pt; margin-bottom:0pt""><span style=""line-height:1.2""><span style=""font-size:11pt""><span style=""font-family:Calibri""><span style=""vertical-align:baseline""><span style=""white-space:pre-wrap"">Если вы не согласны с решением суда, вы можете его обжаловать в течение 10 дней со дня принятия решения суда в окончательной форме (с момента, когда судья напечатал и подписал решение). </span></span></span></span></span></p>\r\n\r\n<p dir=""ltr"" style=""margin-top:0pt; margin-bottom:0pt"">&nbsp;</p>\r\n\r\n<p dir=""ltr"" style=""margin-top:0pt; margin-bottom:0pt""><span style=""line-height:1.2""><span style=""font-size:11pt""><span style=""font-family:Calibri""><span style=""vertical-align:baseline""><span style=""white-space:pre-wrap"">Если дело о заливе помещения рассматривалось мировым судьей, апелляционная жалоба подается в районный суд, причем подача жалобы осуществляется через мирового судью.</span></span></span></span></span></p>\r\n\r\n<p dir=""ltr"" style=""margin-top:0pt; margin-bottom:0pt"">&nbsp;</p>\r\n\r\n<p dir=""ltr"" style=""margin-top:0pt; margin-bottom:0pt""><span style=""line-height:1.2""><span style=""font-size:11pt""><span style=""font-family:Calibri""><span style=""vertical-align:baseline""><span style=""white-space:pre-wrap"">Если дело о заливе помещения рассматривалось районным судом, подается кассационная жалоба в верховный суд республики, краевой, областной суд, суд города федерального значения, суд автономной области, суд автономного округа, окружной (флотский) военный суд.</span></span></span></span></span></p>\r\n\r\n<p dir=""ltr"" style=""margin-top:0pt; margin-bottom:0pt"">&nbsp;</p>\r\n\r\n<p dir=""ltr"" style=""margin-top:0pt; margin-bottom:0pt""><span style=""line-height:1.2""><span style=""font-size:11pt""><span style=""font-family:Calibri""><span style=""vertical-align:baseline""><span style=""white-space:pre-wrap"">Если вы пропустили срок обжалования, вы можете подать ходатайство о восстановлении пропущенного срока с мотивированными причинами пропуска. Как правило, срок восстанавливают.</span></span></span></span></span></p>\r\n"', 1493893592, 0, 1493893592, '', ''),
(19, 3, NULL, 'Выберите коды экономической деятельности из справочника ОКВЭД', '"<p>Коды нужно будет указать в заявлении на регистрацию ИП.</p>\r\n\r\n<p>Количество кодов, которые можно выбрать при регистрации ИП, не ограничено. Поэтому к кодам деятельности, которой вы собираетесь заняться сразу, добавьте коды деятельности, которой вы можете заняться в будущем.</p>\r\n\r\n<p>Коды выберите из классификатора <a href=""http://www.consultant.ru/document/cons_doc_LAW_163320/"" target=""_blank"">ОК 029-2014</a> (ОКВЭД2): .</p>\r\n\r\n<p>Если нужного кода в ваших регистрационных документах не будет, вы не сможете заняться этой деятельностью, пока не внесете изменения в регистрационные документы (в ЕГРИП - Единый государственный реестр индивидуальных предпринимателей).</p>\r\n"', 1493999652, 0, 1493999652, '', ''),
(20, 3, 19, 'Определите систему налогообложения', '"<p>Систему налогообложения нужно выбрать до регистрации ИП, чтобы в случае необходимости подготовить заявление о переходе на нужный режим и представить в налоговую инспекцию вместе с документами на регистрацию ИП.</p>\r\n\r\n<p>ИП может работать на основной системе налогообложения (ОСНО) и специальных налоговых режимах (УСН, ЕНВД, ПСН, ЕСХН).</p>\r\n\r\n<p>ОСНО предприниматели обычно выбирают в случаях, когда их будущим клиентам нужен вычет по налогу на добавленную стоимость (НДС). ИП на ОСНО обязаны вносить в бюджет налоги на:<br />\r\n&minus;&nbsp;&nbsp; &nbsp;доходы физических лиц (НДФЛ);<br />\r\n&minus;&nbsp;&nbsp; &nbsp;имущество физических лиц;<br />\r\n&minus;&nbsp;&nbsp; &nbsp;добавленную стоимость (НДС).</p>\r\n\r\n<h3><strong>Специальные налоговые режимы</strong></h3>\r\n<strong>УСН &ndash; упрощенная система налогообложения</strong><br />\r\n<br />\r\nУпрощенная система объединяет два разных варианта налогообложения:<br />\r\n&minus;&nbsp;&nbsp; &nbsp;УСН Доходы &ndash; налоговая ставка составляет 6% от суммы доходов (может быть снижена региональными законами до 1%).<br />\r\n&minus;&nbsp;&nbsp; &nbsp;УСН Доходы минус расходы &ndash; налогом облагается сумма доходов за минусом расходов, налоговая ставка составляет 15%, (может быть снижена региональными законами до 5%).<br />\r\nУСН Доходы выгодна при высокорентабельной деятельности (например, сдача имущества в аренду).&nbsp;<br />\r\nУСН Доходы минус расходы выгодна для менее рентабельных видов деятельности, например для торговли и производства.<br />\r\nНалоговый учет ведется в специальной Книге учета доходов и расходов.<br />\r\nНалоговая отчетность &ndash; декларация по УСН по итогам года.\r\n<p><a href=""http://www.consultant.ru/document/cons_doc_LAW_28165/d29da7b903e5cc351ee08a2f10414ccee3c12bad/#dst103572"" target=""_blank"">НК РФ Глава 26.2. Упрощенная система налогообложения</a></p>\r\n\r\n<h4><strong>ЕНВД &ndash; единый налог на вмененный доход</strong></h4>\r\nСумма ЕНВД фиксированная и не зависит от фактических доходов. Налог рассчитывается от размера предполагаемого дохода, который установлен НК РФ. &nbsp;Величина налога зависит от физических показателей: площади торгового зала, количества работников, количества транспортных средств и пр.<br />\r\nНалоговая отчетность &ndash; ежеквартальная декларация по ЕНВД &ndash; подается в налоговую инспекцию по месту деятельности ИП.\r\n<h4>Ежеквартальные платежи по налогу ЕНВД платятся в налоговую инспекцию по месту деятельности ИП.</h4>\r\n\r\n<p><strong>Важно!</strong> Если ИП на ЕНВД деятельность не ведёт, он все равно обязан ежеквартально платить налог и сдавать декларации по ЕНВД.</p>\r\n\r\n<p>ЕНВД могут применять ИП, которые ведут один из видов деятельности, указанный в <a href=""http://www.consultant.ru/document/cons_doc_LAW_28165/b0850a397891a74ad37a0dda8f29ddb551665940/"" target=""_blank"">п. 2 ст. 346.26 НК РФ</a> в муниципальном образовании, где введен данный режим.</p>\r\n\r\n<p>Применение режима ЕНВД является добровольным. Если в регионе, где вы планируете работать, &nbsp;действует закон о ЕНВД, переходить на ЕНВД вы не обязаны. По всей деятельности можно применять УСН.</p>\r\n\r\n<p>ЕНВД применяется на всей территории РФ, кроме Москвы.<br />\r\n<a href=""https://www.nalog.ru/rn66/taxation/taxes/envd/#title18"" target=""_blank"">Региональные особенности законодательства</a></p>\r\n\r\n<h4><strong>ПСН &ndash; патентная система налогообложения</strong></h4>\r\nПСН применяется в регионах, где принят местный закон о применении ПСН.\r\n\r\n<p><a href=""http://www.consultant.ru/document/cons_doc_LAW_141413/"" target=""_blank"">Классификатор видов предпринимательской деятельности, в отношении которой предусмотрена патентная система налогообложения (ПСН)</a>: &nbsp;</p>\r\n\r\n<p>ИП уплачивает стоимость патента, которая рассчитывается налоговой инспекцией и указывается в патенте.<br />\r\nПатент выдается по выбору ИП на любой срок &ndash; от 1 до 12 месяцев включительно в пределах календарного года.</p>\r\n\r\n<p>Налоговая отчетность по ПСН не предусмотрена, но ИП обязан вести учет полученных доходов по каждому патенту в книге учета доходов (форма) для контроля соблюдения установленного лимита по доходам.&nbsp;</p>\r\n\r\n<h4><strong>ЕСХН &ndash; Единый сельскохозяйственный налог</strong></h4>\r\nЕСХН могут применять ИП, которые признаются сельскохозяйственными товаропроизводителями. Ставка ЕСХН составляет 6 %. Объектом налогообложения являются доходы, уменьшенные на ограниченный перечень расходов.\r\n\r\n<p><strong>Для перехода на спецрежим &nbsp;необходимо:</strong></p>\r\n\r\n<p><strong>УСН</strong> &ndash; подать в ИФНС при регистрации ИП (или в течение 30 дней со дня регистрации) уведомление по <a href=""https://www.nalog.ru/html/sites/www.new.nalog.ru/docs/usn/LAW137553_13_20131022_143805.PDF"" target=""_blank"">форме № 26.2-1</a>;<br />\r\n<strong>ЕНВД</strong> &ndash; в течение 5 рабочих дней с даты начала соответствующей деятельности встать на учет в ИФНС по месту ее осуществления, подав заявление по <a href=""https://www.nalog.ru/rn77/about_fts/docs/4104278/"" target=""_blank"">форме № ЕНВД-2</a>;<br />\r\n<strong>ПСН</strong> &ndash; За 10 рабочих дней до начала применения ПСН подать в ИФНС заявление по <a href=""https://www.nalog.ru/rn77/taxation/taxes/patent/5953654/"" target=""_blank"">форме № 26.5-1</a> ;<br />\r\n<strong>ЕСХН</strong> &ndash; до 31.12.2016 подать в ИФНС по месту нахождения (жительства) уведомление по <a href=""http://publication.pravo.gov.ru/Document/View/0001201606230045"" target=""_blank"">форме № 26.1-1</a>.</p>\r\n\r\n<p><strong>Справочно:</strong> УСН, ЕНВД и ПСН могут применяться одновременно. В этом случае придется вести &nbsp;раздельный учет доходов и расходов по разным налоговым режимам.<br />\r\nСовет: Если вам не обязательно быть плательщиком НДС, советуем подать уведомление на применение УСН при регистрации ИП. Вы сможете также подать уведомление на применение УСН в течение &nbsp;30 дней после регистрации ИП (п. 2 ст. 346.13 НК РФ).</p>\r\n\r\n<p></p>\r\n"', 1495612436, 0, 1494000280, '', ''),
(21, 3, 20, 'Подготовьте документы для регистрации ИП', '"<p><strong>Для подачи документов для регистрации в бумажном виде:</strong></p>\r\n\r\n<p>1) Заявление о государственной регистрации физического лица в качестве индивидуального предпринимателя по <a href=""https://www.nalog.ru/rn77/related_activities/registration_ip_yl/registration_ip/order/4162994/"" target=""_blank"">форме № Р21001</a>.</p>\r\n\r\n<p>Заявление может быть заполнено как от руки печатными буквами, так и на компьютере.</p>\r\n\r\n<p>Исправления, зачеркивания не допускаются. В заполненный на компьютере и распечатанный бланк ничего нельзя вписывать от руки, кроме личной подписи.</p>\r\n\r\n<p>Личная подпись ставится в заявлении в присутствии налогового инспектора или в присутствии нотариуса при нотариальном заверении.</p>\r\n\r\n<p>2) Паспорт РФ с ксерокопией (страницы с фотографией и страницы с печатью о регистрации по месту жительства).</p>\r\n\r\n<p>3) Документ об оплате государственной пошлины. Госпошлину 800 рублей за регистрацию ИП можно оплатить в Сбербанке, через любой онлайн-банк или на сайте ФНС: https://service.nalog.ru/gp2.do.</p>\r\n\r\n<p><strong>Важно:</strong> необходимо распечатать квитанцию для предъявления в ИФНС.</p>\r\n\r\n<p>4) <a href=""https://www.nalog.ru/html/sites/www.new.nalog.ru/docs/usn/LAW137553_13_20131022_143805.PDF"" target=""_blank"">Заявление о переходе на УСН</a> (если вы приняли решение о переходе на УСН) в 2-х экземплярах: один экземпляр для инспекции ФНС, второй со штампом себе.</p>\r\n\r\n<p>5) ИНН (идентификационный номер налогоплательщика) с ксерокопией. <a href=""https://service.nalog.ru/inn.html"" target=""_blank"">Узнать ИНН можно на сайте ФНС</a>.</p>\r\n\r\n<p>При подаче документов в электронном виде через интернет заявление заполняется и подается одновременно на сайте ФНС.</p>\r\n"', 1494000559, 0, 1494000547, '800 руб.', ''),
(22, 3, 21, 'Подайте документы в инспекцию ФНС', '"<p>ИП регистрируют в ИФНС по месту его жительства. Если в паспорте нет штампа о регистрации по месту жительства, ИП может быть зарегистрирован в ИФНС по месту временной регистрации. Регистрация ИП в этом случае также будет носить временный характер. ИФНС по месту жительства можно <a href=""https://service.nalog.ru/addrno.do"" target=""_blank"">узнать на сайте ФНС</a>.</p>\r\n\r\n<p><strong>Есть несколько способов подачи документов на регистрацию ИП:</strong></p>\r\n\r\n<p>1) В инспекцию ФНС лично или через представителя по нотариально удостоверенной доверенности.</p>\r\n\r\n<p>2) Через Многофункциональный центр (МФЦ) лично или через представителя по нотариально удостоверенной доверенности. Информацию об оказании данной услуги необходимо уточнить в выбранном МФЦ.</p>\r\n\r\n<p>3) Через интернет:</p>\r\n\r\n<p><a href=""https://service.nalog.ru/gosreg/"" target=""_blank"">на сайте ФНС</a> без электронной подписи;</p>\r\n\r\n<p><a href=""https://www.gosuslugi.ru/10058/1"" target=""_blank"">на портале госуслуг</a> (на портале госуслуг нужна подтвержденная учетная запись и усиленная квалифицированная электронная подпись (УКЭП).</p>\r\n\r\n<p>4) По почте. При подаче документов по почте личная подпись в заявлении о государственной регистрации физического лица в качестве индивидуального предпринимателя заверяется у нотариуса. Все копии документов также заверяются нотариально. Документы посылаются ценным письмом с описью вложения и уведомлением о вручении.</p>\r\n\r\n<p>5) В пределах территории Москвы документы можно направить через DHL Express и Pony Express.</p>\r\n"', 1494000724, 0, 1494000724, '', ''),
(23, 3, 22, 'Получите документы по регистрации ИП', '"<p>Через 3-5 дней при подаче документов в инспекцию ФНС лично или через сайт госуслуг, или 5-8 рабочих дней при подаче документов через МФЦ, документы можно получить в инспекции ИФНС .</p>\r\n\r\n<p>При подаче документов почтой срок регистрации может увеличиться до 3-х недель.</p>\r\n\r\n<h4><strong>Документы можно получить:</strong></h4>\r\n\r\n<p>1) В ИФНС лично или через представителя по нотариально удостоверенной доверенности.</p>\r\n\r\n<p>2) По почте.</p>\r\n\r\n<p>3) В пределах территории Москвы документы можно получить также через DHL Express и Pony Express.</p>\r\n\r\n<p>Если вы подавали документы на регистрацию через интернет, при получении документов по регистрации ИП при себе нужно иметь паспорт РФ, свидетельство ИНН и распечатку квитанции об оплате госпошлины.</p>\r\n\r\n<h4><strong>Пакет документов по регистрации ИП включает следующие документы:</strong></h4>\r\n\r\n<p>1) Лист записи Единого государственного реестра индивидуальных предпринимателей (ЕГРИП).</p>\r\n\r\n<p>2) Уведомление, подтверждающее применение упрощённой системы налогообложения, если вы писали заявление о переходе на УСН.</p>\r\n\r\n<p>3) Выписку из ЕГРИП, где будут указаны, в том числе, и коды ОКВЭД.</p>\r\n\r\n<p>Уведомление о регистрации в ПФР (Пенсионный фонд России) и Уведомление о регистрации в ФФОМС (Федеральный фонд обязательного медицинского страхования). могут не выдать. В этом случае для их получения придётся обратиться в территориальные отделения ПФР и ФОМС.</p>\r\n\r\n<p>Свидетельство о присвоении кодов статистики Росстата можно <a href=""http://statreg.gks.ru/"" target=""_blank"">скачать на сайте Росстата</a>.</p>\r\n"', 1494000949, 0, 1494000949, '', '');
INSERT INTO `steps` (`id`, `object_id`, `parent_id`, `name`, `description`, `time_update`, `status`, `time_create`, `price`, `date`) VALUES
(24, 3, 23, 'Необязательные шаги', '"<h4><strong>Необязательные действия после получение документов по регистрации ИП</strong></h4>\r\n\r\n<p>После регистрации в качестве ИП вам может понадобиться (необязательно):</p>\r\n\r\n<p>1) Изготовить печать (500-1000 руб.)</p>\r\n\r\n<p>2) Открыть расчетный счет (0-3000 руб.)</p>\r\n\r\n<p>3) Получить лицензию или направить уведомление о начале деятельности</p>\r\n\r\n<p>Перечень видов деятельности, на которые требуются лицензии, приведён в <a href=""http://www.consultant.ru/document/Cons_doc_LAW_113658/6a4a5b5468ba8b99831699f7d048d2a5d7710610/"" target=""_blank"">статье 12 Федерального закона от 04.05.2011 N 99-ФЗ &laquo;О лицензировании отдельных видов деятельности&raquo;</a>.<br />\r\nПеречень видов деятельности, о начале осуществления которых необходимо известить уполномоченный орган - <a href=""http://www.consultant.ru/cons/cgi/online.cgi?req=doc&amp;base=LAW&amp;n=213831&amp;rnd=261745.2088411646&amp;from=196130-0#0"" target=""_blank"">Прил. N 1 к &laquo;Правилам представления уведомлений о начале осуществления отдельных видов предпринимательской деятельности и учета указанных уведомлений&raquo; от 16 июля 2009 г. N 584</a>.</p>\r\n\r\n<p>4) Зарегистрировать контрольно-кассовый аппарат</p>\r\n\r\n<p>Для регистрации ККТ в налоговой инспекции необходимы следующие документы:</p>\r\n\r\n<ul>\r\n <li>заявление о регистрации ККТ</li>\r\n <li>паспорт ККТ</li>\r\n <li>договор о технической поддержке, заключенный с центром технического обслуживания.</li>\r\n</ul>\r\n\r\n<p>Применение кассовых аппаратов регулирует <a href=""http://www.consultant.ru/document/cons_doc_LAW_42359/"" target=""_blank"">Федеральный закон № 54&ndash;ФЗ &laquo;О применении контрольно-кассовой техники при осуществлении наличных денежных расчетов и (или) расчетов с использованием платежных карт&raquo;</a>.</p>\r\n\r\n<p>Регистрировать и использовать кассовый аппарат не обязательно, если вы применяете Единый налог на вмененный доход (ЕНВД). Но покупатель вправе потребовать товарный чек на приобретенную продукцию.</p>\r\n\r\n<p><strong>Справочно:</strong></p>\r\n\r\n<p>1) Индивидуальные предприниматели освобождены от ведения бухгалтерского учета, но обязаны вести налоговый учет в соответствии с выбранной системой налогообложения.</p>\r\n\r\n<p>2) Прибыль индивидуального предпринимателя (ИП) сразу становится его собственностью. ИП только должен уплатить процент с прибыли по применяемой системе налогообложения.</p>\r\n\r\n<p>3) В ИП нельзя привлечь инвесторов, так как юридически невозможно заключить договор о доле в бизнесе.</p>\r\n\r\n<p>4) Некоторые виды деятельности запрещены для ИП.</p>\r\n\r\n<p>5) ИП обязан выплачивать фиксированный платеж в ПФ и ФОМС, даже если он не ведет предпринимательскую деятельность. Это обязательство снимается только после ликвидации ИП.</p>\r\n\r\n<p>6) По всем обязательствам ИП отвечает личным имуществом согласно ст. 24 ГК РФ. Поэтому если у ИП есть долги и штрафы, то их можно взыскать даже после ликвидации ИП. Исключение составляет имущество, которое не подлежит штрафным санкциям по ст. 446 ГПК РФ.</p>\r\n"', 1494001372, 0, 1494001372, '500 руб.', ''),
(25, 4, NULL, 'Выберите подходящее вам дошкольное образовательное учреждение', 'Из-за нехватки мест в дошкольных образовательных учреждениях (далее ДОУ) ВАЖНО, как можно быстрее добавить ребенка в лист ожидания на получение места в подходящем учреждении.<br />\r\n<br />\r\nПри выборе ДОУ обратите внимание на:<br />\r\n<br />\r\n<strong>Месторасположение</strong> (рядом с домом, недалеко от места работы).<br />\r\n<strong>Персонал</strong> (количество воспитателей на группу, наличие медперсонала, логопеда и психолога).<br />\r\n<strong>Программы и методики</strong>, с которыми работают воспитатели.<br />\r\n<strong>Дополнительные занятия</strong> (их наличие и стоимость).<br />\r\n<strong>Территория</strong> (наличие прогулочной площадки, ее безопасность и укомплектованность).<br />\r\n<strong>Питание</strong> (д.б. трехразовым и разнообразным).<br />\r\n<br />\r\nНеобходимую информацию ищите на официальных сайтах ДОУ или на информационных стендах учреждений.', 1499987677, 0, 1494403671, '', ''),
(26, 4, 25, 'Убедитесь, не относитесь ли вы к льготной категории', 'Льготы на <strong>внеочередное, первоочередное право</strong> поступления в ДОУ установлены федеральными и региональными нормативными актами. Чтобы воспользоваться льготой, необходимо подтвердить ее соответствующим документом при подаче заявления на зачисление ребенка в детский сад.<br />\r\n<br />\r\n<strong>Преимущественное право</strong> приема в дошкольные образовательные учреждения, как правило, устанавливается нормативными актами субъектов РФ. Получить дополнительную информацию, консультацию о таких льготах можно в территориальном органе соцзащиты.<br />\r\n<br />\r\n<strong>ВАЖНО!</strong> дополнительно региональные власти имеют возможность предлагать свои условия для поступления детей в сад.', 1499987799, 0, 1494404547, '', ''),
(27, 4, 26, 'Встаньте в очередь на получение места в ДОУ', 'Оформите заявку на зачисление в ДОУ при личном обращении в управлении образования по месту жительства (комиссия по комплектованию дошкольных учреждений).<br />\r\n<br />\r\nВ отдел по комплектованию необходимо подать <strong>заявление</strong> (оформляется на месте) и представить <strong>документы</strong>:\r\n<ul>\r\n	<li>Паспорт одного из родителей или удостоверение, подтверждающее право на опеку;</li>\r\n	<li>Оригинал свидетельства о рождении;</li>\r\n	<li>Документы на право получения каких &ndash; либо льгот (при необходимости);</li>\r\n	<li>Документ о состоянии здоровья, подтверждающий необходимость зачисления в специализированные группы (при необходимости).</li>\r\n</ul>\r\nВсе данные вносятся в книгу учета детей, и вы ставите свою подпись.<br />\r\n<br />\r\nПроследите, чтобы вам выдали специальную бумагу (талон) с номером очереди и храните ее пока не получите путевку в садик. По номеру очереди можно отследить свою позицию.<br />\r\n<br />\r\n<strong>ВАЖНО!</strong> при распределении мест в ДОУ учитывается адрес регистрации, который указан в паспорте, что вы предъявили.', 1499987893, 0, 1494404908, '', ''),
(28, 4, 27, 'Оформите документы для детского сада', 'Место в детском саду выделено. Подготовьте документы для поступления в ДОУ:<br />\r\n<br />\r\n&bull; путевка из комиссии по комплектованию дошкольных учреждений;<br />\r\n&bull; заявление (пишется на имя заведующей, образец есть в самом детском саду);<br />\r\n&bull; 2 копии свидетельства о рождении ребенка (оригинал остается у вас);<br />\r\n&bull; копия медицинского полиса (оригинал остается у вас);<br />\r\n&bull; медицинская карта ребенка (оформляется в местной поликлинике после прохождения осмотра у педиатра, он напишет, каких врачей необходимо пройти, обычно это окулист, невролог, отоларинголог, хирург, логопед, а также нужны результаты анализов, мазков и проведение ЭКГ) на получение обменной карты отводится около двух недель с момента получения путёвки;<br />\r\n&bull; прививочная карта ребенка;<br />\r\n&bull; договор между учредителем и одним из родителей (подписывается в двух экземплярах, и один остается у родителей);<br />\r\n&bull; справка из поликлиники о том, что ребенок здоров и не имел контактов с инфекционными больными (такие справки нужно оформлять каждый раз после летних каникул и после болезни ребенка);<br />\r\n&bull; анкета, представляющая основную информацию о психологических параметрах ребенка, а также об уровне его подготовки (она заполняется в добровольном порядке);<br />\r\n&bull; если есть право на льготу по оплате детского сада, то представляются подтверждающие документы.', 1499987981, 0, 1494405370, '', ''),
(29, 4, 27, 'Если не предоставляют место в ДОУ', 'Полное ведение дела в судах всех инстанций, включая обращения в органы местного самоуправления от 30 000 рублей.<br />\r\n<br />\r\nЕсли все сроки прошли, а путевка не была предоставлена, есть основания для жалобы в Департамент образования (это учреждение обязано координировать работы по комплектации групп в ДОУ).<br />\r\n<br />\r\nОбращаться с жалобами лучше письменно, предоставив лично в канцелярию письмо в 2 экземплярах с обязательной отметкой на своей копии о получении. В 10-15-дневный срок органы власти обязаны предоставить письменное разъяснение отказа в выдаче путевки в ДОУ с указанием причины.<br />\r\n<br />\r\nЕсли департамент образования не решит вопрос, обратитесь в другие органы власти (мэрию, районную администрацию, прокуратуру) или в суд с иском о защите права ребенка на образование.<br />\r\n<br />\r\nЧтобы выиграть дело о признании незаконными действий муниципалитета обратитесь за помощью к специалистам. Соберите как можно больше письменных ответов от учреждений, которые занимаются данным вопросом.Постарайтесь сделать обращение коллективным, в этом случае можно надеяться на привлечение к делу СМИ.<br />\r\n<br />\r\nКак показывает практика, суд часто выносит решение в пользу истцов, и администрацию в итоге обяжут найти место в ДОУ.Обычно на решение судебного дела уходит от двух месяцев до полугода.', 1499991215, 0, 1494405630, '30 000', '60'),
(30, 5, NULL, 'Изучите полученное налоговое уведомление', '"<p dir=""ltr"">Каждый гражданин Российской Федерации, который является собственником машины, согласно законодательству, обязан платить транспортный налог (далее ТН). Нередко владельцы машин сталкиваются с ситуацией, когда приходит налог на проданный автомобиль.</p>\r\n\r\n<p dir=""ltr""><strong>ВАЖНО! </strong>Транспортный налог на автомобиль нельзя игнорировать, даже если его начислили по ошибке. В противном случае вместе с основной суммой придется заплатить еще и штрафы за просрочку.</p>\r\n\r\n<p dir=""ltr"">Первое, что надо сделать, это посмотреть на период, за который пришла квитанция на уплату. Необходимо помнить, что налог уплачивается в текущем году за прошлый год. Не спешите обвинять налоговиков и гаишников в ошибке. Если вы продали авто в январе 2017 года, то еще дважды получите уведомление о транспортном налоге (и обязаны будете оплатить его!): за 2016 год и за месяц владения автомобилем в 2017-м. Транспортный налог платится за весь месяц владения ТС, вне зависимости от того, в какое число вы его продали. Налог, полученный за прошлый срок владения авто, вы обязаны оплатить, хотя фактически вы можете не пользоваться им уже год и более.</p>\r\n\r\n<p dir=""ltr""><strong>ВАЖНО! </strong>Если вы сдали машину в салон по системе trade-in - Вы остаетесь собственником автомобиля до оформления купли-продажи с новым собственником. Салон выступает всего лишь агентом между вами и покупателем, получая комиссионное вознаграждение. В таком случае авто может не ставиться на учет долгое время &ndash; пока машина не будет продана в салоне, и все это время именно Вы будете нести бремя уплаты транспортного налога.</p>\r\n\r\n<p dir=""ltr"">Бывают случаи, когда счет на оплату транспортного налога приходит со значительной задержкой. В подобной ситуации необходимо просто оплатить транспортный налог.</p>\r\n\r\n<p dir=""ltr""><br />\r\nЕсли Вы уверены, что в извещении указан тот период, когда машина вам не принадлежала, при оформлении сделки выполнили все грамотно, перерегистрировали автомобиль в установленные сроки, но ТН пришел прежнему владельцу, то можно начинать разбираться в споре с ГИБДД и налоговой инспекцией.</p>\r\n"', 1494407630, 0, 1494407630, '', ''),
(31, 5, 30, 'Обратитесь в подразделение ГИБДД', '"<h4 dir=""ltr"">Обратитесь в подразделение ГИБДД для установления факта снятия с учета ранее принадлежавшего вам автомобиля новым собственником.</h4>\r\n\r\n<p dir=""ltr"">Причина необоснованного налогового платежа - издержки работы бюрократической системы. В ГИБДД могли ошибиться при перерегистрации или при передаче данных. Бумаги, свидетельствующие о смене владельца авто, не дошли до налоговой инспекции, и они произвели начисление по уже устаревшей информации.</p>\r\n\r\n<p><strong>Решение:</strong> Необходимо самостоятельно отправиться в отделение ГИБДД и потребовать уведомление, свидетельствующее о смене владельца авто. В данной справке должна быть прописана дата, когда машина была зарегистрирована и дата подписания договора о купле-продаже.</p>\r\n\r\n<p dir=""ltr"">Далее с этой бумагой нужно отправиться в ваше отделение налоговой инспекции.</p>\r\n\r\n<div>&nbsp;</div>\r\n"', 1494407787, 0, 1494407787, '', ''),
(32, 5, 31, 'Обратитесь в налоговый орган с заявлением о перерасчете или отмене транспортного налога', '"<p dir=""ltr"">Наличие необоснованного налогового платежа следует оспорить в установленном порядке. Потребуется обратиться в налоговую инспекцию с заявлением о перерасчете или отмене транспортного налога. Действовать необходимо по следующей схеме:</p>\r\n\r\n<ul>\r\n <li dir=""ltr"">\r\n <p dir=""ltr"">предоставить оригинал справки из ГИБДД, подтверждающей факт перерегистрации машины в отделение налоговой инспекции, откуда пришло уведомление;</p>\r\n </li>\r\n <li dir=""ltr"">\r\n <p dir=""ltr"">написать заявление, где указывается обстоятельства сделки купли-продажи, дата регистрации ТС и данные нового владельца;</p>\r\n </li>\r\n <li dir=""ltr"">\r\n <p dir=""ltr"">к заявлению необходимо приложить копию договора купли-продажи, в котором должны быть подписи сторон, дата, сумма, за которую продали машину.</p>\r\n </li>\r\n</ul>\r\n\r\n<p dir=""ltr"">Подать запрос в налоговую можно путем личного посещения отделения, по средствам почтовой связи, через сайт ФНС или через представителя. В последнем случае требуется дополнительно составить доверенность.</p>\r\n\r\n<p>Бланк заявления можно получить непосредственно в отделении налоговой службы, куда оно подается. В заявление указывается:</p>\r\n\r\n<ul>\r\n <li dir=""ltr"">\r\n <p dir=""ltr"">информация о лице, подающем документ;</p>\r\n </li>\r\n <li dir=""ltr"">\r\n <p dir=""ltr"">данные об отделении налоговой службы;</p>\r\n </li>\r\n <li dir=""ltr"">\r\n <p dir=""ltr"">период, за который транспортный налог был начислен неверно;</p>\r\n </li>\r\n <li dir=""ltr"">\r\n <p dir=""ltr"">данные об автомобиле или ином транспортном средстве, на которое начисляется налог.</p>\r\n </li>\r\n</ul>\r\n\r\n<p>Ходатайство подкрепляется документами, доказывающими слова заявителя. Заявление рассматривается в течение 10 дней и выносится решение об отзыве налога. Вы получаете постановление, которое снимет с вас неправомерный платеж.</p>\r\n\r\n<div>&nbsp;</div>\r\n"', 1494407882, 0, 1494407882, '', ''),
(33, 6, NULL, 'Подготовьте документы для постановки ребенка в очередь на получение места в ДОУ', '"<p dir=""ltr"">В дошкольные группы образовательных организаций Москвы принимаются дети в возрасте до семи лет, зарегистрированные по месту жительства или месту пребывания в Москве. Для того, чтобы встать в очередь в детский сад необходимо подготовить пакет документов:</p>\r\n\r\n<ul>\r\n <li dir=""ltr"">\r\n <p dir=""ltr"">Свидетельство о рождении малыша.</p>\r\n </li>\r\n <li dir=""ltr"">\r\n <p dir=""ltr"">Паспорт одного из его родителей (или законного представителя).</p>\r\n </li>\r\n <li dir=""ltr"">\r\n <p dir=""ltr"">Свидетельство о наличии постоянной или временной регистрации в столице.</p>\r\n </li>\r\n <li dir=""ltr"">\r\n <p dir=""ltr"">При необходимости также необходим документ, подтверждающий право на внеочередное получение места в детском саду и медицинское заключение о направлении ребенка в специальную группу (например, оздоровительную).</p>\r\n </li>\r\n</ul>\r\n\r\n<p>Приоритетное право на зачисление в дошкольные учреждения Москвы имеют дети граждан льготных категорий</p>\r\n"', 1494411239, 0, 1494411239, '', ''),
(34, 6, 33, 'Встаньте в очередь на получение места в ДОУ', '"<p dir=""ltr"">В Москве подать заявление на поступление в детский сад родителями следующими способами:</p>\r\n\r\n<ol>\r\n <li dir=""ltr"">\r\n <p dir=""ltr"">Записать ребенка можно через<a href=""https://www.mos.ru/services/catalog/cat/3532/item/4532/729533/""> Портал Мэра и Правительства Москвы</a> mos.ru.</p>\r\n </li>\r\n</ol>\r\n\r\n<p dir=""ltr"">Электронное заявление подает один из родителей или законных представителей ребенка (опекун).</p>\r\n\r\n<p dir=""ltr"">Первое, что необходимо сделать &ndash; пройти регистрацию. Она занимает не более пары минут: достаточно заполнить упрощенную форму заявления и придумать логин с паролем.</p>\r\n\r\n<p dir=""ltr"">Вы можете подать электронное заявление в любое удобное для Вас время. В процессе оформления заявления Вы сможете выбрать от одной до трех образовательных организаций с дошкольными группами, в которые хотите записать своего ребенка, и указать желаемый год поступления.</p>\r\n\r\n<p dir=""ltr"">В заявлении можно отдельно отметить пожелание о посещении ребенком группы кратковременного пребывания и указать желаемый год поступления.</p>\r\n\r\n<p dir=""ltr"">Для подачи электронного заявления на Портале Мэра и Правительства Москвы mos.ru Вам понадобятся:</p>\r\n\r\n<ul dir=""ltr"">\r\n <li>паспортные данные заявителя;</li>\r\n <li>данные свидетельства о рождении ребенка;</li>\r\n <li>сведения о наличии постоянной или временной регистрации в Москве;</li>\r\n <li>сведения о праве на внеочередное получение места в детском саду.</li>\r\n</ul>\r\n\r\n<p dir=""ltr"">После того, как Вы заполните заявление о постановке ребенка на учет, все указанные Вами данные будут проверены на корректность в базе данных. Вы получите уведомление о статусе Вашего заявления на Ваш адрес электронной почты и в личном кабинете на Портале государственных услуг.</p>\r\n\r\n<p dir=""ltr"">Если проверка данных пройдет успешно, то заявление автоматически становится в очередь. На Ваш адрес электронной почты, а также в Ваш личный кабинет на Портале государственных услуг придет уведомление.</p>\r\n\r\n<p dir=""ltr"">Если результат проверки будет отрицательным, Вам необходимо будет в течение 20 календарных дней обратиться в окружную службу информационной поддержки с оригиналами документов, подтверждающих данные, указанные в заявлении. При непредставлении в окружную службу информационной поддержки в течение 20 календарных дней оригиналов документов заявление будет аннулировано. Вы можете подать новое заявление.</p>\r\n\r\n<p dir=""ltr"">2. Встать на очередь в детский сад в Москве через<a href=""http://md.mos.ru/presscenter/news/detail/5698003.html""> многофункциональный центр</a> предоставления услуг населению (МФЦ).</p>\r\n\r\n<p dir=""ltr"">Через МФЦ очередь в детский сад занять очень просто. Для этого одному из родителей или законному представителю (опекун) достаточно обратиться с нужным пакетом документов к одному из сотрудников центра, который поможет в заполнении заявления.</p>\r\n\r\n<p dir=""ltr"">Как только сотрудники МФЦ внесут всю необходимую информацию в базу данных электронной очереди, заявление будет заполнено и поставлено на учет, родителям сообщат его регистрационный номер, по которому можно будет в любой момент легко отследить состояние продвижения очереди.</p>\r\n\r\n<div>&nbsp;</div>\r\n"', 1494411409, 0, 1494411409, '', ''),
(35, 6, 34, 'Оформите документы в ДОУ', '"<p dir=""ltr"">Вы получили путёвку в ДОУ. В документе указаны данные ребенка, номер детского сада и число, до которого действительна ваша путёвка, поторопитесь представить документ в ДОУ. Для приема в детский сад потребуется предоставить ряд обязательных документов:</p>\r\n\r\n<ul dir=""ltr"">\r\n <li>паспорт одного из родителей;</li>\r\n <li>путевка из комиссии по укомплектованию детских садов;</li>\r\n <li>оформленное в установленной форме заявление от родителя на имя заведующей детским садом;</li>\r\n <li>свидетельство о рождении ребенка;</li>\r\n <li>копия полиса обязательного медицинского страхования;</li>\r\n <li>медицинская карта по форме №026 (оформляется в местной поликлинике);</li>\r\n <li>специальная справка из поликлиники с подтверждением здоровья ребенка;</li>\r\n <li>подтверждение льгот на оплату детского сада.</li>\r\n</ul>\r\n\r\n<p dir=""ltr"">Помимо обозначенных документов могут также потребоваться некоторые дополнительные.</p>\r\n\r\n<p dir=""ltr"">Кроме документов на поступление в детсад, родители должны отдать заведующей и документы, необходимые для оформления компенсационной выплаты:</p>\r\n\r\n<ul dir=""ltr"">\r\n <li>заявление на получение компенсации;</li>\r\n <li>номер лицевого счета одного их родителей и реквизиты банка;</li>\r\n <li>копию паспорта того родителя, на которого оформлен данный лицевой счет (страницы с фото, отметкой о прописке и регистрацией детей);</li>\r\n <li>копии свидетельств о рождении всех детей в семье младше 18 лет (в 2 экземплярах);</li>\r\n</ul>\r\n\r\n<p dir=""ltr"">Компенсация оформляется на каждого ребенка в данной семье, который посещает детский сад.</p>\r\n\r\n<p dir=""ltr"">Заключаете договор между учредителем ДОУ и одним из родителей (подписывается в двух экземплярах, один остается у родителей). Вы оформили своего ребенка в детский сад.</p>\r\n"', 1494411526, 0, 1494411526, '', ''),
(36, 7, NULL, 'Выберите подходящий Вам детский сад', '"<p dir=""ltr"">Первое, что необходимо сделать, выбрать подходящее дошкольное образовательное учреждение (далее ДОУ). Необходимую информацию можно найти на официальном сайте ДОУ или на информационном стенде в учреждении. На что следует обратить внимание:</p>\r\n\r\n<ul dir=""ltr"">\r\n <li>удаленность детского сада от места проживания;</li>\r\n <li>режим работы ДОУ;</li>\r\n <li>программы и методики, с которыми работают воспитатели;</li>\r\n <li>количество детей в группе и количество воспитателей;</li>\r\n <li>персонал;</li>\r\n <li>питание</li>\r\n <li>дополнительные занятия, и их стоимость.</li>\r\n</ul>\r\n\r\n<div>&nbsp;</div>\r\n"', 1494414365, 0, 1494414365, '', ''),
(37, 7, 36, 'Подготовьте документы для постановки в очередь на получение места в ДОУ', '"<p dir=""ltr"">Определились с выбором ДОУ. Прежде, чем встать в очередь в детский сад необходимо подготовить документы. В обычном случае, при постановке в очередь, понадобится следующее:</p>\r\n\r\n<ul dir=""ltr"">\r\n <li>паспорт одного из родителей;</li>\r\n <li>свидетельство о рождении ребенка;</li>\r\n <li>документы для подтверждения прав на льготы &mdash; если таковые имеются;</li>\r\n <li>документ о состоянии здоровья, подтверждающий необходимость зачисления в специализированные группы (при необходимости).</li>\r\n</ul>\r\n\r\n<p dir=""ltr""><strong>ВАЖНО!</strong> Перед заполнением электронной формы заявления необходимо заранее подготовить скан-образы документов. Каждый отдельный скан-образец документа может быть загружен в виде отдельного файла или нескольких файлов (частей одного документа). При этом наименование файлов должно позволять идентифицировать документ.</p>\r\n"', 1494414463, 0, 1494414463, '', ''),
(38, 7, 37, 'Встаньте в очередь на получение места в ДОУ', '"<p dir=""ltr"">В Санкт-Петербурге с 1 января 2014 года сформирована единая электронная очередь детей дошкольного возраста, нуждающихся в местах в ДОУ. Подача заявлений на поступление в детский сад родителями (законными представителями детей) осуществляется следующими способами:</p>\r\n\r\n<p dir=""ltr"">1. На портале &laquo;<a href=""https://gu.spb.ru/"">Государственные услуги в Санкт-Петербурге</a>&raquo; (https://gu.spb.ru) путем заполнения установленной формы электронного заявления, включающей необходимые сведения:</p>\r\n\r\n<ul dir=""ltr"">\r\n <li>данные о заявителе;</li>\r\n <li>адрес регистрации и фактического проживания ребенка;</li>\r\n <li>сведения о ДОО (район Санкт-Петербурга, режим пребывания в ДОО, направленность группы);</li>\r\n <li>наличие сестер или братьев, посещающих выбранные либо иные ДОО;</li>\r\n <li>основание для зачисления в группу указанной направленности (сведения о медицинских документах);</li>\r\n <li>указание (при наличии) внеочередного, первоочередного права приема в ДОО;</li>\r\n <li>прочие сведения, необходимые для зачисления в ДОО (в соответствии с законодательством).</li>\r\n</ul>\r\n\r\n<p dir=""ltr"">Прикладываете скан-образы документов, необходимых для предоставления услуги. Вы получите регистрационный номер, с помощью которого можно отслеживать движение очереди, а также изменять ранее вносимые в заявление данные (в части года поступления, наличия льготы, изменить желаемое ДОУ).</p>\r\n\r\n<p dir=""ltr"">2. Обратиться с пакетом документов в Санкт-Петербургское государственное учреждение &laquo;<a href=""https://gu.spb.ru/mfc/list/"">Многофункциональный центр предоставления государственных услуг</a>&raquo; (далее &ndash; МФЦ), сотрудники МФЦ внесут всю необходимую информацию в базу данных электронной очереди. При необходимости изменения ранее внесенной информации, Вам потребуется обратиться в МФЦ повторно.</p>\r\n\r\n<p dir=""ltr"">При этом родителям предоставляется возможность обратиться лично в постоянно действующую комиссию по комплектованию государственных дошкольных организаций (далее &ndash; Комиссия по комплектованию ДОУ) в установленное время приема для получения консультации. С контактной информацией и графиком работы Комиссий можно ознакомиться<a href=""https://gu.spb.ru/upload/iblock/384/svedeniya-_2_.doc""> здесь</a>.</p>\r\n\r\n<p dir=""ltr"">Остается ждать своей очереди, она подойдет через 2,5-3 года. Когда до вашего малыша дойдет очередь, Вам позвонят и пригласят прийти за путевкой в ДОУ.</p>\r\n\r\n<div>&nbsp;</div>\r\n"', 1494414653, 0, 1494414653, '', ''),
(39, 7, 38, 'Оформляете документы в детском саду', '"<p><meta charset=""utf-8"" />Вы получили путёвку в ДОУ. В документе указаны данные ребенка, номер детского сада и число, до которого действительна ваша путёвка, поторопитесь представить документ в ДОУ. Для приема в детский сад потребуется предоставить ряд обязательных документов:</p>\r\n\r\n<ul dir=""ltr"">\r\n <li>паспорт одного из родителей;</li>\r\n <li>путевка из комиссии по укомплектованию детских садов;</li>\r\n <li>оформленное в установленной форме заявление от родителя на имя заведующей детским садом;</li>\r\n <li>свидетельство о рождении ребенка;</li>\r\n <li>копия полиса обязательного медицинского страхования;</li>\r\n <li>медицинская карта по форме №026 (оформляется в местной поликлинике);</li>\r\n <li>специальная справка из поликлиники с подтверждением здоровья ребенка;</li>\r\n <li>подтверждение льгот на оплату детского сада.</li>\r\n</ul>\r\n\r\n<p dir=""ltr"">Помимо обозначенных документов могут также потребоваться некоторые дополнительные.</p>\r\n\r\n<p dir=""ltr"">Кроме документов на поступление в детсад, родители должны отдать заведующей и документы, необходимые для оформления компенсационной выплаты:</p>\r\n\r\n<ul dir=""ltr"">\r\n <li>заявление на получение компенсации;</li>\r\n <li>номер лицевого счета одного их родителей и реквизиты банка;</li>\r\n <li>копию паспорта того родителя, на которого оформлен данный лицевой счет (страницы с фото, отметкой о прописке и регистрацией детей);</li>\r\n <li>копии свидетельств о рождении всех детей в семье младше 18 лет (в 2 экземплярах);</li>\r\n</ul>\r\n\r\n<p dir=""ltr"">Компенсация оформляется на каждого ребенка в данной семье, который посещает детский сад.</p>\r\n\r\n<p>Заключаете договор между учредителем ДОУ и одним из родителей (подписывается в двух экземплярах, один остается у родителей). Вы оформили своего ребенка в детский сад.</p>\r\n\r\n<p>&nbsp;</p>\r\n"', 1494414741, 0, 1494414741, '', ''),
(40, 8, NULL, 'Ознакомьтесь с порядком и сроками записи ребенка в школу', '"<p dir=""ltr"">В соответствии с Федеральным законом от 29.12.2012 № 273-ФЗ &laquo;Об образовании в Российской Федерации&raquo; начальное общее образование, основное общее образование и среднее общее образование являются обязательными уровнями образования.</p>\r\n\r\n<p dir=""ltr"">Получение начального общего образования в образовательных организациях начинается по достижении детьми возраста шести лет и шести месяцев при отсутствии противопоказаний по состоянию здоровья, но не позже достижения ими возраста восьми лет. По заявлению родителей (законных представителей) детей учредитель образовательной организации вправе разрешить прием детей в образовательную организацию на обучение по образовательным программам начального общего образования в более раннем или более позднем возрасте.</p>\r\n\r\n<p dir=""ltr"">Родители (законные представители) детей имеют право выбора образовательной организации, образовательной программы и несут ответственность за выбор образовательной программы.</p>\r\n\r\n<p dir=""ltr""><strong>Прием в первые классы образовательных организаций Санкт-Петербурга включает следующие процедуры:</strong></p>\r\n\r\n<ul dir=""ltr"">\r\n <li>Заполнение формы электронного заявления;</li>\r\n <li>Представление оригиналов документов в образовательную организацию;</li>\r\n <li>Принятие решения о зачислении ребенка в первый класс или об отказе в зачислении.</li>\r\n</ul>\r\n\r\n<p dir=""ltr"">При записи в первый класс на следующий учебный год учитывается территориальный принцип, то есть главным критерием зачисления детей является близость образовательной организации к дому. Время подачи электронного заявления не влияет на принятие решения о зачислении в первый класс.</p>\r\n\r\n<p dir=""ltr""><strong>Сроки приема заявлений в первые классы утверждаются распоряжением Комитета по образованию.</strong></p>\r\n\r\n<p dir=""ltr"">С 15 декабря до 19 января: дети, имеющие преимущественное право зачисления граждан на обучение в государственные образовательные организации, т.е. прием заявлений льготных категорий граждан (в случае подачи заявления с 20 января преимущественное право реализуется на свободные места);</p>\r\n\r\n<p dir=""ltr"">С 20 января до 30 июня: дети, проживающие на закрепленной территории (в случае подачи заявления после 30 июня зачисление производится на общих основаниях);</p>\r\n\r\n<p dir=""ltr"">С 01 июля до 05 сентября: дети, не проживающие на закрепленной территории (на свободные места).</p>\r\n\r\n<p dir=""ltr"">База данных образовательных организаций Санкт-Петербурга представлена<a href=""http://petersburgedu.ru/institution?attempt=1""> здесь</a>. Выберите подходящее вашему ребенку образовательное учреждение.</p>\r\n"', 1494421930, 0, 1494421930, '', '');
INSERT INTO `steps` (`id`, `object_id`, `parent_id`, `name`, `description`, `time_update`, `status`, `time_create`, `price`, `date`) VALUES
(41, 8, 40, 'Заполните форму электронного заявления на поступление в школу', '"<p>&nbsp;</p>\r\n\r\n<p><meta charset=""utf-8"" /></p>\r\n\r\n<p dir=""ltr"">Заявления в 1 класс подаются лично родителями (законными представителями) детей исключительно в электронном виде через портал Государственных услуг либо через Многофункциональные центры Санкт-Петербурга.</p>\r\n\r\n<p dir=""ltr"">Порядок действий заявителя при подаче заявления посредством<a href=""https://gu.spb.ru/188357/short/""> Портала государственных и муниципальных услуг (функций) Санкт-Петербурга</a></p>\r\n\r\n<p dir=""ltr"">Для подачи электронного заявления посредством Портала заявитель выполняет следующие действия:</p>\r\n\r\n<p dir=""ltr"">1. изучает описание услуги;</p>\r\n\r\n<p dir=""ltr"">2. переходит по ссылке на экранную (электронную форму) заявления;</p>\r\n\r\n<p dir=""ltr"">3. проходит авторизацию в &laquo;Личном кабинете&raquo; на Портале через ЕСИА;</p>\r\n\r\n<p dir=""ltr"">4. подтверждает согласие на обработку персональных данных (устанавливает соответствующую отметку в заявлении);</p>\r\n\r\n<p dir=""ltr"">5. заполняет электронную форму заявления:</p>\r\n\r\n<ul dir=""ltr"">\r\n <li>Ввод данных в поля электронной формы заявления производится пошагово; после заполнения сведений на любом шаге можно использовать кнопку &laquo;Далее&raquo;, либо перейти на нужный шаг заполнения формы, нажав кнопку с соответствующим номером шага.</li>\r\n <li>Если в процессе заполнения полей электронной формы заявления допущены ошибки формата ввода или не заполнены обязательные поля (помеченные знаком &laquo;*&raquo;), номер соответствующего шага закрашивается красным цветом, а поля этого шага, содержащие ошибку, подсвечиваются. Подать заявление в этом случае не представляется возможным (выводится сообщение &laquo;Ошибка&raquo;). Для продолжения заполнения формы необходимо ввести корректные сведения.</li>\r\n <li>При заполнении сведений о предпочитаемых образовательных организациях, возможно, указать &mdash; до трех.</li>\r\n</ul>\r\n\r\n<p dir=""ltr"">6. подтверждает достоверность сообщенных сведений (устанавливает соответствующую отметку в заявлении);</p>\r\n\r\n<p dir=""ltr"">7. отправляет заполненное электронное заявление (нажимает соответствующую кнопку в форме заявления);</p>\r\n\r\n<p dir=""ltr"">8. получает в &laquo;Личном кабинете&raquo; на Портале и по электронной почте уведомление, подтверждающее, что заявление направлено на обработку, с указанием идентификационного номера и даты подачи заявления, при необходимости сохраняет уведомление для печати.</p>\r\n\r\n<p dir=""ltr"">Порядок действий заявителя при подаче заявления через<a href=""https://gu.spb.ru/mfc/list/""> Многофункциональные центры предоставления государственных и муниципальных услуг</a> в Санкт-Петербурге.</p>\r\n\r\n<p dir=""ltr"">Электронное заявление в первый класс можно подать в любом структурном подразделении МФЦ вне зависимости от района проживания заявителя. &nbsp;</p>\r\n\r\n<p dir=""ltr"">При подаче электронного заявления через МФЦ все действия по приему электронного заявления осуществляет специалист МФЦ, в том числе:</p>\r\n\r\n<ul dir=""ltr"">\r\n <li>определяет предмет обращения (выбор государственной услуги);</li>\r\n <li>проводит проверку полномочий лица, подающего заявление;</li>\r\n <li>заполняет электронное заявление и направляет заполненное заявление в единую автоматизированную систему;</li>\r\n <li>заверяет своей электронной подписью.</li>\r\n</ul>\r\n\r\n<p dir=""ltr"">При подаче электронного заявления в МФЦ родитель должен иметь следующие документы:</p>\r\n\r\n<ul dir=""ltr"">\r\n <li>оригинал документа, удостоверяющего личность родителя (законного представителя), или оригинал документа, удостоверяющего личность иностранного гражданина и лица без гражданства в Российской Федерации;</li>\r\n <li>оригинал свидетельства о рождении ребенка или документ, подтверждающий родство заявителя.</li>\r\n</ul>\r\n\r\n<p>Заявитель получает документ, подтверждающий, что заявление направлено на обработку, с указанием идентификационного номера и даты подачи заявления.</p>\r\n\r\n<p dir=""ltr"">Ждем приглашения в образовательную организацию с указанием даты и времени приема документов.</p>\r\n\r\n<p>&nbsp;</p>\r\n"', 1494425978, 0, 1494425978, '', ''),
(42, 8, 41, 'Представьте документы в школу ', '"<p dir=""ltr"">Направление заявителю приглашения в образовательную организацию осуществляется в следующие сроки:</p>\r\n\r\n<p dir=""ltr"">В первые классы образовательных организаций на следующий учебный год при приеме детей, имеющих преимущественное право зачисления &mdash; не ранее 10 дней с даты начала приема, но не позднее 30 дней со дня подачи заявления;</p>\r\n\r\n<p dir=""ltr"">В первые классы образовательных организаций на следующий учебный год при приеме детей, проживающих на закрепленной территории &mdash; не ранее 30 дней с даты начала приема, но не позднее 45 дней со дня подачи заявления;</p>\r\n\r\n<p dir=""ltr"">В первые классы образовательных организаций на следующий учебный год при приеме детей, не проживающих на закрепленной территории &mdash; не ранее 10 дней с даты начала приема, но не позднее 30 дней со дня подачи заявления.</p>\r\n\r\n<p dir=""ltr"">Предоставление родителем документов в школу осуществляется в соответствии с приглашением в образовательную организацию, в котором указаны дата и время приема. Для зачисления в первый класс родители предъявляют:</p>\r\n\r\n<ul dir=""ltr"">\r\n <li>свидетельство о рождении ребенка;</li>\r\n <li>свидетельство о регистрации ребенка по месту жительства или по месту пребывания на закрепленной территории или иной документ, содержащий эти сведения;</li>\r\n <li>документы, подтверждающие преимущественное право зачисления граждан на обучение в образовательную организацию (при наличии).</li>\r\n</ul>\r\n\r\n<p>Требование предоставления других документов для приема детей в первый класс образовательной организации не допускается.</p>\r\n\r\n<p dir=""ltr"">Документы представляются лично родителем (законным представителем) ребенка при предъявлении паспорта родителя (законного представителя), либо оригинала документа, удостоверяющего личность иностранного гражданина и лица без гражданства в РФ.</p>\r\n\r\n<p dir=""ltr"">Иностранные граждане и лица без гражданства все документы представляют на русском языке или вместе с заверенным в установленном порядке переводом на русский язык.</p>\r\n\r\n<p dir=""ltr"">После сдачи документов в школу, родителю выдается уведомление о регистрации документов в журнале.</p>\r\n\r\n<div>&nbsp;</div>\r\n"', 1494426105, 0, 1494426105, '', ''),
(43, 8, 42, 'Получите решения о зачислении ребенка в первый класс', '"<p dir=""ltr"">Зачисление в первый класс оформляется приказом образовательной организации в течение 7 рабочих дней после приема документов.</p>\r\n\r\n<p dir=""ltr"">Приказы о зачислении размещаются на официальном сайте школы в сети &laquo;Интернет&raquo; не позднее рабочего дня, следующего за днем выхода приказа.</p>\r\n\r\n<p dir=""ltr"">При принятии решения об отказе в зачислении в первый класс образовательная организация в течение 3 рабочих дней после принятия такого решения направляет родителю (законному представителю) уведомление об отказе в зачислении в образовательную организацию.</p>\r\n\r\n<p dir=""ltr"">Основаниями для отказа в приеме в первый класс образовательной организации являются:</p>\r\n\r\n<ul dir=""ltr"">\r\n <li>обращение лица, не относящегося к категории заявителей;</li>\r\n <li>подача заявления в период, отличающийся от периода предоставления услуги;</li>\r\n <li>непредставление в образовательную организацию документов, необходимых для получения услуги;</li>\r\n <li>отсутствие свободных мест в образовательной организации;</li>\r\n <li>наличие в электронной системе заявления, содержащего идентичные данные ребенка (идентичные фамилию, имя, отчество (при наличии), дату рождения и реквизиты свидетельства о рождении ребенка);</li>\r\n <li>возрастные ограничения (при зачислении в первые классы).</li>\r\n</ul>\r\n\r\n<p dir=""ltr"">При получении уведомлений об отказе в зачислении во все выбранные образовательные организации, родитель может обратиться:</p>\r\n\r\n<ul dir=""ltr"">\r\n <li>в отдел образования администрации района Санкт-Петербурга, на территории которого проживает ребенок, для получения информации о наличии свободных мест в образовательных организациях;</li>\r\n <li>в конфликтную комиссию для решения спорных вопросов при определении образовательной программы и (или) выбора общеобразовательной организации администрации района Санкт-Петербурга, на территории которого проживает ребенок.</li>\r\n</ul>\r\n"', 1494426186, 0, 1494426186, '', ''),
(44, 9, NULL, 'Выберите подходящую Вам школу', '"<p dir=""ltr"">Позаботиться о том, чтобы Ваш ребенок без проблем попал в школу, необходимо задолго до 1-го сентября. Родители по закону имеют право выбирать общеобразовательные учреждения:</p>\r\n\r\n<p dir=""ltr"">1. Отдать ребенка в школу &laquo;по месту жительства&raquo;, куда его обязаны принять в приоритетном порядке, без дополнительных условий, проведения отбора и вступительных испытаний.</p>\r\n\r\n<p dir=""ltr"">2. Выбрать любую другую школу, независимо от места жительства, и поступать на &laquo;свободные места&raquo;.</p>\r\n\r\n<p dir=""ltr"">При выборе образовательного учреждения из разных источников нужно собрать данные о будущей школе. Варианты могут быть следующими: официальная информация, личные впечатления об учреждении, мнения родителей, чьи дети уже посещают эту школу. На что стоит обратить внимание:</p>\r\n\r\n<ul dir=""ltr"">\r\n <li>территориальный признак;</li>\r\n <li>профиль и программа обучения школы;</li>\r\n <li>сколько дней в неделю учатся дети;</li>\r\n <li>есть ли в учебном заведении столовая и насколько хорошо в ней кормят;</li>\r\n <li>есть ли кружки или секции, платные или бесплатные;</li>\r\n <li>есть ли охранник;</li>\r\n <li>какие затраты требует школа и насколько они добровольные.</li>\r\n</ul>\r\n\r\n<p dir=""ltr"">Узнайте о наличии свободных мест в учреждении. Вы можете обратиться в администрацию учебного заведения, на информационном стенде должна быть данная информация. Кроме того, можно зайти на сайт школы, там также должны быть указаны сведения о свободных местах.</p>\r\n\r\n<p dir=""ltr"">Информация о свободных местах в первых классах должна размещаться не позднее 10 дней после того, как будет издан документ о закреплении территорий за школой. А для тех, кто хочет выбрать школу не по месту своего проживания, информация о свободных местах в образовательной организации должна размещаться не позднее 1 июля.</p>\r\n\r\n<p dir=""ltr"">Если Вы еще не определились с выбором школы, найти ее можно с помощью<a href=""http://mskobr.ru/search/name""> сервиса</a>, представленного Департаментом образования города Москвы.</p>\r\n"', 1494487370, 0, 1494487370, '', ''),
(45, 9, 44, 'Ознакомьтесь с порядком записи ребенка в школу', '"<p dir=""ltr"">Запись ребенка в 1-й класс производится только в электронном виде:</p>\r\n\r\n<p dir=""ltr"">1. на официальном сайте Мэра Москвы mos.ru в разделе &laquo;Услуги и сервисы&raquo;</p>\r\n\r\n<p dir=""ltr"">2. через многофункциональный центр предоставления услуг населению (МФЦ).</p>\r\n\r\n<p dir=""ltr"">Подать электронное заявление могут родители ребенка либо его законные представители. Для записи в школу ребенок должен быть зарегистрирован органами регистрационного учета по месту жительства или по месту пребывания на территории города Москвы. На 1 сентября предстоящего учебного года ребенку должно быть не менее 6,5 лет.</p>\r\n\r\n<p dir=""ltr"">Регистрация электронных заявлений о приеме в 1-е классы московских школ начинается 15 декабря года, предшествующего году начала обучения, и заканчивается не позднее 5 сентября года начала обучения.</p>\r\n\r\n<p dir=""ltr"">С 15 декабря по 19 января осуществляется прием заявлений у льготных категорий граждан:</p>\r\n\r\n<ul>\r\n <li>дети сотрудника полиции</li>\r\n <li>дети пожарных</li>\r\n <li>дети сотрудника уголовно-исполнительной системы</li>\r\n <li>дети сотрудника органов по контролю за оборотом наркотических средств</li>\r\n <li>дети военнослужащих</li>\r\n <li>братья и сестры детей, обучающихся в данной школе и дети сотрудников конкретной школы</li>\r\n</ul>\r\n\r\n<p dir=""ltr"">С 20 января по 30 июня подать заявление могут родители будущих первоклассников, проживающих на территории района, в котором находится выбранная школа. Приоритет будет отдаваться детям, проживающим ближе к этой школе</p>\r\n\r\n<p dir=""ltr"">С 1 июля осуществляется прием всех желающих на свободные места, независимо от района проживания ребенка.</p>\r\n\r\n<p dir=""ltr""><strong>ВАЖНО!</strong> Дети, посещающие дошкольные отделения школ, зачисляются в первые классы этих же школ путем перевода, по заявлению родителей на имя директора школы. Для таких детей не требуется заполнять электронное заявление в первый класс, поскольку в школу они зачисляются автоматически.</p>\r\n\r\n<div>&nbsp;</div>\r\n"', 1494487567, 0, 1494487567, '', ''),
(46, 9, 45, 'Подготовьте для подачи электронного заявления необходимые документы', '"<p><meta charset=""utf-8"" />Для того чтобы подать электронное заявление для записи ребенка в 1-й класс, Вам понадобятся:</p>\r\n\r\n<ul dir=""ltr"">\r\n <li>паспортные данные одного из родителей (законного представителя);</li>\r\n <li>серия и номер свидетельства о рождении ребенка;</li>\r\n <li>адрес регистрации ребенка по месту жительства или пребывания на территории города Москвы;</li>\r\n <li>СНИЛС (понадобится для регистрации на портале городских услуг).</li>\r\n</ul>\r\n\r\n<p>&nbsp;</p>\r\n"', 1494487666, 0, 1494487666, '', ''),
(47, 9, 46, 'Заполните электронное заявление на запись ребенка в школу', '"<p dir=""ltr"">1. <strong>На официальном сайте Мэра Москвы</strong><a href=""https://www.mos.ru/pgu/ru/services/link/2154""> mos.ru</a> в разделе &laquo;Услуги и сервисы&raquo;</p>\r\n\r\n<p dir=""ltr"">Данная услуга находится в Каталоге услуг MOS.RU &ndash; раздел &laquo;Образование, учеба&raquo;. Называется услуга &laquo;Запись в школу&raquo;.</p>\r\n\r\n<p dir=""ltr"">Для записи ребенка в первый класс, необходимо заполнить электронное заявление. На странице услуги в правом верхнем углу расположена кнопка &laquo;Получить услугу&raquo;. После нажатия на нее, открывается страница электронной формы заявления. Заполнение формы заявления происходит в три шага:</p>\r\n\r\n<p dir=""ltr""><strong>Ввод данных ребенка </strong>&ndash; ФИО, пол, серия и номер свидетельства о рождении, номер СНИЛС. Если ребенок имеет свидетельство о рождении иностранного образца, нужно выбрать этот тип документа в предложенном меню.</p>\r\n\r\n<p dir=""ltr"">Также необходимо указать вид регистрации ребенка в Москве &ndash; по месту жительства либо по месту пребывания (временная регистрация) и адрес регистрации.</p>\r\n\r\n<p dir=""ltr"">После заполнения указанных полей, пользователю будет предложен список школ территориального прикрепления (в районе места регистрации) с их контактными данными. Из него можно выбрать не более трех школ.</p>\r\n\r\n<p dir=""ltr""><strong>Поиск и выбор дополнительных школ</strong>. Заполнение этого шага доступно для пользователей, выбравших менее трех школ при заполнении предыдущего шага. Поиск дополнительных школ можно провести по номеру либо по местонахождению. Далее необходимо выбрать из предложенного списка основание для записи в желаемую школу &ndash; место проживания ребенка не совпадает с местом регистрации, предпочитаемая программа обучения и т. д.</p>\r\n\r\n<p dir=""ltr""><strong>Сведения о заявителе</strong>. На этом этапе вводятся данные заявителя &ndash; родителя либо законного представителя ребенка. Также здесь необходимо выбрать удобный способ уведомления о результате рассмотрения заявления &ndash; SMS-сообщение или письмо на электронную почту.</p>\r\n\r\n<p dir=""ltr"">После заполнения формы заявления необходимо все внимательно проверить. Если все верно, то надо нажать кнопку &laquo;Отправить&raquo; &ndash; и заявление будет подано. После того, как вы отправите заявление, вам придет уведомление, в котором будет указано, что ваша заявка рассмотрена.</p>\r\n\r\n<p dir=""ltr"">2. <strong>Многофункциональный центр предоставления услуг населению</strong> (МФЦ)</p>\r\n\r\n<p dir=""ltr"">Электронное заявление можно подать в любом структурном<a href=""https://www.mos.ru/pgu/ru/md/""> подразделении МФЦ</a> вне зависимости от района проживания заявителя.</p>\r\n\r\n<p dir=""ltr"">Для того чтобы подать заявление в МФЦ, требуется два документа: удостоверение личности родителя и оригинал свидетельства о рождении ребенка. Другие документы на этапе подачи заявления не требуются.</p>\r\n\r\n<p dir=""ltr"">Специалист МФЦ заполняет электронное заявление, направляет его в ведомственную информационную систему, получает подтверждение, что заявление принято в работу и выдает заявителю соответствующее уведомление о приеме заявления.</p>\r\n\r\n<p dir=""ltr"">Сотрудники МФЦ не принимают решения о зачислении или отказе в зачислении в образовательное учреждение, а лишь помогают заявителям подать заявление на предоставление этой услуги наиболее удобным способом. Специалист МФЦ не консультирует по вопросу выбора образовательных организаций из предложенного перечня.</p>\r\n\r\n<p dir=""ltr"">МФЦ лишь собирает заявления на основании действующих регламентов.</p>\r\n\r\n<p>В течение месяца после подачи электронного заявления на запись ребенка в 1-ый класс с Вами должны связаться из школы и пригласить для подачи документов. Если вы выбрали школу не вашего района проживания, то ждать приглашения придется гораздо дольше &ndash; до конца лета. В некоторых случаях вы можете получить вердикт раньше. Все зависит от ситуаций, которые возникают в каждой школе в индивидуальном порядке.</p>\r\n"', 1494487837, 0, 1494487837, '', ''),
(48, 9, 47, 'Представьте в администрацию школы документы ', '"<p dir=""ltr"">В указанные в приглашении сроки родители (законные представители) лично должны предоставить только в одну из образовательных организаций (если пришло приглашение от нескольких &mdash; необходимо выбрать) следующее:</p>\r\n\r\n<ul dir=""ltr"">\r\n <li>свидетельство о рождении ребенка;</li>\r\n <li>свидетельство о регистрации ребенка по месту жительства или по месту пребывания на закрепленной территории или иной документ, содержащий эти сведения;</li>\r\n <li>документы, подтверждающие преимущественное право зачисления граждан на обучение в образовательную организацию (при наличии).</li>\r\n</ul>\r\n\r\n<p dir=""ltr"">Требование предоставления других документов для приема детей в первый класс образовательной организации не допускается.</p>\r\n\r\n<p dir=""ltr"">Иностранные граждане и лица без гражданства все документы представляют на русском языке или вместе с заверенным в установленном порядке переводом.</p>\r\n\r\n<p dir=""ltr"">В заявлении на поступление в школу необходимо указать следующие данные:</p>\r\n\r\n<ul dir=""ltr"">\r\n <li>ФИО ребенка;</li>\r\n <li>дата и место рождения будущего ученика;</li>\r\n <li>ФИО родителей;</li>\r\n <li>адрес проживания ребенка и родителей;</li>\r\n <li>телефон родителей.</li>\r\n</ul>\r\n\r\n<p dir=""ltr"">С примерной формой заявления на прием в школу ребенка можно ознакомиться на стенде в школе или на официальном сайте выбранной образовательной организацией.</p>\r\n\r\n<p dir=""ltr"">После того как вы подадите документы, ваше заявление должны зарегистрировать в специальном журнале и выдать вам расписку в получении документов с подписью ответственного лица и печатью школы.</p>\r\n"', 1494487943, 0, 1494487943, '', ''),
(49, 9, 48, 'Получите решение о зачислении ребенка в первый класс', '"<p dir=""ltr"">Зачисление ребенка в первый класс оформляется соответствующим приказом образовательной организации.</p>\r\n\r\n<p dir=""ltr"">По закону приказ о зачислении ребенка в первый класс должен быть издан в течение 7 рабочих дней с момента подачи заявления родителем. Изданный приказ регистрируется в электронной базе, после чего ребенок получает статус первоклассника.</p>\r\n\r\n<p dir=""ltr"">Приказы о зачислении размещаются на официальном сайте школы в сети &laquo;Интернет&raquo; не позднее рабочего дня, следующего за днем выхода приказа.</p>\r\n\r\n<div>&nbsp;</div>\r\n"', 1494487999, 0, 1494487999, '', ''),
(50, 10, NULL, 'Ознакомьтесь с правилами перевода ребенка в другую школу', '"<p dir=""ltr"">Перевод ребенка в другую школу возможен в следующих случаях:<br />\r\n<br />\r\n- по инициативе совершеннолетнего обучающегося или родителей (законных представителей) несовершеннолетнего обучающегося;<br />\r\n<br />\r\n- в случае прекращения деятельности исходной организации, аннулирования или приостановления лицензии, лишения или приостановления ее государственной аккредитации по соответствующей образовательной программе или истечения срока действия государственной аккредитации по соответствующей образовательной программе.</p>\r\n\r\n<p dir=""ltr"">Ребенка можно перевести в любую общеобразовательную школу, но с учетом следующих правил:<span style=""letter-spacing: 0.05em;"">&nbsp;</span></p>\r\n\r\n<ul>\r\n <li dir=""ltr"">\r\n <p dir=""ltr"">наличие свободных мест в этой школе;</p>\r\n </li>\r\n <li dir=""ltr"">\r\n <p dir=""ltr"">приоритетное право на поступление в школу имеют дети, которые проживают на территории, закрепленной за данной образовательной организацией. &nbsp;</p>\r\n </li>\r\n</ul>\r\n\r\n<p dir=""ltr"">Перевод ребенка в другую школу состоит из двух этапов - отчисления из одной школы и приема в другую.</p>\r\n<span style=""letter-spacing: 0.05em;"">Для перевода ребенка из одной школы в другую по инициативе обучающегося или его родителей рекомендуем предпринять следующие шаги.</span>\r\n\r\n<div></div>\r\n"', 1494924412, 0, 1494844266, '', ''),
(51, 10, 50, 'Обратитесь в администрацию новой школы и получите подтверждение возможности зачисления вашего ребенка', '"<p dir=""ltr"">Для предотвращения конфликтных ситуаций, связанных с переводом ребенка в другую школу, перед отчислением из прежней школы договоритесь с руководителем принимающей школы о приеме. Проведите переговоры с директором новой школы о возможности зачисления вашего ребенка. Целесообразно получить письменное подтверждение того, что вашего ребенка примут в новой школе. В подтверждение этого вы можете получить, например, письмо о возможности приема ребенка на обучение после отчисления из прежней школы за подписью директора и с печатью школы.</p>\r\n\r\n<p dir=""ltr"">Если вы хотите перевести ребенка из обычной общеобразовательной школы в лицей или гимназию, ему предложат пройти тестирование, чтобы определить, справится ли он с возрастающими нагрузками. В таких заведениях увеличенное количество уроков и домашних заданий. Уровень и сложность тестов будет зависеть от возраста ученика и статуса новой школы. В начальной школе ребенку предложат пройти собеседование с психологом и педагогом. В средних классах он может быть протестирован по всем школьным предметам. Чтобы попасть в старшие профильные классы, возможно, придется сдать настоящий экзамен по профильным предметам. В этом случае могут помочь подготовительные курсы.</p>\r\n\r\n<div></div>\r\n"', 1494924543, 0, 1494844316, '', ''),
(52, 10, 51, 'Напишите заявление об отчислении ребенка в школе, в которой он обучается', '"<p dir=""ltr"" style=""margin-top:0pt; margin-bottom:0pt""><span style=""line-height:1.38""><span style=""font-size:11pt""><span style=""font-family:Arial""><span style=""vertical-align:baseline""><span style=""white-space:pre-wrap"">Заявление подается родителями (законными представителями) несовершеннолетнего на имя руководителя школы, в которой обучается ребенок. В заявлении на отчислении укажите следующие данные:</span></span></span></span></span></p>\r\n\r\n<ul style=""margin-top:0pt; margin-bottom:0pt"">\r\n <li dir=""ltr"" style=""list-style-type:disc; font-size:11pt; font-family:Arial; vertical-align:baseline"">\r\n <p dir=""ltr"" style=""margin-top:0pt; margin-bottom:0pt""><span style=""line-height:1.38""><span style=""font-size:11pt""><span style=""vertical-align:baseline""><span style=""white-space:pre-wrap"">ФИО ребенка и дату его рождения;</span></span></span></span></p>\r\n </li>\r\n <li dir=""ltr"" style=""list-style-type:disc; font-size:11pt; font-family:Arial; vertical-align:baseline"">\r\n <p dir=""ltr"" style=""margin-top:0pt; margin-bottom:0pt""><span style=""line-height:1.38""><span style=""font-size:11pt""><span style=""vertical-align:baseline""><span style=""white-space:pre-wrap"">класс, в котором он обучается;</span></span></span></span></p>\r\n </li>\r\n <li dir=""ltr"" style=""list-style-type:disc; font-size:11pt; font-family:Arial; vertical-align:baseline"">\r\n <p dir=""ltr"" style=""margin-top:0pt; margin-bottom:0pt""><span style=""line-height:1.38""><span style=""font-size:11pt""><span style=""vertical-align:baseline""><span style=""white-space:pre-wrap"">название новой школы, где планирует обучаться ваш ребенок (если перевод в другую школу связан с переездом в другой город, то достаточно указать населенный пункт).</span></span></span></span></p>\r\n </li>\r\n</ul>\r\n&nbsp;\r\n\r\n<p dir=""ltr"" style=""margin-top:0pt; margin-bottom:0pt""><span style=""line-height:1.38""><span style=""font-size:11pt""><span style=""font-family:Arial""><span style=""vertical-align:baseline""><span style=""white-space:pre-wrap"">Заявление о переводе может быть направлено в форме электронного документа с использованием сети Интернет.</span></span></span></span></span></p>\r\n&nbsp;\r\n\r\n<p dir=""ltr"" style=""margin-top:0pt; margin-bottom:0pt""><span style=""line-height:1.38""><span style=""font-size:11pt""><span style=""font-family:Arial""><span style=""font-weight:700""><span style=""vertical-align:baseline""><span style=""white-space:pre-wrap"">ВАЖНО!</span></span></span></span></span><span style=""font-size:11pt""><span style=""font-family:Arial""><span style=""vertical-align:baseline""><span style=""white-space:pre-wrap""> Помимо заявления в школе могут потребовать документ, который подтверждает принятие ребенка в другую школу. В этом случае можно представить письмо за подписью директора другой школы, в котором подтверждается готовность принять ребенка на обучение.</span></span></span></span></span></p>\r\n&nbsp;\r\n\r\n<p dir=""ltr"" style=""margin-top:0pt; margin-bottom:0pt""><span style=""line-height:1.38""><span style=""font-size:11pt""><span style=""font-family:Arial""><span style=""vertical-align:baseline""><span style=""white-space:pre-wrap"">После получения вашего заявления руководитель прежней школы, из которой ребенок отчисляется, в трехдневный срок издает распорядительный акт об отчислении обучающегося в порядке перевода с указанием принимающей школы.</span></span></span></span></span></p>\r\n&nbsp;\r\n\r\n<p dir=""ltr"" style=""margin-top:0pt; margin-bottom:0pt""><span style=""line-height:1.38""><span style=""font-size:11pt""><span style=""font-family:Arial""><span style=""vertical-align:baseline""><span style=""white-space:pre-wrap"">В трехдневный срок после издания этого акта в школе выдадут также справку об обучении ребенка.</span></span></span></span></span></p>\r\n\r\n<div></div>\r\n"', 1494844347, 0, 1494844347, '', ''),
(53, 10, 52, 'Заберите документы из школы, из которой отчислен ребенок', '"<p dir=""ltr"" style=""margin-top:0pt; margin-bottom:0pt""><span style=""line-height:1.38""><span style=""font-size:11pt""><span style=""font-family:Arial""><span style=""vertical-align:baseline""><span style=""white-space:pre-wrap"">При переводе в другую школу нужно будет забрать из прежнего учебного заведения следующие документы:</span></span></span></span></span></p>\r\n&nbsp;\r\n\r\n<ul style=""margin-top:0pt; margin-bottom:0pt"">\r\n <li dir=""ltr"" style=""list-style-type:disc; font-size:11pt; font-family:Arial; vertical-align:baseline"">\r\n <p dir=""ltr"" style=""margin-top:0pt; margin-bottom:0pt""><span style=""line-height:1.38""><span style=""font-size:11pt""><span style=""vertical-align:baseline""><span style=""white-space:pre-wrap"">личное дело ребенка ученика, заверенное печатью школы и подписью директора или уполномоченного им лица;</span></span></span></span></p>\r\n </li>\r\n <li dir=""ltr"" style=""list-style-type:disc; font-size:11pt; font-family:Arial; vertical-align:baseline"">\r\n <p dir=""ltr"" style=""margin-top:0pt; margin-bottom:0pt""><span style=""line-height:1.38""><span style=""font-size:11pt""><span style=""vertical-align:baseline""><span style=""white-space:pre-wrap"">медицинскую карту ребенка;</span></span></span></span></p>\r\n </li>\r\n <li dir=""ltr"" style=""list-style-type:disc; font-size:11pt; font-family:Arial; vertical-align:baseline"">\r\n <p dir=""ltr"" style=""margin-top:0pt; margin-bottom:0pt""><span style=""line-height:1.38""><span style=""font-size:11pt""><span style=""vertical-align:baseline""><span style=""white-space:pre-wrap"">документ, в котором отражены сведения об успеваемости ученика в текущем году (документ должен быть заверен печатью прежней школы и подписью руководителя или уполномоченного им лица).</span></span></span></span></p>\r\n </li>\r\n</ul>\r\n&nbsp;\r\n\r\n<p dir=""ltr"" style=""margin-top:0pt; margin-bottom:0pt""><span style=""line-height:1.38""><span style=""font-size:11pt""><span style=""font-family:Arial""><span style=""vertical-align:baseline""><span style=""white-space:pre-wrap"">Если учебники закупались школой, сдайте их в библиотеку и получите справку об этом.</span></span></span></span></span><br />\r\n&nbsp;</p>\r\n\r\n<p dir=""ltr"" style=""margin-top:0pt; margin-bottom:0pt""><span style=""line-height:1.38""><span style=""font-size:11pt""><span style=""font-family:Arial""><span style=""font-weight:700""><span style=""vertical-align:baseline""><span style=""white-space:pre-wrap"">ВАЖНО!</span></span></span></span></span><span style=""font-size:11pt""><span style=""font-family:Arial""><span style=""vertical-align:baseline""><span style=""white-space:pre-wrap""> Если перевод обучающегося в другое образовательное учреждение осуществляется в связи с переездом в другой регион (субъект РФ), возможно, понадобится новый медицинский полис.</span></span></span></span></span></p>\r\n\r\n<div></div>\r\n"', 1494844396, 0, 1494844396, '', ''),
(54, 10, 53, 'Представьте документы в принимающую школу', '"<p dir=""ltr"" style=""margin-top:0pt; margin-bottom:0pt"">В новую образовательную организацию представляются следующие документы:</p>\r\n\r\n<div>\r\n<ul dir=""ltr"">\r\n <li>заявление на зачисление в порядке перевода в другую школу;</li>\r\n <li>паспорт родителя, который обращается с заявлением;</li>\r\n <li>документы, которые вы забрали из прежней школы.</li>\r\n</ul>\r\n\r\n<p dir=""ltr"">Заявление пишется на имя руководителя школы, в которую переводится ребенок.<br />\r\n<br />\r\n<strong>ВАЖНО!</strong> Требование представления в принимающую школу других документов, как основание для зачисления обучающихся в связи с переводом, из исходной организации не допускается.</p>\r\n<br />\r\n<br />\r\n<br />\r\n&nbsp;</div>\r\n"', 1494844574, 0, 1494844574, '', '');
INSERT INTO `steps` (`id`, `object_id`, `parent_id`, `name`, `description`, `time_update`, `status`, `time_create`, `price`, `date`) VALUES
(55, 10, 54, 'Ознакомьтесь с приказом о зачислении в новую школу', '"<p dir=""ltr"" style=""margin-top:0pt; margin-bottom:0pt""><span style=""line-height:1.38""><span style=""font-size:11pt""><span style=""font-family:Arial""><span style=""vertical-align:baseline""><span style=""white-space:pre-wrap"">Ознакомьтесь с приказом о зачислении вашего ребенка в новую школу, где будет указана дата приема и класс.</span></span></span></span></span><br />\r\n<br />\r\n<span style=""line-height:1.38""><span style=""font-size:11pt""><span style=""font-family:Arial""><span style=""vertical-align:baseline""><span style=""white-space:pre-wrap"">Данный распорядительный акт оформляется руководителем (уполномоченным им лицом) принимающей школы в течение трех рабочих дней с момента подачи вами заявления на зачисление в порядке перевода и представления в администрацию школы необходимых документов.</span></span></span></span></span></p>\r\n&nbsp;\r\n\r\n<div></div>\r\n"', 1494844688, 0, 1494844688, '', ''),
(57, 11, NULL, 'Удалите клеща сразу же, как обнаружили', '<p><span style="color:#ff0000;"><span color:=""><strong>Запишите дату и время, когда вас укусил клещ.</strong></span></span><br />\r\n<br />\r\nУдалите впившегося клеща как можно быстрее. Если клещ инфицирован, вероятность заболевания клещевым энцефалитом зависит от количества вируса, проникающего при &laquo;укусе&raquo; клеща, то есть от времени, в течение которого клещ находился в присосавшемся состоянии.</p>\r\n\r\n<p>Клеща надо постараться удалить живым вместе с головой,&nbsp;потому что в голове у клеща слюнные железы, в которых вирусы, бактерии и другие микроорганизмы.<br />\r\n<br />\r\n<strong>В коммерческой клинике удаление клеща и его фрагментов обойдется в 500-1000 рублей.</strong></p>\r\n\r\n<p><strong>Для самостоятельного удаления клеща:</strong></p>\r\n\r\n<ul>\r\n	<li>обработайте место укуса спиртсодержащим средством,</li>\r\n	<li>если есть резиновые перчатки &ndash; наденьте,</li>\r\n	<li>вытащите клеща с помощью одного из приспособлений:</li>\r\n</ul>\r\n<u><strong>Способ 1</strong></u><strong>&nbsp;Выкручивателем клеща:</strong><br />\r\n<br />\r\n<img alt="" /><img alt="" /><img alt="" src="/uploads/images/%D0%A3%D0%B4%D0%B0%D0%BB%D0%B5%D0%BD%D0%B8%D0%B5%20%D0%BA%D0%BB%D0%B5%D1%89%D0%B0%201.jpg" style="margin-left: 5px; margin-right: 5px; width: 300px; height: 198px;" /><br />\r\n<img alt="" src="/uploads/images/%D0%A3%D0%B4%D0%B0%D0%BB%D0%B5%D0%BD%D0%B8%D0%B5%20%D0%BA%D0%BB%D0%B5%D1%89%D0%B0%205.jpg" style="margin-left: 5px; margin-right: 5px; width: 300px; height: 102px;" /><br />\r\n<img alt="" /><img alt="" src="/uploads/images/%D0%A3%D0%B4%D0%B0%D0%BB%D0%B5%D0%BD%D0%B8%D0%B5%20%D0%BA%D0%BB%D0%B5%D1%89%D0%B0%202.jpg" style="margin-left: 5px; margin-right: 5px; width: 300px; height: 100px;" /><br />\r\n<img alt="" /><img alt="" /><img alt="" src="/uploads/images/%D0%A1%D0%BD%D0%B8%D0%BC%D0%BE%D0%BA.JPG" style="margin-left: 5px; margin-right: 5px; width: 150px; height: 96px;" /><img alt="" src="/uploads/images/%D0%92%D1%8B%D0%BA%D1%80%D1%83%D1%87%D0%B8%D0%B2%D0%B0%D1%82%D0%B5%D0%BB%D1%8C%20%D0%BA%D0%BB%D0%B5%D1%89%D0%B5%D0%B9%20%D1%81%D0%B0%D0%BC%D0%BE%D0%B4%D0%B5%D0%BB%D1%8C%D0%BD%D1%8B%D0%B9.jpg" style="width: 150px; height: 84px;" />\r\n<p>подведите щель (петлю) приспособления под клеща вдоль его узкой части как можно ближе к коже, далее вращайте клеща вокруг его оси (как шуруп) &ndash; при вращении шипы хоботка скручиваются и через 2-3 оборота клещ извлекается целиком.</p>\r\n\r\n<p>Самодельный выкручиватель клещей можно сделать из зажима для хлебного пакета (сделать надрез на конце и изогнуть) или вырезать из упаковочного материала, например, из упаковки для таблеток.</p>\r\n<strong><u>Способ 2</u> С помощью нити:</strong><br />\r\nЗавяжите прочную (синтетическую) нить вокруг головки клеща в виде петли на узел максимально близко к хоботку клеща как можно ближе к коже, сделайте несколько оборотов, чтобы не разорвать клеща ниткой пополам.\r\n<p>Растянув концы нитки в стороны раскачивающе-выкручивающими движениями аккуратно удалите клеща, немного подтягивая его. Не совершайте резких движений, тяните медленно, без рывков и с остановками.<br />\r\n<img alt="" /><img alt="" src="/uploads/images/%D0%A3%D0%B4%D0%B0%D0%BB%D0%B5%D0%BD%D0%B8%D0%B5%20%D0%BA%D0%BB%D0%B5%D1%89%D0%B0%20%D0%BD%D0%B8%D1%82%D0%BA%D0%BE%D0%B9.jpg" style="margin: 5px; width: 200px; height: 150px;" /><br />\r\nИли, после того, как завязали нитку, скрутите оба конца нитки между собой, держа скрученую нить под углом 45 градусов к месту укуса, начинайте делать вращательные движения вокруг клеща, слегка подтягивая нить на себя:<br />\r\n<br />\r\n<img alt="" /><img alt="" src="/uploads/images/%D0%A3%D0%B4%D0%B0%D0%BB%D0%B5%D0%BD%D0%B8%D0%B5%20%D0%BA%D0%BB%D0%B5%D1%89%D0%B0%20%D0%BD%D0%B8%D1%82%D0%BA%D0%BE%D0%B9%202.jpg" style="margin-left: 5px; margin-right: 5px; width: 200px; height: 225px;" /></p>\r\n\r\n<p>Как это сделать, смотрите здесь:</p>\r\n\r\n<p><span style="color:#3300ff;">https://www.youtube.com/embed/zxRPkzxYUqQ<br />\r\n<br />\r\n&lt;iframe width=&quot;560&quot; height=&quot;315&quot; src=&quot;https://www.youtube.com/embed/zxRPkzxYUqQ&quot; frameborder=&quot;0&quot; allowfullscreen&gt;&lt;/iframe&gt;</span></p>\r\n\r\n<p></p>\r\n<strong><u>Способ 3</u> Пинцетом:</strong>\r\n\r\n<p>Захватите клеща пинцетом у хоботка близко коже не сдавливая брюшко, вращайте клеща вокруг его оси.</p>\r\n\r\n<p><img alt="" /><img alt="" src="/uploads/images/%D0%A3%D0%B4%D0%B0%D0%BB%D0%B5%D0%BD%D0%B8%D0%B5%20%D0%BA%D0%BB%D0%B5%D1%89%D0%B0%20%D0%BF%D0%B8%D0%BD%D1%86%D0%B5%D1%82%D0%BE%D0%BC.jpg" style="width: 200px; height: 148px; margin-left: 5px; margin-right: 5px;" /></p>\r\n\r\n<p>При использовании пинцета надо действовать очень аккуратно, так как есть большой риск сдавить (раздавить) тело клеща и занести в ранку инфекцию, что увеличит риск заражения.</p>\r\n<strong><u>Способ 4</u>&nbsp;Пальцами:</strong><br />\r\nЕсли под рукой нет ничего из вышеперечисленного, попробуйте удалить клеща пальцами. Оденьте перчатки, напальчники или обмотайте пальцы бинтом.\r\n<p>Протрите кожу спиртом.</p>\r\n\r\n<p>Вращайте клеща вокруг его оси попеременно в одну и другую сторону.</p>\r\n\r\n<p>Как это сделать, смотрите здесь:<br />\r\n<br />\r\n<span style="color:#3300ff;">https://www.youtube.com/embed/OjI9ir-33PY<br />\r\n<br />\r\n&lt;iframe width=&quot;560&quot; height=&quot;315&quot; src=&quot;https://www.youtube.com/embed/OjI9ir-33PY&quot; frameborder=&quot;0&quot; allowfullscreen&gt;&lt;/iframe&gt;</span></p>\r\n\r\n<p><span 0.05em="" letter-spacing:="" style="">После удаления клеща ранку обработайте любым антисептиком (йод, зеленка, бетадин, спирт, хлоргексидин, перекись водорода, одеколон и др.) и тщательно вымойте руки. Ранку надо каждый день обрабатывать антисептиком, фиксировать повязкой не обязательно. Ранка обычно заживает в течение недели.</span></p>\r\n\r\n<p>Если головка клеща оторвалась при удалении &ndash; при наличии головки будет видна черная точка &ndash; ее нужно удалить. Оставшаяся в коже часть может вызвать воспаление и нагноение. При отрыве головки клеща процесс инфицирования может продолжаться, так как в слюнных железах и протоках может присутствовать значительная концентрация вируса клещевого энцефалита.</p>\r\n\r\n<p>Для удаления оторвавшейся головки лучше обратиться в ближайшее лечебное учреждение.</p>\r\n\r\n<p>Если такой возможности нет, остатки клеща можно выковырнуть из ранки стерильной иглой (предварительно прокаленной на огне). После ее извлечения место укуса промыть мыльным раствором, высушить и обеззаразить спиртом, зеленкой, йодом или другим спиртосодержащим раствором.</p>\r\n\r\n<p>Если стерильной иглы и антисептиков нет, оставьте как есть &ndash; после нагноения голова (хоботок) клеща выдавится вместе с гноем.</p>\r\n\r\n<p>Работайте в резиновых перчатках или напальчниках. Не контактируйте с клещом.</p>\r\n\r\n<p><strong>Если самостоятельно удалить клеща не получается</strong>,<br />\r\nон находится в труднодоступном месте или вы опасаетесь его повредить, обратитесь в ближайшее медицинское учреждение по месту вашего нахождения (травмпункт, хирургическое отделение поликлиники, инфекционную больницу, ФАП, врачебную амбулаторию).</p>\r\n\r\n<p><strong>Узнать, где находится ближайшее медицинское учреждение, можно по телефонам:</strong></p>\r\n\r\n<ul>\r\n	<li>c городского телефона по номеру <span style="color:#ff0000;"><span color:=""><strong>03</strong></span></span></li>\r\n	<li>c мобильного телефона по номеру <span style="color:#ff0000;"><strong><span color:="">112</span></strong></span></li>\r\n</ul>\r\n\r\n<p><strong>При себе необходимо иметь паспорт и полис ОМС.<br />\r\n<br />\r\nПо полису ОМС в любом медицинском учреждении обязаны</strong>(в соответствии<strong> <a files="" href="" uploads="">СП 3.1.3310-15</a></strong>):</p>\r\n\r\n<ul>\r\n	<li>удалить клеща</li>\r\n	<li>доставить клеща на исследование на наличие опасных инфекционных болезней, свойственных территории, где он был собран</li>\r\n	<li>провести экстренную профилактику</li>\r\n	<li>в случае зараженности клеща проинформировать пострадавшего о необходимости принятия мер экстренной профилактики в течение 72 часов после присасывания под наблюдением врача-инфекциониста, а при его отсутствии - врача-терапевта.</li>\r\n</ul>\r\n\r\n<p>Если клещ укусил на территории, на которых распространен клещевой энцефалит: <strong><a 71563840="" doc="" href="" http:="" ipo="" prime="" products="" www.garant.ru="">ссылка на документ</a>&nbsp;</strong>или клещевой боррелиоз (официальный перечень территорий, опасных по клещевым боррелиозам, отсутствует, но территория распространения боррелиоза шире территорий, на которых распространен клещевой энцефалит), <span color:="" style=""><strong><span style="color:#ff0000;">удаленного клеща надо сохранить для анализа</span>.</strong></span></p>\r\n\r\n<p>Поместите удаленного клеща в чистую посуду (пробирка, пузырек, баночка и т.п.), в которую предварительно поместите немного смоченную водой гигроскопичную бумагу (фильтровальная, бумажная салфетка и др.) &ndash; важно, чтобы тело насекомого находилось во влажной среде.</p>\r\n\r\n<p>Хранение и доставка клещей с соблюдением этих условий возможны только в течение <span style="color:#ff0000;"><span color:=""><strong>2-х суток</strong></span></span> (по информации некоторых лабораторий &ndash; до 5 суток). Чем раньше вы доставите клеща, тем точнее будет анализ.</p>\r\n\r\n<p>Для исследования на энцефалит и бореллиоз можно привезти и живого, и мертвого, и часть клеща, но желательно сохранить клеща целым и живым, потому что не во всех лабораториях есть оборудование для анализа мертвого клеща или его частей.</p>\r\n\r\n<p><strong>Что не надо делать:</strong></p>\r\n\r\n<ul>\r\n	<li>Не берите и не давите клеща голыми руками &ndash; инфекция может попасть в кровь через микротрещины на коже.</li>\r\n	<li>Не удаляйте клеща зубами, в этом случае не исключается заражение возбудителями инфекций через рот.</li>\r\n	<li>Не выковыривайте клеща острыми предметами.</li>\r\n	<li>Клеща нельзя сдавливать, тащить за брюшко и резко выдергивать.</li>\r\n	<li>Клеща не нужно ничем заливать и мазать.</li>\r\n	<li>Клеща не нужно прижигать.</li>\r\n	<li>Не расчесывайте место укуса.</li>\r\n</ul>\r\n\r\n<p>Если обнаружен неприсосавшийся клещ, его снимают и уничтожают (бросают в костер, в банку с горячей водой (&gt; 60 град. по Цельсию) или маслянистой жидкостью).</p>\r\n', 1500234348, 0, 1495621757, 'Самому - бесплатно, специалист - 1000 руб.', '1 день'),
(58, 11, 57, 'Сделайте анализ клеща в течение 2-х дней с момента укуса ', '<p margin-left:0cm="" style=""><span font-size:12.0pt="" style=""><span line-height:115="" style=""><span font-family:="" style=""><span style="color:#ff0000;"><span color:=""><strong>В течение 2-х дней (48 часов)</strong></span></span> отвезите сохраненного клеща для проведения лабораторного исследования на наличие клещевых инфекций.<br />\r\n<br />\r\nАнализ клеща избавит от тревоги в случае отрицательного результата и позволит действовать осознанно и рационально в случае положительного результата.</span></span></span><br />\r\n<br />\r\n<b><span font-size:12.0pt="" style=""><span line-height:115="" style=""><span font-family:="" style="">Стоимость анализа зависит от региона, метода анализа, количества инфекций в списке&nbsp;и составляет от 500 до 1800 руб. Средняя стоимость &ndash; около 1000 руб.&nbsp;</span></span></span></b></p>\r\n<a btn="" btn-default="" btn-sm="">Нанять специалиста</a>\r\n\r\n<p margin-left:0cm="" style=""><span font-size:12.0pt="" style=""><span line-height:115="" style=""><span font-family:="" style="">Некоторые лаборатории принимают клеща до 5-ти дней со дня укуса, но наиболее информативно исследование клеща в 1-й день (24 часа) с момента снятия.</span></span></span></p>\r\n\r\n<p margin-left:0cm="" style=""><span font-size:12.0pt="" style=""><span line-height:115="" style=""><span font-family:="" style="">Для исследования на энцефалит и бореллиоз можно привезти и живого, и мертвого, и часть клеща, но желательно сохранить клеща целым и живым. Некоторые лаборатории берут на анализ только целого клеща.</span></span></span></p>\r\n\r\n<p margin-left:0cm="" style=""><span font-size:12.0pt="" style=""><span line-height:115="" style=""><span font-family:="" style="">Анализ клеща делают государственные и негосударственные учреждения.</span></span></span></p>\r\n\r\n<p><span font-size:12.0pt="" style=""><span line-height:115="" style=""><span font-family:="" style="">Адрес государственных учреждений (Центров гигиены и эпидемиологии, инфекционных больниц, лабораторий), где можно провести анализ, можно узнать:</span></span></span></p>\r\n\r\n<ul>\r\n	<li><span en-us="" lang=""><span line-height:115="" style=""><span font-family:="" style="">c</span></span></span><span font-size:12.0pt="" style=""><span line-height:115="" style=""><span font-family:="" style=""> городского телефона по номеру<b> <span style="color:#ff0000;"><span color:="">03</span></span></b></span></span></span></li>\r\n	<li><span en-us="" lang=""><span line-height:115="" style=""><span font-family:="" style="">c</span></span></span><span font-size:12.0pt="" style=""><span line-height:115="" style=""><span font-family:="" style=""> мобильного телефона по номеру<b> <span style="color:#ff0000;"><span color:="">112</span></span></b></span></span></span></li>\r\n	<li><span font-size:12.0pt="" style=""><span line-height:115="" style=""><span font-family:="" style="">в интернете.</span></span></span></li>\r\n</ul>\r\n\r\n<p><span font-size:12.0pt="" style=""><span line-height:115="" style=""><span font-family:="" style="">Список Центров гигиены и эпидемиологии <strong><a href="" http:="" region="" str_fguz.php="" structure="" www.rospotrebnadzor.ru="">здесь</a></strong>.</span></span></span></p>\r\n\r\n<p><span font-size:12.0pt="" style=""><span line-height:115="" style=""><span font-family:="" style="">Ссылки на адреса некоторых учреждений, где проводят анализ клещей, в разных регионах можно найти <strong><a encephalitis.ru="" href="" http:="" index.php="">здесь</a></strong>.</span></span></span></p>\r\n\r\n<p><b><span font-size:12.0pt="" style=""><span line-height:115="" style=""><span font-family:="" style="">Обратите внимание!</span></span></span></b><span font-size:12.0pt="" style=""><span line-height:115="" style=""><span font-family:="" style=""> Лаборатории не оказывает услугу по извлечению клеща из кожи, а проводит только диагностику извлеченных клещей. Извлекают клещей только в лечебных учреждениях (травмопункт, больница, поликлиника, ФАП, амбулатория).</span></span></span><br />\r\n<br />\r\n<b><span font-size:12.0pt="" style=""><span line-height:115="" style=""><span font-family:="" style="">Время проведения анализа 2 дня</span></span></span></b><span font-size:12.0pt="" style=""><span line-height:115="" style=""><span font-family:="" style=""> (1-й день &ndash; сдача, 2-й получение результатов анализов, иногда в тот же день, если вы привезли клеща утром).<br />\r\nЛучше заказать комплексный анализ клеща на инфекции (обязательно &ndash; на клещевой энцефалит и клещевой боррелиоз, желательно и на другие инфекции).<br />\r\nУточните, какие анализы делают в лаборатории, так как клещ у вас только один и сдать на анализ вы его можете только в одну лабораторию.&nbsp;</span></span></span></p>\r\n\r\n<p><span font-size:12.0pt="" style=""><span line-height:115="" style=""><span font-family:="" style="">Исследование клеща на клещевые инфекции осуществляется следующими методами:</span></span></span></p>\r\n\r\n<ol>\r\n	<li><span font-size:12.0pt="" style=""><span line-height:115="" style=""><span font-family:="" style="">Методом ИФА (иммуноферментный анализ) &ndash; исследование на наличие частиц вируса: на клещевой энцефалит.</span></span></span></li>\r\n	<li><span font-size:12.0pt="" style=""><span line-height:115="" style=""><span font-family:="" style="">Методом ПЦР (полимеразной цепной реакции) &ndash; выявление в клеще генетического материала возбудителя: на энцефалит, боррелиоз, анаплазмоз, эрлихиоз.</span></span></span></li>\r\n</ol>\r\n\r\n<p><span font-size:16px="" style=""><span font-family:arial="" style="">Методом ПЦР можно исследовать мертвого клеща или его часть, но этот анализ делают только в крупных городах.</span></span></p>\r\n\r\n<p><span font-size:16px="" style=""><span font-family:arial="" style="">ИФА- и ПЦР-методики дополняют друг друга.<br />\r\n<br />\r\n<strong>По полису ОМС в любом медицинском учреждении обязаны&nbsp;</strong>(в соответствии <strong><a files="" href="" uploads="">СП 3.1.3310-15</a></strong>)&nbsp;доставить клеща на исследование на наличие опасных инфекционных болезней, свойственных территории, где он был собран.</span></span><br />\r\n<br />\r\n<span font-size:16px="" style="">На практике из травмпункта и поликлиники вас могут отправить вместе с клещом в лабораторию делать анализ клеща за деньги.</span></p>\r\n\r\n<p><span font-size:16px="" style="">Если у вас возникли сложности со сдачей клеща на анализ по ОМС (через травмопункт, поликлинику, инфекционную больницу), анализ можно сделать за плату &ndash; часто это проще и быстрее, вы сами выберете лабораторию и будете уверены, что получите комплексный анализ на все опасные инфекции, а не только на клещевой энцефалит.</span></p>\r\n\r\n<p><span font-size:16px="" style=""><span line-height:115="" style=""><span font-family:="" style="">Если по результатам лабораторных исследований клеща инфекций не обнаружено, в течение 30 дней наблюдайте за своим самочувствием. Если с самочувствием все в порядке, ничего больше делать не нужно.</span></span></span></p>\r\n\r\n<p><b><span font-size:12.0pt="" style=""><span line-height:115="" style=""><span font-family:="" style="">Наличие инфекции у клеща еще не значит, что вы заболеете.</span></span></span></b></p>\r\n', 1500233322, 0, 1495622059, '500 -1800 руб.', '2 дня'),
(59, 11, 58, 'Клещ инфицирован: не позднее 4-х дней с момента укуса обратитесь за медицинской помощью', '<p>Если клещ оказался инфицирован, <span style="color:#ff0000;"><span color:=""><b>не позднее 4-х дней (96 часов) с момента укуса</b></span></span> обратитесь за медицинской помощью. Обратиться можно в медицинское учреждение по месту нахождения по полису ОМС или в платную клинику к врачу-терапевту или инфекционисту. Врач назначит соответствующее возбудителю лечение.<br />\r\n<br />\r\n<strong 0.05em="" letter-spacing:="" style="">При себе необходимо иметь паспорт, полис ОМС (или ДМС, если есть) и страховку от укуса клеща (если есть).</strong></p>\r\n\r\n<div><strong 0.05em="" letter-spacing:="" style="">Учитывая время, необходимое для анализа клеща, на обращение к врачу у вас есть 1 день (необходимо уложиться в эти сроки, чтобы вовремя начать лечение).</strong></div>\r\n\r\n<div></div>\r\n\r\n<div><strong>Стоимость консультации врача на коммерческой основе может составить от 1000 до 2500 руб.</strong></div>\r\n\r\n<p><br />\r\nНаиболее тяжелые инфекции, вызванные укусом клеща, которые протекают очень тяжело, имеют хроническое течение и длительный реабилитационный период (до 1 года) и могут привести к инвалидности и смерти:</p>\r\n\r\n<ul>\r\n	<li>боррелиоз или болезнь Лайма (бактериальная инфекция)</li>\r\n	<li>клещевой энцефалит (вирусная инфекция)</li>\r\n	<li>клещевые риккетсиозы (вызываются внутриклеточными паразитами)</li>\r\n	<li>эрлихиозы (вызывается внутриклеточными паразитами)</li>\r\n	<li>гранулоцитарный анаплазмоз(вызывается внутриклеточными паразитами)</li>\r\n	<li><font color=""><font face="" open="" sans="">геморрагическая лихорадка Крым-Конго&nbsp;</font></font>(вирусная инфекция),&nbsp;распространена на Юге России.</li>\r\n</ul>\r\n\r\n<p>Лечение обычно состоит из курса антибиотиков и иммуномодуляторов. Их лучше начать принимать <strong>в 1-е сутки после укуса клеща</strong>. Лечение должен назначить врач.<br />\r\n&nbsp;</p>\r\n\r\n<p><u><strong>1. Клещ инфицирован вирусом клещевого энцефалита</strong></u><br />\r\nВ случае, если клещ инфицирован вирусом клещевого энцефалита и <span style="color:#ff0000;"><b>с момента укуса прошло не более &ndash; 4-х дней (96 часов)</b></span>, в качестве экстренной профилактики врач может назначить серопрофилактику &ndash; <b>однократную внутримышечную инъекцию иммуноглобулина человека против клещевого энцефалита</b> (это составная часть белков сыворотки крови) в дозе 1 мл=1 ампула на 10 кг массы тела.</p>\r\n\r\n<p>Иммуноглобулин вводят лицам, непривитым против клещевого вирусного энцефалита; получившим неполный курс прививок; имеющим дефекты в вакцинальном курсе; не имеющим документального подтверждения о профилактических прививках, а также вакцинированным лицам в случае множественного присасывания клещей.</p>\r\n\r\n<p>На эффективность введения иммуноглобулина сильно влияет скорость обращения за медицинской помощью после укуса клеща, особенно для детского возраста. Инъекцию желательно сделать <strong>в течение первых 72 часов после укуса</strong>, но лучше всего &ndash; <strong>в 1-е сутки после укуса</strong>.<br />\r\n<br />\r\nВведение иммуноглобулина способно предотвратить не более 60% случаев заболевания клещевым энцефалитом.<br />\r\n<br />\r\n<strong>Стоимость иммуноглобулина:</strong></p>\r\n\r\n<ul>\r\n	<li>Инъекция иммуноглобулина в государственных медицинских учреждениях делают по назначению врача взрослым платно, детям, не привитым против клещевого энцефалита &ndash; бесплатно.</li>\r\n	<li>В платных медицинских учреждениях иммуноглобулин делают по назначению врача платно и взрослым, и детям.</li>\r\n	<li>Если вы застрахованы от укуса клеща, иммуноглобулин оплачивает страховая компания.</li>\r\n	<li>Каждая ампула (доза) иммуноглобулина стоит до 1000 рублей (1 ампула=1 мл вводится на 10 кг веса человека). <strong>Примерная стоимость инъекции для взрослого составит 6000-8000 руб.</strong></li>\r\n</ul>\r\n\r\n<p>После введения иммуноглобулина назначают также противовирусные препараты группы интерферона и витамин С для стимулирования иммунитета.</p>\r\n\r\n<p>В случаях:</p>\r\n\r\n<ul>\r\n	<li>невозможности введения иммуноглобулина,</li>\r\n	<li>при отсутствии возможности проведения лабораторного исследования клеща или крови,</li>\r\n	<li>если вы обратились к врачу, когда после присасывания клеща прошло больше 3-4 дней,</li>\r\n	<li>у вас нет денег на иммуноглобулин,</li>\r\n</ul>\r\n\r\n<p>врач может назначить экстренную профилактику клещевого энцефалита противовирусным препаратом <b><a href="http://jodantipyrin.ru/o-preparate/" target="_blank">йодантипирин</a>.</b></p>\r\n\r\n<p>Таблетки йодантипирина принимают внутрь после еды:</p>\r\n\r\n<p>по 300 мг (3 таблетки) &ndash; 3 раза в день в течение первых 2-х дней;</p>\r\n\r\n<p>по 200 мг (2 таблетки) &ndash; 3 раза в день в течение следующих 2-х дней;</p>\r\n\r\n<p>по 100 мг (1 таблетка) &ndash; 3 раза в день в течение следующих 5-ти дней.</p>\r\n\r\n<p><strong>Всего 45 таблеток за 9 дней.</strong></p>\r\n\r\n<p>Совместно иммуноглобулин и йодантипирин применять не рекомендуется.</p>\r\n\r\n<p>Йодантипирин можно также применять в качестве дополнительной меры, если вы прошли вакцинацию от клещевого энцефалита.</p>\r\n\r\n<p>Стоимость упаковки йодантипирина составляет около 200 руб. На курс экстренной профилактика после присасывания клеща необходимо 3 упаковки стоимостью около <b>600 руб</b>. <b>Срок приема &ndash; 9 дней.</b></p>\r\n\r\n<p><span style="color:#ff0000;"><b>У части врачей йодантипирин не вызывает доверия как препарат для лечения клещевых инфекций.</b></span></p>\r\n\r\n<p>На время инкубационного периода клещевого энцефалита обеспечьте сбалансированное питание, старайтесь избегать любых стрессовых ситуаций для организма (перегрева, переохлаждения, тяжелых физических нагрузок и т.д.).</p>\r\n\r\n<p><b>Важно:</b></p>\r\n\r\n<ul>\r\n	<li>В противопоказаниях к иммуноглобулину и йодантипирину значится беременность.</li>\r\n	<li>Йодантипирин противопоказан лицам с повышенной функцией щитовидной железы и повышенной чувствительностью к йоду.</li>\r\n	<li><b>Ни иммуноглобулин, ни йодантипирин не защищает от других болезней, переносимых клещами.</b></li>\r\n	<li><b>Повторное применение иммуноглобулина возможно не ранее, чем через 1 месяц после введения.</b></li>\r\n</ul>\r\n\r\n<p><br />\r\n<strong><u>2. В клеще обнаружены возбудители боррелиоза (болезни Лайма) или других инфекций</u></strong><br />\r\n<br />\r\nПри обнаружении в исследуемом клеще возбудителей боррелиоза (болезни Лайма), моноцитарного эрлихиоза, гранулоцитарного анаплазмоза или риккетсиоза <span style="color:#ff0000;"><b>в течение 5 суток после присасывания клеща</b></span> обратитесь к врачу-инфекционисту за назначением лечения антибиотиками. Для профилактики и лечения боррелиоза, эрлихиоза и анаплазмоза применяют доксициклин, амоксициллин и другие тетрациклины.</p>\r\n\r\n<p>Некоторые специалисты рекомендуют в регионах, где высокий риск заражения боррелиозом, в течение первых 3-х суток после укуса (чем раньше, тем лучше!) начать профилактику боррелиоза антибиотиками, даже не дожидаясь результатов анализа клеща.</p>\r\n\r\n<p><b>ВАЖНО!</b> <b>Решение о необходимости введения противоклещевого иммуноглобулина и назначении антибиотиков и других лекарств принимает врач!</b></p>\r\n', 1500233686, 0, 1495622393, '6 000 - 10 000 руб.', '1 день'),
(60, 11, 59, 'Не сдали клеща на анализ или есть подозрения на инфекцию: сдайте анализы крови', '<p margin-left:0cm="" style=""><span font-size:16px="" style=""><strong>Стоимость комплексного исследования крови на клещевые инфекции в платных лабораториях составит 2000-3000 руб. в зависимости от региона и списка инфекций.<br />\r\n<br />\r\nСрок готовности анализов &ndash; около 1 недели.</strong></span><br />\r\n<br />\r\n<strong><span font-size:12.0pt="" style=""><span line-height:115="" style=""><span font-family:="" style="">Если после укуса клеща:</span></span></span></strong></p>\r\n\r\n<ul>\r\n	<li><span font-size:12.0pt="" style=""><span line-height:115="" style=""><span font-family:="" style="">вы не сдали клеща на анализ,</span></span></span></li>\r\n	<li><span font-size:12.0pt="" style=""><span line-height:115="" style=""><span font-family:="" style="">или по результатам анализа выяснилось, что клещ является переносчиком клещевого энцефалита, боррелиоза</span></span></span></li>\r\n	<li><span font-size:12.0pt="" style=""><span line-height:115="" style=""><span font-family:="" style="">или появились какие-либо симптомы (повышение температуры, головная боль, слабость, недомогание и др.)</span></span></span></li>\r\n</ul>\r\n\r\n<p><span font-size:16px="" style=""><span line-height:115="" style=""><span font-family:="" style="">сдайте анализ крови на клещевой энцефалит, клещевой боррелиоз и другие клещевые инфекции, даже если вы себя хорошо чувствуете и&nbsp;</span></span>вам провели экстренную&nbsp;профилактику.&nbsp;</span><span font-size:12.0pt="" style=""><span line-height:115="" style=""><span font-family:="" style=""><span font-size:16px="" style="">Боррелиоз (болезнь Лайма) может протекать и бессимптомно.</span></span></span></span><br />\r\n<br />\r\n<span font-size:12.0pt="" style=""><span line-height:115="" style=""><span font-family:="" style="">Кровь сдается натощак</span></span></span> <span font-size:12.0pt="" style=""><span line-height:115="" style=""><span font-family:="" style="">(после приема пищи должно пройти не менее 4-х часов), не курить в течение 30 минут до сдачи крови.</span></span></span></p>\r\n\r\n<p margin-left:0cm="" style=""><b><span font-size:12.0pt="" style=""><span line-height:115="" style=""><span font-family:="" style="">При себе необходимо иметь паспорт, полис ОМС (или ДМС, если есть) и страховку от укуса клеща (если есть).</span></span></span></b></p>\r\n\r\n<p margin-left:0cm="" style=""><span font-size:12.0pt="" style=""><span line-height:115="" style=""><span font-family:="" style="">Исследование сыворотка крови на клещевые инфекции осуществляется следующими методами:</span></span></span></p>\r\n\r\n<ol>\r\n	<li><span font-size:12.0pt="" style=""><span line-height:115="" style=""><span font-family:="" style="">ИФА (иммуноферментный анализ) &ndash; исследование крови на наличие антител (IgM, IgG) или частицы вируса в крови.</span></span></span></li>\r\n	<li><span font-size:12.0pt="" style=""><span line-height:115="" style=""><span font-family:="" style="">ПЦР выявление в клеще или в крови генетического материала возбудителя).</span></span></span></li>\r\n</ol>\r\n\r\n<p><span font-size:12.0pt="" style=""><span line-height:115="" style=""><span font-family:="" style="">ИФА- и ПЦР-методики дополняют друг друга. </span></span></span></p>\r\n\r\n<p margin-left:0cm="" style=""><b><span font-size:12.0pt="" style=""><span line-height:115="" style=""><span font-family:="" style="">Сроки сдачи крови на анализ</span></span></span></b></p>\r\n\r\n<p margin-left:0cm="" style=""><span font-size:12.0pt="" style=""><span line-height:115="" style=""><span font-family:="" style="">Кровь на клещевые инфекции сдается на анализ <strong>на 10-20 день после укуса</strong>:</span></span></span></p>\r\n\r\n<ul>\r\n	<li><b><span font-size:12.0pt="" style=""><span line-height:115="" style=""><span font-family:="" style="">через 10 дней</span></span></span></b><span font-size:12.0pt="" style=""><span line-height:115="" style=""><span font-family:="" style=""> &ndash; на боррелиоз и энцефалит методом ПЦР (методом ПЦР можно определить наличие клещевого энцефалита, клещевого боррелиоза, гранулоцитарного анаплазмоза, моноцитарного эрлихиоза);</span></span></span></li>\r\n	<li><b><span font-size:12.0pt="" style=""><span line-height:115="" style=""><span font-family:="" style="">через 2 недели (14 дней)</span></span></span></b><span font-size:12.0pt="" style=""><span line-height:115="" style=""><span font-family:="" style=""> &ndash; на антитела типа IgM против вируса клещевого энцефалита,</span></span></span></li>\r\n	<li><b><span font-size:12.0pt="" style=""><span line-height:115="" style=""><span font-family:="" style="">через З-4 недели (21-30 дней)</span></span></span></b><span font-size:12.0pt="" style=""><span line-height:115="" style=""><span font-family:="" style=""> &ndash; на антитела типа IgM против возбудителя боррелиоза.</span></span></span></li>\r\n</ul>\r\n\r\n<p><span font-size:16px="" style=""><span font-family:arial="" style="">Перед сдачей анализов проконсультируйтесь с лечащим врачом или врачом лаборатории, в какие сроки и какие анализы вам нужно сдать.</span><br />\r\n<br />\r\nЕсли результаты анализа будут положительными, это означает, что клещ заразил вас инфекцией.<br />\r\n<br />\r\nСдать кровь на анализ можно бесплатно в поликлинике по месту жительства в рамках ОМС. Для этого нужно обратиться к терапевту или инфекционисту.<br />\r\n<br />\r\nНа практике кровь часто приходится сдавать за деньги в частных лабораториях.<br />\r\n<br />\r\nЕсли анализ крови не подтвердил инфицирование, опасности нет, но за самочувствием надо понаблюдать.<br />\r\n<br />\r\n<strong>Если анализ крови подтвердил инфицирование, необходимо обратиться за лечением к врачу-терапевту или инфекционисту для постановки диагноза, госпитализации, лечения и медицинского наблюдения.</strong><br />\r\n<br />\r\nПосле курса лечения проводят еще один анализ крови, при положительном результате продолжают лечение, а при отрицательном &ndash; целесообразно повторить анализ кровь через 3-6 месяцев для исключения рецидивов.</span></p>\r\n', 1500233737, 0, 1495624189, '2000 - 3000', '20 - 30 дней');
INSERT INTO `steps` (`id`, `object_id`, `parent_id`, `name`, `description`, `time_update`, `status`, `time_create`, `price`, `date`) VALUES
(61, 11, 57, 'Не сдали клеща и кровь на анализ: в течение 1 месяца наблюдайтесь у врача и следите за самочувствием', '<p margin-left:0cm="" style=""><span font-size:12.0pt="" style=""><span line-height:115="" style=""><span font-family:="" style="">Если по каким-то причинам вы не сдали клеща или кровь на анализ, надо <strong>в течение 1 месяца с момента укуса</strong> наблюдаться у инфекциониста.</span></span></span><br />\r\n<br />\r\n<span font-size:16px="" style=""><span font-family:arial="" style="">При отсутствии клеща экстренная профилактика клещевых инфекций проводится по факту присасывания клеща.</span></span></p>\r\n\r\n<p margin-left:0cm="" style=""><span font-size:12.0pt="" style=""><span line-height:115="" style=""><span font-family:="" style="">Также наблюдайте за самочувствием: не проявятся ли симптомы клещевого энцефалита, боррелиоза или других инфекций.</span></span></span></p>\r\n\r\n<p margin-left:0cm="" style=""><span font-size:12.0pt="" style=""><span line-height:115="" style=""><span font-family:="" style="">Симптомы клещевого энцефалита и клещевого боррелиоза обычно проявляются <b>в течение 2-й недели после укуса</b>. Симптомы могут возникнуть и раньше, и позже &ndash; спустя 1 месяц после заражения</span></span></span></p>\r\n\r\n<p margin-left:0cm="" style=""><strong><span font-size:12.0pt="" style=""><span line-height:115="" style=""><span font-family:="" style="">Общие симптомы: озноб, повышение температуры до 38-40, головная боль и ломота в теле.</span></span></span></strong></p>\r\n\r\n<p margin-left:0cm="" style=""><span font-size:12.0pt="" style=""><span line-height:115="" style=""><span font-family:="" style="">Главный отличительный признак боррелиоза (болезни Лайма) &ndash; мигрирующая кольцевидная эритема. Это ярко-красное пятно в месте укуса, которое постепенно увеличивается, образуя кольца. При боррелиозе эритерма может и не образовываться, а протекать с симптомами, схожими с клещевым энцефалитом.<br />\r\n<img alt="" src="/uploads/images/%D0%AD%D1%80%D0%B8%D1%82%D0%B5%D1%80%D0%BC%D0%B0.jpg" style="margin-left: 5px; margin-right: 5px; width: 200px; height: 220px;" /><br />\r\n<img alt="" /></span></span></span><span font-size:12.0pt="" style=""><span line-height:115="" style=""><span font-family:="" style="">Боррелиоз очень хорошо лечится на ранних стадиях, в запущенных случаях становится трудноизлечимым. </span></span></span></p>\r\n\r\n<p margin-left:0cm="" style=""><b><span font-size:12.0pt="" style=""><span line-height:115="" style=""><span font-family:="" style="">При любом ухудшении состояния здоровья срочно обратитесь в медицинское учреждение для обследования и возможного последующего лечения.</span></span></span></b></p>\r\n\r\n<p><br />\r\n<u><b><span font-size:12pt="" style=""><span line-height:115="" style=""><span font-family:arial="" style="">Полезная информация:</span></span></span></b></u></p>\r\n\r\n<ul>\r\n	<li><span font-size:12pt="" style=""><span line-height:115="" style=""><span font-family:arial="" style="">От клещевого энцефалита можно сделать прививку &ndash; бесплатную в поликлинике по месту жительства или платную в платной клинике.</span></span></span></li>\r\n	<li><span font-size:12pt="" style=""><span line-height:115="" style=""><span font-family:arial="" style="">В России клещевой энцефалит регистрируется в 46 субъектах, около 70% всех случаев заболевания приходится на Урал и Сибирь. Территории, на которых распространен клещевой энцефалит можно посмотреть <strong><a 8f2="" href="" http:="" iblock="" io-perechne-endemich-terr.-po-kve-v-2016-g..pdf="" rospotrebnadzor.ru="" upload="">здесь</a></strong></span></span></span></li>\r\n	<li><span font-size:12pt="" style=""><span line-height:115="" style=""><span font-family:arial="" style="">Самые&nbsp;надежные&nbsp;средства&nbsp;для предупреждения заболевания - физическая защита от укусов (одежда, защитные средства) и <strong>прививка от клещевого энцефалита</strong>.</span></span></span></li>\r\n	<li><span font-size:12pt="" style=""><span line-height:115="" style=""><span font-family:arial="" style="">Вакцины от боррелиоза не существует. У человека, переболевшего боррелиозом, не возникает устойчивого иммунитета к бактерии &ndash; он может заболеть и второй раз.</span></span></span></li>\r\n	<li><span font-size:12pt="" style=""><span line-height:115="" style=""><span font-family:arial="" style="">Боррелиоз очень хорошо лечится на ранних стадиях.</span></span></span></li>\r\n	<li><span font-size:12pt="" style=""><span line-height:115="" style=""><span font-family:arial="" style="">От укуса клеща можно застраховаться в страховой компании. Стоимость страховки от 250 до 1000 рублей. В случае укуса клещом исследование клеща на вирус и введение иммуноглобулина проводится за счёт страховой компании.</span></span></span></li>\r\n	<li><span font-size:12pt="" style=""><span line-height:115="" style=""><span font-family:arial="" style="">Стоимость лечения клещевого энцефалита и болезни Лайма может составить порядка 100 тысяч рублей и более.</span></span></span></li>\r\n</ul>\r\n', 1500233844, 0, 1495624435, '', ''),
(63, 12, NULL, 'Сделайте первые важные действия', '"<ol>\r\n <li dir=""ltr"">\r\n <p dir=""ltr""><strong>Отключите электричество</strong></p>\r\n </li>\r\n</ol>\r\n\r\n<p dir=""ltr"">Выдерните все вилки приборов из розеток и отключите электричество в распределительном щитке.</p>\r\n\r\n<ol start=""2"">\r\n <li dir=""ltr"">\r\n <p dir=""ltr""><strong>Устраните источник залива</strong></p>\r\n </li>\r\n</ol>\r\n\r\n<p dir=""ltr"">Поднимитесь к соседям-виновникам залива (<strong>звоните/стучите настойчиво!</strong>) &ndash; помогите им устранить источник залива и убрать помещения от воды.</p>\r\n\r\n<p dir=""ltr"">Если соседей дома нет или они не могут перекрыть воду (в случае прорыва стояка или батареи), срочно звоните в аварийно-диспетчерскую службу, эксплуатирующую организацию (ЖЕК, РЕУ, ДЕЗ, ТСЖ, УК &ndash; далее ЭО) и требуйте немедленного прихода сантехника для перекрытия воды. Телефоны обычно указаны в квитанции на оплату коммунальных услуг.</p>\r\n\r\n<p dir=""ltr""><span style=""color:#cc0000;""><strong>!!! Запишите время вашего обращения, номер заявки и ФИО принявшего оператора. </strong></span></p>\r\n\r\n<p dir=""ltr"">Если ваша ЭО расположена недалеко, лучше всего сходить туда и написать 2 экземпляра заявления на имя руководителя. Если соседей нет дома, укажите в заявлении требование вскрыть квартиру соседей и перекрыть воду по причине риска замыкания электропроводки и возможного пожара.</p>\r\n\r\n<p dir=""ltr"">Один экземпляр заявления с отметкой о приеме возьмите себе. Отметка должна содержать: дату принятия, ФИО принявшего лица, подпись принявшего лица, должность принявшего лица.</p>\r\n\r\n<p dir=""ltr"">Работник аварийно-диспетчерской службы должен принять срочные меры по устранению аварии, перекрыть стояки, вентили и т.п., а в выходные и праздничные дни составить Акт залива квартиры, в котором описываются все повреждения, нанесенные помещению при заливе.</p>\r\n\r\n<ol start=""3"">\r\n <li dir=""ltr"">\r\n <p dir=""ltr""><strong>Минимизируйте последствия затопления</strong></p>\r\n </li>\r\n</ol>\r\n\r\n<p dir=""ltr"">Укройте мебель полиэтиленом, поставьте под протечки емкости, положите тряпки, газеты. Уберите подальше от воды документы и ценные вещи.</p>\r\n\r\n<div></div>\r\n"', 1495905631, 0, 1495624893, '', ''),
(64, 12, 63, 'Сфотографируйте самостоятельно все повреждения', '"<p dir=""ltr"">Для этого вы можете использовать средства средств фотосъемки и видеозаписи.</p>\r\n\r\n<p dir=""ltr"">Фотосъемку и видеозапись надо начинать производить не изнутри помещения, которое затоплено, а снаружи здания, в котором расположено данное помещение от входа в подъезд многоквартирного дома.</p>\r\n\r\n<p dir=""ltr"">Можно составить Акт фотографирования пострадавшей от залива квартиры (1) (в 3-х экземплярах) и дать подписать его 2-м свидетелям, которые подтвердят в суде время и место съемки, а также тот факт, что на представленных фото именно пострадавшее от залива помещение. Фотографии с обратной стороны лучше также подписать свидетелями.</p>\r\n\r\n<p dir=""ltr"">Сделайте по несколько экземпляров фотографий. Они вам пригодятся для составления Акта залива помещения и оценки ущерба.</p>\r\n\r\n<p dir=""ltr"">Выполните схему места затопления помещения и поврежденного имущества в 3-х экземплярах и дайте подписать его 2-м свидетелям.</p>\r\n\r\n<p dir=""ltr"">Данная фиксация в последующем будет играть весомую роль в суде.</p>\r\n\r\n<div></div>\r\n"', 1495905671, 0, 1495624975, '', '2 часа'),
(65, 12, 64, 'Составьте Акт о заливе квартиры', '"После перекрытия воды вызовите представителей ЭО для составления Акта залива квартиры (2). Его составления осуществляется как правило техником ЭО, а в выходные или праздничные дни работником аварийно-диспетчерской службы, устранявшим аварию. Для составления акта также приглашаются виновники залива.<br />\r\n<br />\r\nПо законодательству акт составляется в течение 12 часов после подачи заявки.<br />\r\n<br />\r\nВ комиссии по составлению акта должно быть не менее 3-х человек: потерпевшая сторона, виновник залива, представитель ЭО. Если виновник залива отказывается от явки или не ставит подпись, необходимо отметить это в акте.<br />\r\n<br />\r\nЧасто на осмотре присутствует только пострадавшая сторона и представители ЭО. Это является нарушением прав виновника залива, но не ведет к отказу суда в возмещении ущерба.<br />\r\n<br />\r\nПригласите в состав комиссии двух свидетелей (соседей, с которыми у вас хорошие отношения, друзей), которые поставят свои подписи под документом и потом, при необходимости, выступят свидетелями в суде. Лучше всего, если это будут свидетели, которые видели сам момент залива или были приглашены вами в квартиру сразу после него. В этом случае не составит труда установить причинно-следственную связь между происшествием и повреждениями имущества. Не стоит приглашать в комиссию пожилых людей с плохой памятью, или которым трудно ходить по судам.<br />\r\n<br />\r\nОбязательно пригласите всех членов комиссии в квартиру, обратите их внимание на повреждения и места, откуда поступала вода. Нельзя просто составить документ, а затем дать его подписать людям, которые не были в вашей квартире. В процессе допроса в суде это обязательно вскроется и может привести к тому, что возмещение ущерба вы не получите.<br />\r\n<br />\r\nЗаконодательство не предусматривает четкой формы для акта о заливе помещения, но в нем должны содержаться следующие сведения:<br />\r\n<br />\r\nДата и время составления, состав комиссии (должность и ФИО), контактные данные свидетелей, данные пострадавшей квартиры (адрес, этаж, количество комнат), дату и время залива, адрес квартиры виновника залива, причину залива, виновника залива, тип воды: холодная/горячая/сточные воды, время подачи заявки на отключение воды (с указанием способа подачи &ndash; по телефону или письменно), длительность устранения причины залива, список пострадавших помещений, причинно-следственную связь между причиной залива и причиненным ущербом, характер повреждений, перечень поврежденного имущества, подписи всех членов комиссии, печать ЭО. Если виновник залива отказался от подписи или отсутствует на момент составления акта, это тоже фиксируется в акте (до подписей всех остальных лиц).<br />\r\n<br />\r\nДобивайтесь, чтобы все повреждения вашей квартиры (отделки, имущества, мебели и бытовой техники) были описаны максимально подробно. В акте важно отметить, что имущество было повреждено именно заливом квартиры. Перечень повреждений может быть оформлен на отдельном листе под названием &laquo;Дефектная опись&raquo;.<br />\r\n<br />\r\nПриложите к акту сделанные вами фотографии, желательно их завизировать всеми членами комиссии.<br />\r\n<br />\r\nПри составлении акта важно установить причину и виновника залива. Наиболее частая причина залива &ndash; ненадлежащее состояние сантехнического оборудования. Поэтому чтобы определить виновного, необходимо выяснить, кто отвечает за это оборудование.<br />\r\n<br />\r\nЧаще всего залив происходит от неисправного сантехнического оборудования, поэтому чтобы выяснить, кто виноват, необходимо знать, кто является собственником данной квартиры.<br />\r\n<br />\r\nЕсли соседи занимают квартиру по договору социального найма, то на них лежит обязанность по осуществлению текущего ремонта, а наймодатель (государство или муниципальное образование) обязан осуществлять капитальный ремонт инженерно- технического оборудования. Исходя из этого, можно определить виновника залива квартиры.<br />\r\n<br />\r\nК личному имуществу собственника квартиры относится сантехническое оборудование, прикрепленное к общедомовым стоякам, через которое вода попадает непосредственно в квартиру (краны, шланги, разводки и т.д.). Все остальное оборудование, включая батареи, располагающиеся в квартире, относятся к общему имуществу многоквартирного дома.<br />\r\n<br />\r\nЕсли причиной затопления послужило ненадлежащее состояние сантехнического оборудования, относящегося к общему имуществу многоквартирного дома, ответственность будет нести ЭО. Если же сантехническое оборудование относится к личному имуществу собственника квартиры, то отвечать будет сам собственник квартиры.<br />\r\n<br />\r\nЧтобы установить истинную причину аварии можно провести техническую экспертизу. Зачастую точно определить виновное лицо удается только в процессе судебного разбирательства о возмещении ущерба.<br />\r\n<br />\r\nПри отражении в Акте характера и объема повреждений каждый дефект следует измерить и внести в Акт с размерами и конкретным расположением на плане квартиры. Все повреждения отображаются на плане квартиры цифрами, а внизу пишется их расшифровка. При повреждении бытовой техники следует указывать ее марку и модель.<br />\r\n<br />\r\nАкт о заливе обычно составляется в 3-х экземплярах &ndash; один передается ЭО, второй &ndash; пострадавшей стороне, третий &ndash; виновнику залива. Срок составления акта &ndash; до 10 рабочих дней после выхода представителей ЭО на место залива.<br />\r\n<br />\r\nПо готовности Акта получите в ЭО оригинал акта о заливе с синей печатью.<br />\r\n<br />\r\nЕсли ЭО в нарушение закона отказывается или не направляет специалиста для составления Акта о заливе, напишите заявление в 2-х экземплярах на имя руководителя ЭО с приглашением для осмотра вашей квартиры после залива и составления Акта о заливе. Отнесите заявление в ЭО. Один экземпляр отдайте, на втором получите отметку о принятии.<br />\r\n<br />\r\nЕсли в ЭО заявление не принимают, отправьте 1 экземпляр заявления заказным письмом с уведомлением и описью вложения на адрес ЭО. Опись вложения и копию заявления с отметкой почтового отделения оставьте у себя.<br />\r\n<br />\r\nПосле этого приступайте к самостоятельному составлению акта осмотра. Пригласите соседей виновника залива и 2-х свидетелей. В Акте отметьте, что ЭО не направила специалиста для составления Акта (или не приняла заявление с приглашением с приглашением для осмотра вашей квартиры после залива и составления Акта).<br />\r\n&nbsp;"', 1495625054, 0, 1495625054, '', ''),
(66, 12, 65, 'Сделайте оценку ущерба', '"В большинстве регионов существуют законодательные акты местных властей, в соответствии с которыми ЭО обязана по просьбе пострадавших жильцов БЕСПЛАТНО составить на основании акта о заливе расценочную опись работ, предусматривающих устранение повреждений, отмеченных в Акте о заливе. Реквизиты и содержание законодательных актов можно узнать в инстанциях, ведающих вопросами ЖКХ в вашем населенном пункте (для Москвы &ndash; это Положении о порядке проведения ремонта, связанного с повреждением жилого помещения (приложение 2 к приказу Управления городского заказа Правительства Москвы № 55-48/1 и Управления жилищно-коммунального хозяйства и благоустройства Правительства Москвы № 5-37/1 от 12 марта 2001 года).<br />\r\n<br />\r\nРасценочная опись официально (с указанием регистрационного номера и даты) предъявляется виновной стороне.<br />\r\n<br />\r\nМожно сделать платную независимую оценку ущерба, которая пригодится для досудебных переговоров с виновником залива о возмещении ущерба и понадобится для обращения в суд о возмещении ущерба.<br />\r\n<br />\r\nДля независимой оценки ущерба оценщика лучше приглашать не на следующий день после залива, а когда помещение частично высохнет и повреждения станут лучше видны. До его прихода не устраняйте следы повреждений.<br />\r\nПроверьте у оценщика членство в СРО, наличие договора (полиса) о страховании гражданской ответственности оценщика, наличие специального образования в области оценочной деятельности. Если оценщик работает от оценочной компании, эту информацию можно найти на сайте компании.<br />\r\n<br />\r\nПри заказе услуг требуйте подписание договоров и правильно оформленных документов оплаты (квитанции оплаты через банк или корешок приходно-кассового ордера с кассовым чеком). Эти документы нужно будет приложить к исковому заявлению для возмещения с ответчика судебных расходов.<br />\r\n<br />\r\nДля оценки ущерба от залива необходимо подготовить следующие документы: удостоверение личности (паспорт), Акт о заливе (копия), правоустанавливающие документы на квартиру (свидетельство о государственной регистрации права (если есть), договор (купли-продажи, мены, дарения, ренты, приватизации и др.), свидетельство о праве на наследство, вступившее в законную силу решение суда) или договор соц. найма, имеющиеся документы БТИ на помещение (экспликация помещения, поэтажный план, техпаспорт, кадастровый паспорт); документы, подтверждающие стоимость поврежденного имущества &ndash; кассовые и товарные чеки, квитанции, накладные, сметы проведенных отделочных работ, договоры с подрядчиками и другие документы, в которых значится стоимость имущества, сделанные вами фото-и видео- материалы повреждений.<br />\r\n<br />\r\nПосле согласования с оценщиком даты и времени визита для осмотра повреждений заранее предупредите виновника залива о том, что будет проводиться оценка ущерба. Лучше всего &ndash; в письменной форме под роспись. Если виновника залива нет дома или он не открывает двери &ndash; направьте ему телеграмму с уведомлением о вручении (3) за 3 дня до начала работ оценщика, в телеграмме укажите дату/время проведения независимой экспертизы и предупредите, что при отсутствии его либо его представителя оценка будет проведена без его участия. При отправлении телеграммы попросите заверенную копию текста телеграммы, сохраните чек за нее и уведомление о вручении. Если виновник залива будет присутствовать при оценке ущерба, требуйте от него подписи в Акте осмотра, составленном оценщиком &ndash; либо об отсутствии замечаний, либо об их наличии. При отказе поставить подпись, попросите оценщика зафиксировать этот факт в документе.<br />\r\n<br />\r\nПри проведении осмотра поврежденного имущества обращайте внимание оценщика на все видимые повреждения и настаивайте на их отражении в Акте осмотра, замерах и фотофиксации.<br />\r\n<br />\r\nВ случае необходимости независимый оценщик может проверить работу бытовой и иной техники, поврежденной заливом.<br />\r\n<br />\r\nПри оценке ущерба учитывается цена материалов, необходимых для замены поврежденных, стоимость работы по замене и дополнительные расходы на их покупку, разметку, доставку и пр.<br />\r\n<br />\r\nПолучите на руки отчет об оценке ущерба, сделайте с него копию и вручите виновнику залива под роспись.<br />\r\n<br />\r\n<strong><span style=""color:#cc0000;"">ВАЖНО! При наличии Акта о заливе и Оценки ущерба Вы можете обратиться непосредственно к виновникам залива для разрешения конфликтной ситуации или сразу начать процедуру судебного признания претензий и взыскания ущерба.</span></strong><br />\r\n&nbsp;"', 1495625118, 0, 1495625118, '', ''),
(67, 12, 66, 'Попытайтесь мирным путем решить вопрос о возмещении ущерба с виновником залива', '"На основании документа об оценке ущерба от залива переговорите с соседями о возмещении ущерба.<br />\r\n<br />\r\nНапомните соседям, что если вы обратитесь в суд, им придется выплатить не только сумму ущерба, но и судебные издержки, оплату вызова свидетелей в суд, сумму, уплаченную за экспертизу, услуги адвоката и судебных исполнителей, компенсацию морального вреда.<br />\r\n<br />\r\nЕсли соглашение достигнуто, обязательства соседей &ndash; виновников залива по сумме и срокам возмещения желательно зафиксировать письменно. В письменном соглашении о возмещении ущерба целесообразно отразить следующие данные: дату заключения соглашения, факт затопления и его причины, дату затопления, подробное описание поврежденного имущества с указанием стоимости (целесообразно оформить отдельным приложением к договору, подписанным обеими сторонами), обязанности виновника залива по возмещению ущерба (убытков), в том числе сроки и суммы. В случае соглашения о проведении независимой оценки ущерба должна быть указана сторона, несущая затраты на проведение оценки. Соглашение может предусматривать возмещение как в денежной форме, так и работами за счет виновника залива: силами ЭО, силами пострадавшей стороны или силами виновника залива. Право выбора &ndash; за пострадавшей стороной.<br />\r\n<br />\r\nСоглашение можно заверить в ближайшей нотариальной конторе.<br />\r\n<br />\r\nПри получении денежных средств от соседей в качестве возмещения ущерба необходимо оформить расписку (4) в том, что деньги за ущерб получены полностью, и вы не имеете больше претензий к ним.<br />\r\n<br />\r\n<span style=""color:#cc0000;""><strong>ВАЖНО! Стоимость компенсации ущерба не должна быть больше, чем было испорчено в результате залива квартиры!</strong></span><br />\r\n&nbsp;"', 1495625170, 0, 1495625170, '', ''),
(68, 12, 66, 'Если не удалось договориться с виновником залива, обратитесь в суд', '"Полное ведение дела в судах всех инстанций, включая предварительное слушание &ndash; 40 000 руб.<br />\r\n<br />\r\nВ суд нужно обратиться не позднее 1 месяца со дня составления документа о независимой оценке ущерба.<br />\r\n<br />\r\nНе начинайте восстановительный ремонт до вынесения решения суда (на случай повторного осмотра и встречной оценки со стороны виновника залива).<br />\r\n&nbsp;"', 1495625277, 0, 1495625277, '40 000 рублей', '2 месяца'),
(69, 12, 68, 'Подготовьте исковое заявление', '"Полное и комплексное составление иска о заливе квартиры на физическое лицо &ndash; 3 000 руб.<br />\r\n<br />\r\nДля инициации судебного процесса вам нужно подать в суд исковое заявление (5)о заливе квартиры. Для этого можно обратиться к юристу, который может потом представлять ваши интересы в суде, или написать его самостоятельно.<br />\r\n<br />\r\nПри заказе услуг юриста требуйте подписания договора и правильно оформленных документов оплаты, эти документы нужно будет приложить к исковому заявлению для возмещения с ответчика расходов на юридическую помощь.<br />\r\n<br />\r\nПри написании искового заявления можно воспользоваться формами, размещенными непосредственно в судах, в которые иск подается.<br />\r\n<br />\r\nВ исковом заявлении должны быть указаны следующие сведения: наименование суда, в который подается заявление; наименование истца, его место жительства, а также наименование представителя и его адрес, если заявление подается представителем; наименование ответчика, его место жительства; в чем заключается нарушение либо угроза нарушения прав, свобод или законных интересов истца и его требования; обстоятельства, на которых истец основывает свои требования, и доказательства, подтверждающие эти обстоятельства; цена иска, а также расчет взыскиваемых или оспариваемых денежных сумм; перечень прилагаемых к заявлению документов.<br />\r\n<br />\r\nПомимо уплаты нанесенного вам ущерба, вы имеете право потребовать возмещения заработной платы, которую вы не получили из-за отгулов за свой счет по причине залива (должны быть подтверждающие документы).<br />\r\n<br />\r\nДело о заливе квартиры не требует досудебного урегулирования и поэтому претензия к виновнику не обязательна.<br />\r\n<br />\r\nЕсли цена иска не превышает 50 000 рублей, то исковое заявление подается мировому судье. Если более 50 000 рублей &ndash; в районный суд. Иск предъявляется по месту проживания или нахождения ответчика. Если ответчиков несколько &ndash; по месту жительства или нахождения одного из них.<br />\r\n<br />\r\nЧтобы определить суд, в который нужно подавать иск, воспользуйтесь государственными информационными ресурсами (для Санкт-Петербурга: <a href=""http://www.mirsud.spb.ru/"" target=""_blank"">ссылка</a> и сайт городского суда <a href=""http://sankt-peterburgsky.spb.sudrf.ru/"" target=""_blank"">ссылка</a>, для Москвы: <a href=""http://mos-sud.ru/"" target=""_blank"">ссылка</a>).<br />\r\n<br />\r\nПеред обращением в суд необходимо направить по почте ответчику претензию с тем же требованием, которое вы хотите включить в исковое заявление.<br />\r\n&nbsp;"', 1495625518, 0, 1495625518, '', ''),
(70, 12, 69, 'Оплатите госпошлину', '"Оплатите госпошлину. Реквизиты для оплаты можно узнать на сайте суда. Сумма госпошлины рассчитывается на основании суммы причиненного ущерба. Размер госпошлины определен статьей 333.19 НК РФ (<a href=""http://www.consultant.ru/document/cons_doc_LAW_28165/1cfcdcc5936cbfc3ea52f964201a1bb6002be313/"" target=""_blank"">ссылка</a>).<br />\r\n<br />\r\nДля расчета суммы госпошлины можно также воспользоваться калькуляторами госпошлин на сайтах судов.<br />\r\n&nbsp;"', 1495625592, 0, 1495625592, '', ''),
(71, 12, 70, 'Подайте исковое заявление в суд', '"<strong>Документы для обращения в суд:</strong><br />\r\n<br />\r\nисковое заявление о возмещении ущерба от залива квартиры, заверенная нотариусом копия документа о праве собственности на квартиру или копия договора социального найма жилого помещения, акт залива квартиры, подписанный членами комиссии, с синей печатью, оценочный документ, в котором просчитан весь принесенный ущерб, копии паспортов.<br />\r\n<br />\r\nДля составления искового заявления уточните имя ответчика. Иск подается на собственника квартиры или ответственного квартиросъёмщика. Из-за неправильно указанного имени ответчика суд может отказать в судебном разбирательстве.<br />\r\n<br />\r\nДля уточнения имени ответчика возьмите выписку из Единого государственного реестра недвижимости (ЕГРН). Получить выписку можно в Росреестре, кадастровой палате, МФЦ, через <a href=""https://rosreestr.ru/wps/portal/p/cc_present/EGRN_1"" target=""_blank"">онлайн-сервис Росреестра</a>, отправить запрос почтовым отправлением в территориальный орган или офис Росреестра по месту нахождения объекта недвижимости с приложением нотариально удостоверенной копии документа, удостоверяющего личность. Стоимость получения выписки для физических лиц 300 руб.<br />\r\n<br />\r\nИсковое заявление можно отправить в суд по почте (ценным письмом с описью) или отнести в канцелярию суда (получить отметку о приеме на втором экземпляре). Адрес суда можно найти в интернете.<br />\r\n<br />\r\nРайонный суд обязан рассмотреть данное дело в течение 2 месяцев со дня поступления заявления в суд, мировой судья в течение 1 месяца, арбитражный суд &ndash; в срок, не превышающий 3 месяцев со дня поступления заявления в суд. На практике сроки часто не соблюдаются, при этом за затягивание процесса суд никакой ответственности не несет. На практике по делам о заливе суду достаточно 2-3 (иногда 4) заседаний.<br />\r\n&nbsp;"', 1495625675, 0, 1495625675, '', ''),
(72, 12, 71, 'Рассмотрение искового заявления в суде', '"<p dir=""ltr"">При рассмотрении дела в суде требуйте фиксации ежемесячной суммы, которую вам обязан выплачивать ответчик &ndash; виновник залива.</p>\r\n\r\n<p dir=""ltr"">В суде ответчик по заливу квартиры может внести возражения по сумме ущерба, тогда дело переносится и проводится дополнительная экспертиза.</p>\r\n\r\n<p dir=""ltr"">Выплата ущерба производится по решению суда, в размере определенного судом. Оплата производится добровольно или в принудительном порядке через судебных приставов.</p>\r\n\r\n<p dir=""ltr"">В суде могут предложить заключить мировое соглашение. При заключения соглашения вы идете на снижение заявленной суммы иска, а ответчик обещает (!не дает гарантию) выплатить сумму. Если после мирового соглашения ответчик откажется платить, то дело передадут приставам, но сумма иска уже будет снижена. Потому мировое соглашение следует подписывать только в том случае, если есть полная уверенность, что ответчик выплатит сумму. В случае сомнения от мирового соглашения лучше отказаться.</p>\r\n\r\n<p dir=""ltr"">Если в суде будут на вас давить, чтобы вы согласились на мировое соглашение, спокойно объясните, что такую возможность вы ответчику уже предоставляли, а он отказался.</p>\r\n\r\n<p dir=""ltr"">Если квартира ответчика оформлена, например, на инвалида, то по суду вам будет начисляться небольшая сумма, вычитаемая из пенсии. Ответчика также могут признать безработным и неспособным выплатить сумму сразу. В этом случае может быть выгоднее согласится получить сумму по мировому соглашению.</p>\r\n\r\n<div></div>\r\n"', 1495625730, 0, 1495625730, '', ''),
(73, 12, 72, 'Если вы не согласны с решением суда, подайте жалобу', '"Если вы не согласны с решением суда, вы можете его обжаловать в течение 10 дней со дня принятия решения суда в окончательной форме (с момента, когда судья напечатал и подписал решение).<br />\r\n<br />\r\nЕсли дело о заливе помещения рассматривалось мировым судьей, апелляционная жалоба подается в районный суд, причем подача жалобы осуществляется через мирового судью.<br />\r\n<br />\r\nЕсли дело о заливе помещения рассматривалось районным судом, подается кассационная жалоба в верховный суд республики, краевой, областной суд, суд города федерального значения, суд автономной области, суд автономного округа, окружной (флотский) военный суд.<br />\r\n<br />\r\nЕсли вы пропустили срок обжалования, вы можете подать ходатайство о восстановлении пропущенного срока с мотивированными причинами пропуска. Как правило, срок восстанавливают.<br />\r\n&nbsp;"', 1495625789, 0, 1495625789, '', '');
INSERT INTO `steps` (`id`, `object_id`, `parent_id`, `name`, `description`, `time_update`, `status`, `time_create`, `price`, `date`) VALUES
(74, 13, NULL, 'Определитесь с будущей специальностью', '<span style="letter-spacing: 0.05em;">В выпускных классах необходимо определиться с той специальностью, на которую Ваш ребенок будет поступать. Существует много способов, которые позволят выяснить, в какой области можно себя реализовать:</span>\r\n<p dir="" ltr=""><br />\r\n<strong>Помощь профориентолога</strong>.<br />\r\n<br />\r\nСпециалист проведет серию тестов и определит наиболее подходящую профессию, расскажет об особенностях и возможностях профессии. Ребенок получит на руки результаты тестов.<br />\r\n<br />\r\n<strong>Тесты в интернете</strong>.<br />\r\n<br />\r\nСуществует два типа подобных тестов:<br />\r\n<br />\r\nТесты, помогающие выбрать специализацию.&nbsp;Позволяют определиться с подходящими направлениями деятельности, анализируют весь спектр личности.<br />\r\n<br />\r\nТесы, помогающие разобраться в выбранной профессии,&nbsp;ориентированы на подростков, которые определили несколько профессий. Помогут понять, насколько каждый из выбранных видов деятельности подходит.<br />\r\n<br />\r\n<strong>Советы родителей и знакомых</strong><br />\r\n<br />\r\nСоветы окружающих позволят подростку сформировать свое собственное мнение. Родители и знакомые могут поделиться собственным опытом, честно объясняя на кого, они учились, стали ли специалистом в выбранной области или в итоге пришли к чему-то другому.</p>\r\n', 1500976586, 0, 1495700785, '', '30 '),
(75, 13, 74, 'Выберите высшее учебное заведение', 'Приняли решение и выбрали будущую специализацию, определитесь с учебными учреждениями. Посетите дни открытых дверей, изучите информацию на официальных сайтах. Обратить внимание:\r\n<ul>\r\n	<li>Государственное или частное;</li>\r\n	<li>Какие специальности предлагает;</li>\r\n	<li>Какие экзамены необходимы для поступления;</li>\r\n	<li>Есть ли льготы при поступлении;</li>\r\n	<li>Стоимость обучения, количество бюджетных мест;</li>\r\n	<li>Наличие общежития для иногородних студентов;</li>\r\n	<li>Наличие стажировки и практики.</li>\r\n</ul>\r\nПосле получения и анализа информации будет намного проще решить, куда поступать. От этого будет зависеть список предметов, которые будет сдавать выпускник.', 1500976745, 0, 1495701240, '', '14 '),
(76, 13, 75, 'Определитесь с предметами для сдачи ЕГЭ', 'На сайтах вузов в октябре публикуются правила поступления. Выбрав вуз, выпускник определяет экзаменационные предметы.&nbsp;<br />\r\n<br />\r\nПри сдаче ЕГЭ выпускнику приходится сдавать четыре экзамена. Два из них обязательных и два на выбор.<br />\r\n<br />\r\nОбязательные ЕГЭ по предметам:\r\n<ul>\r\n	<li>русский язык (результаты которого учитываются при поступлении во все без исключения вузы страны);</li>\r\n	<li>математика&ndash; базовый или профильный уровень на выбор.</li>\r\n</ul>\r\n<span 0.05em="" letter-spacing:="" style="">В списке ЕГЭ по выбору 12 предметов:</span>\r\n\r\n<ul>\r\n	<li><a add="" ege="" ege-po-literature="" href="" http:="" www.examen.ru="">Литература</a></li>\r\n	<li><a add="" ege="" ege-po-fizike="" href="" http:="" www.examen.ru="">Физика</a></li>\r\n	<li><a add="" ege="" ege-po-himii="" href="" http:="" www.examen.ru="">Химия</a></li>\r\n	<li><a add="" ege="" ege-po-biologii="" href="" http:="" www.examen.ru="">Биология</a></li>\r\n	<li><a add="" ege="" ege-po-geografii="" href="" http:="" www.examen.ru="">География</a></li>\r\n	<li><a add="" ege="" ege-po-istorii="" href="" http:="" www.examen.ru="">История</a></li>\r\n	<li><a add="" ege="" ege-po-obwestvoznaniju="" href="" http:="" www.examen.ru="">Обществознание</a></li>\r\n	<li>Иностранный язык (<a add="" ege="" ege-po-anglijskomu-jazyku="" href="" http:="" www.examen.ru="">английский</a>, <a add="" ege="" ege-po-nemeckomu-jazyku="" href="" http:="" www.examen.ru="">немецкий</a>, <a add="" ege="" ege-po-francuzskomu-jazyku="" href="" http:="" www.examen.ru="">французский</a>, <a add="" ege="" ege-po-ispanskomu-jazyku="" href="" http:="" www.examen.ru="">испанский</a>)</li>\r\n	<li><a add="" ege="" ege-po-informatike="" href="" http:="" www.examen.ru="">Информатика и информационно-коммуникационные технологии (информатика и ИКТ)</a></li>\r\n</ul>\r\n', 1500976958, 0, 1495701551, '', '7'),
(77, 13, 76, 'Определите уровень подготовки ребенка по экзаменационным предметам', 'Чтобы определить уровень подготовки к ЕГЭ ребенка, поговорите с учителями предметов, которые предстоит сдавать. Внимательно посмотрите работы в тетрадях, в том числе и контрольные тетради, ознакомьтесь с его оценками.<br />\r\n<br />\r\nПроведите с ребенком типовые тестирования. Тесты выявят проблемные задания и темы.<br />\r\n<br />\r\nОпределив уровень знаний выпускника, выберите подходящий способ подготовки к экзаменам, учитывая рекомендации учителей и результаты пробных тестов.', 1500977127, 0, 1495701739, '', '7'),
(78, 13, 77, 'Выберите способ подготовки к ЕГЭ', 'Существует несколько эффективных способов подготовиться к ЕГЭ:<br />\r\n<br />\r\n<strong>Репетитор</strong>. Профессиональный преподаватель, знающий и понимающий структуру тестов ЕГЭ, обеспечит высокий уровень подготовки в независимости от стартовых знаний. Стоимость зависит от стажа учительской деятельности. Ориентировочно: Москва &ndash; от 500 до 1500 р./ак.ч., СПб &ndash; от 300 до 1200, в небольших городах &ndash; от 150 до 700 р./ак.ч.<br />\r\n<br />\r\n<strong>Дополнительные занятия в школе</strong>. Школьные факультативы представляют собой занятия во внеурочное время. В течение часа-двух разбираются задания, которые могут встретиться в ЕГЭ. Проводятся на бесплатной основе. Недостатком является отсутствие индивидуального подхода.<br />\r\n<br />\r\n<strong>Очные курсы при ВУЗе</strong>. Продолжительность составляет от 4 до 8 месяцев с периодичностью 1-2 раза еженедельно по четыре академических часа. Цена за такую подготовку варьирует в пределах от 5 000 до 18 000 рублей в зависимости от длительности обучения.<br />\r\n<br />\r\n<strong>Дистанционные курсы по подготовке к ЕГЭ</strong>. Курсы дистанционного обучения подразумевают работу в личном кабинете, где сформирована структурированная база данных по необходимым вам предметам ЕГЭ. В программе заложены тесты для проверки знаний, задания, теоретические материалы, видео и аудио записи для разбора материала. Длительность курса занятий составляет 8 месяцев, 4 месяца. Ориентировочная стоимость обучения 150 руб/ч при 4 ак.ч. занятий в неделю.', 1500977301, 0, 1495702702, '150 до1500 ', '5 до 10 '),
(79, 13, 78, 'Подготовьте учебный материал для подготовительных занятий', 'Приобретите пособия и сборники с теоретической частью по подготовке к ЕГЭ. Материал в них изложен сжато, по сути, выделены основные понятия, формулы, даты, правила и другая ключевая информация, текст сопровождается таблицами, диаграммами, схемами и другими графическими составляющими, которые упрощают процесс систематизации и запоминания сведений.<br />\r\n<br />\r\nПриобретите книги с контрольно-измерительными материалами (КИМами). В них содержатся виды заданий, с которыми столкнетесь во время тестирования, а также варианты ЕГЭ прошлых лет.<br />\r\n<br />\r\nВнимательно прочитайте предисловие. Там говорится об организационных моментах экзамена, указывается количество заданий в каждом уровне ЕГЭ, сколько ставится баллов за правильное выполнение каждого из них, также может указываться, какими теоретическими сведениями вы должны владеть.<br />\r\n<br />\r\nВыполняйте задания. Это поможет настроиться на экзамен.', 1500977511, 0, 1495703324, 'от 3500 ', ''),
(80, 13, 79, 'Составьте план занятий по подготовке к ЕГЭ', 'Системный подход поможет успешно пройти экзамены.\r\n<ul>\r\n	<li>Распределите предметы по дням недели. Можно прямо на календаре разметить себе график занятий.</li>\r\n	<li>Чередуйте предметы и задачи в течение недели.</li>\r\n	<li>Отведите занятиям 1,5-2 часа каждый день.</li>\r\n	<li>Составляйте себе план на день.</li>\r\n	<li>Составьте график промежуточного контроля. Три раза: в начале, середине и в конце подготовки.</li>\r\n	<li>Чередуйте подготовку с прогулками, отдыхом. Обязательно высыпайтесь.</li>\r\n</ul>\r\nРаспределите время на занятия так, чтобы последние ночи перед экзаменом были посвящены отдыху.<br />\r\n<br />\r\nТеперь Вы знаете, как подготовиться к ЕГЭ, удачи!', 1500977756, 0, 1495703388, '', '2'),
(81, 13, 80, 'Перед началом экзаменационного периода ознакомьтесь с правилами и процедурой проведения ЕГЭ', 'Время начала ЕГЭ по всем учебным предметам 10.00 часов по местному времени. Допуск участников ЕГЭ в ППЭ осуществляется с 09.00 по местному времени. При входе в ППЭ участник ЕГЭ должен предъявить документ, удостоверяющий личность (далее &ndash; паспорт).<br />\r\n<br />\r\nВ ППЭ участник ЕГЭ берет с собой:\r\n<ul>\r\n	<li>ручка;</li>\r\n	<li>паспорт;</li>\r\n	<li>лекарства и питание (при необходимости);</li>\r\n	<li>средства обучения и воспитания (по математике линейка; по физике &ndash; линейка и непрограммируемый калькулятор; по химии &ndash; непрограммируемый калькулятор; по географии &ndash; линейка, транспортир, непрограммируемый калькулятор);</li>\r\n	<li>участники ЕГЭ с ОВЗ, дети &ndash; инвалиды и инвалиды - специальные технические средства.</li>\r\n</ul>\r\nПеред началом экзамена участникам ЕГЭ еще раз напоминают правила проведения ЕГЭ (как заполнять бланки, сколько продолжается экзамен, как подавать апелляции, где и когда можно ознакомиться с результатами ЕГЭ и т.п.).<br />\r\n<br />\r\nПосле ознакомления с правилами выдаются экзаменационные материалы (КИМы и бланки ЕГЭ).<br />\r\n<br />\r\nВ первую очередь участник ЕГЭ должен заполнить регистрационные поля бланков ЕГЭ. После официально объявляется о начале экзамена с указанием времени его окончания.<br />\r\n<br />\r\nПосле всех организационных моментов участники ЕГЭ приступают к выполнению заданий КИМов.<br />\r\n<br />\r\nВыходить из аудитории по уважительной причине можно только в сопровождении одного из организаторов или дежурных по этажу, предварительно сдав бланки ЕГЭ ответственному по аудитории, который ставит в бланке регистрации метку &laquo;Факт выхода из аудитории&raquo;.<br />\r\n<br />\r\nПо окончании выполнения экзаменационной работы участники ЕГЭ вкладывают КИМ в конверт индивидуального комплекта. Остальные экзаменационные материалы кладут на край стола. Организаторы в аудитории собирают экзаменационные материалы у участников экзамена.', 1500977928, 0, 1495703519, '', '1'),
(82, 14, NULL, 'Определитесь с предметами для сдачи ОГЭ', 'ОГЭ сдается после 9 класса по обязательным предметам: русский язык и математика, а также ряду предметов по выбору. Сдавать нужно не менее четырех предметов.<br />\r\n<br />\r\nОпределиться с предметами по выбору, нужно для поступления в учреждения среднего или начального профессионального образования, для дальнейшей учебы в школе, по окончании которой вы будете сдавать ЕГЭ.<br />\r\n<br />\r\nЕсли вы будете продолжать обучение после 9-го класса в школе, то вопрос &laquo;Какие экзамены нужно сдавать?&raquo; не так важен, поскольку выбранные предметы будут тренировкой к единому государственному экзамену в будущем.<br />\r\n<br />\r\nЕсли решаете продолжить свое обучение в учреждении среднего или начального профессионального образования, то к выбору предметов для ГИА следует подойти более серьезно.<br />\r\n<br />\r\nДля начала определитесь с образовательным учреждением для дальнейшей учебы. Что надо знать: какие специальности и направления обучения, каковы минимальные проходные баллы, какие предметы нужно сдать, чтобы поступить на ту или иную специальность.<br />\r\n<br />\r\nПосле того как вы будете полностью ознакомлены с данной информацией, вопрос о том, какие экзамены сдавать после 9 класса будет решен.', 1500975765, 0, 1495705139, '', '7'),
(83, 14, 82, 'Оцените уровень своих знаний', 'ОГЭ соответствует школьной программе, поэтому важно понять, подготовку по каким темам начинать с нуля, а какие темы знаете хорошо и можете стабильно решать задания.<br />\r\n<br />\r\nВ Интернете множество демонстрационных материалов, пройдите типовые тестирования. Полученные баллы сверьте по таблице с критериями выставления оценок и определите свой уровень знаний.Тесты выявят проблемные задания и темы. Настоятельно рекомендуем добросовестно пройти типовое тестирование, это поможет подготовиться к экзаменам и набрать больше баллов по результатам сдачи ОГЭ.<br />\r\n<br />\r\nОбратитесь к педагогам, спросите какие темы по их мнению вам необходимо подтянуть.', 1500975887, 0, 1495705192, '', '7 дней'),
(84, 14, 83, 'Подготовьте методический и учебный материал', 'Приобретите специальные пособия и сборники с теоретической частью по подготовке к ОГЭ. Материал в них изложен сжато, по сути, выделены основные понятия, формулы, даты, правила и другая ключевая информация, текст сопровождается таблицами, диаграммами, схемами и другими графическими составляющими, которые упрощают процесс систематизации и запоминания сведений.<br />\r\n<br />\r\nПриобретите материалы для практики. В них содержатся типовые задания тестирования.<br />\r\n<br />\r\nОбычно педагоги сами рекомендуют подходящий методический и учебный материал для подготовки к экзаменам.<br />\r\n<br />\r\nПодберите электронные сервисы, приложения для мобильных телефонов и интернет сайты, связанные с подготовкой к экзаменам. Есть отличный сайт &laquo;РешуЕГЭ&raquo;, его база постоянно пополняется новыми вопросами и заданиями. На этой платформе можно найти ответы к сложным заданиям и алгоритмы их решения.', 1500976056, 0, 1495705232, 'от 3000 руб', '7 '),
(85, 14, 84, 'Составьте план и правила подготовительных занятий', '<span style="letter-spacing: 0.05em;">Составляя план на каждый день подготовки, необходимо четко определить, что именно сегодня будет изучаться.</span>\r\n<p dir="" ltr=""><br />\r\n1. Вы сдаете четыре предмета, распределите их на четыре дня в неделю. Оцените, на какой предмет требуется больше времени &mdash; на него отведите два дня. Обязательно оставьте себе выходные и проводите их активно.<br />\r\n<br />\r\n2. Организуйте распорядок дня. Вы всегда должны знать, в какое время приступите к занятиям.<br />\r\n<br />\r\n3. Составьте график выполнения практических заданий и повторения теоретического материала.</p>\r\n\r\n<p dir="" ltr="">4. Если вы собираетесь участвовать в олимпиадах или сдавать дополнительные экзамены, рассчитайте, сколько часов вам потребуется на подготовку к ним и скоординируйте их со своим основным расписанием.</p>\r\n\r\n<p dir="" ltr="">5. Определите специфику экзамена по каждому предмету, из каких частей он состоит и что требуется от каждой части. Составьте список с номерами упражнений и типами заданий. К каждому из них поставьте собственные задачи: где именно есть пробелы в знаниях, и какие навыки надо потренировать.</p>\r\n\r\n<p dir="" ltr="">6. Составьте график промежуточного контроля. Три раза: в начале, середине и в конце подготовки.</p>\r\n\r\n<p dir="" ltr="">7. Оцените дополнительную нагрузку в течение года (кружки и секции) и подумайте, от чего можно отказаться.</p>\r\n8. Составленный план надо распечатать и повесить на стену или держать в онлайн-органайзере.', 1500976211, 0, 1495705404, '', '5'),
(86, 14, 85, 'Установите для себя правила подготовительных занятий', '"<p dir=""ltr"">Начинайте готовиться заранее, не откладывайте все на последние недели. Конец года &ndash; и без того напряженный период. Усваивать информацию лучше небольшими частями, вникая в каждое правило и формулу.<br />\r\n<br />\r\nЗанимайтесь регулярно, соблюдая план. Лучше выделять 1-2 часа каждый день, чем посвящать подготовке все выходные. Не забывайте, мозг может работать эффективно не более 40-45 минут, после чего нужно обязательно делать перерыв.<br />\r\n<br />\r\nНе забывайте о повторении. Лучше всего повторять материал дважды &ndash; через 6 часов после изучения и на следующий день.<br />\r\nПовторяйте и вспоминайте лишь ключевые сведения, и вы не забудете их до дня экзамена.<br />\r\n<br />\r\nЗанимайтесь в спокойной, тихой обстановке, не отвлекаясь на какие-либо домашние дела, сосредоточьтесь</p>\r\n"', 1495706162, 0, 1495705488, '', '1 день'),
(88, 14, 86, 'Перед началом экзаменационного периода проведите пробное тестирование', 'Заключительный этап самостоятельной подготовки к ОГЭ &ndash; пробное итоговое тестирование по необходимым предметам, желательно с экспертной частью.<br />\r\n<br />\r\nПроведите итоговое тестирование по всем предметам, которые будете сдавать.Соблюдайте временные ограничения для решения заданий. При этом учитывайте условия и правила сдачи ОГЭ.<br />\r\n<br />\r\nВаша цель &ndash; пройти тестирование без ошибок или с минимальным их количеством. Полученные результаты сопоставьте с таблицей баллов. Отметьте слабые места и проработайте их.<br />\r\n<br />\r\nТеперь вы знаете, как подготовиться к ОГЭ самостоятельно, удачи!', 1500976277, 0, 1495706293, '', '5 '),
(89, 15, NULL, 'Проанализируйте предметы, которые вам нравятся в школе', 'Возьмите лист бумаги, разделите его на две части. В первый столбик выпишите школьные дисциплины, которые не вызывают у вас затруднений. Во второй запишите предметы, которые даются вам с трудом и самые нелюбимые обязанности.<br />\r\n<br />\r\nИспользуя полученную таблицу, составьте список подходящих специальностей. Если они связаны с выполнением перечисленных в первом столбике действий и изучением указанных там дисциплин, она вам подойдет.', 1500972898, 0, 1495710290, '', '2'),
(90, 15, 89, 'Определите нужное направление, основываясь на Ваших интересах', 'Многие увлечения соотносятся с потребностями и должностями в реальном мире.<br />\r\n<br />\r\nПодумайте, что вам нравится. Нередко хобби перерастает в работу.<br />\r\n<br />\r\nТщательно проанализируйте занятия, которые приносят вам наибольшее удовлетворение.<br />\r\n<br />\r\nОтветьте на несколько вопросов, которые помогут определить ваши предпочтения:\r\n<ul>\r\n	<li>Что я люблю делать?</li>\r\n	<li>Что мне интересно?</li>\r\n	<li>Чего я жду от будущей профессии?</li>\r\n	<li>Как я вижу свою будущую работу?</li>\r\n</ul>\r\nЭто самые главные определяющие вопросы. Искренние ответы на них помогут выявить направление, в котором следует развиваться.<br />\r\n<br />\r\nДополните список профессий из шага 1, новыми направлениями.', 1500972912, 0, 1495710384, '', '2'),
(91, 15, 90, 'Пройдите несколько профориентационных тестов', '&quot;Выбрать профессию помогут тесты на профориентацию. В их основе лежит принцип самооценки возможностей для реализации различных видов деятельности, а также оценки своего эмоционального отношения к этой деятельности. Тестирование выявит наиболее интересную сферу деятельности.<br />\r\n<br />\r\nТесты на профориентацию есть в свободном доступе в сети Интернет, так что возможно пройти их дома самостоятельно.<br />\r\n<br />\r\nМожно обратиться за консультацией к профориентологу. Специалист проведет серию тестов. Он поможет сделать наиболее верные выводы по полученным результатам и определит наиболее подходящую профессию, подробно расскажет обо всех особенностях и возможностях подходящей профессии.<br />\r\n<br />\r\nСуществует два типа подобных тестов:<br />\r\n<br />\r\nТесты, помогающие выбрать специализацию, позволяют определиться с наиболее подходящими направлениями деятельности (одним или несколькими). Они анализируют весь спектр личности. Для получения максимально точного результата следует пройти три-четыре таких тестирования на различных сайтах.<br />\r\n<br />\r\nТесты, помогающие разобраться в выбранной профессии, ориентированы на подростков, которые определили для себя несколько профессий. Они помогают понять, насколько каждый из выбранных видов деятельности подходит конкретному человеку.<br />\r\n<br />\r\nПроанализируйте полученные результаты и сопоставьте их со своим списком выбранных профессий. <strong>Вы можете существенно сузить круг потенциальных специализаций.</strong><br />\r\n&nbsp;', 1500972964, 0, 1495710581, 'от 1800 руб', '3'),
(92, 15, 91, 'Проанализируйте рынок труда, востребованность выбранных профессий', 'Когда список состоит из нескольких специальностей, следует проанализировать ситуацию на рынке труда, который активно развивается, появляются новые виды работ и должностей.<br />\r\n<br />\r\nПопытайтесь понять, какие специальности будут востребованы через несколько лет, когда вы завершите обучение.<br />\r\n<br />\r\nЕсли самостоятельные выводы сделать сложно, обратитесь за помощью к специалисту.<br />\r\n<br />\r\nВ соответствии с полученными данными откорректируйте список интересующих вас профессий.', 1500973037, 0, 1495711401, '1500 руб', '2'),
(93, 15, 92, 'Проведите мониторинг оплаты труда по выбранным профессиям', 'Узнайте, каков уровень зарплаты у специалистов интересующего вас профиля. Для этого почитайте обзоры от рекрутинговых или социологических агентств.<br />\r\n<br />\r\nЗарегистрируйтесь на крупном портале по поиску работы. Исследуйте печатные новостные издания в разделе &laquo;работа&raquo;.<br />\r\n<br />\r\nПомните, чем выше зарплата или потенциальный заработок, тем более востребованной является профессия.<br />\r\n<br />\r\nИмейте в виду, что уровень оплаты труда по одной и той же специальности в различных организациях и регионах может значительно отличаться.<br />\r\n<br />\r\nПроведенный самоанализ возможностей, определение профиля, мониторинг рынка труда и заработной платы по выбранным профессиям помогут Вам сузить круг желаемого. Взвесив все &laquo;за&raquo; и &laquo;против&raquo;, &laquo;хочу&raquo; и &laquo;могу&raquo;, смело делайте выбор.<br />\r\n&nbsp;', 1500973122, 0, 1495711462, '', '3'),
(94, 15, 93, 'Убедитесь в доступности получения соответствующего образования', 'После того, как вы определились с профессией, узнайте обо всех учебных заведениях, в которых готовят специалистов этой области. Выберите учебное заведение. При этом учитывайте статус образовательного учреждения, форму обучения, платное или бесплатное обучение, территориальный признак, условия поступления, наличие льгот при поступлении и оплате обучения, возможности трудоустройства после окончания образовательного учреждения по полученной специальности.<br />\r\n<br />\r\nУзнайте, какие экзамены нужно сдавать при поступлении, и начинайте подготовку.', 1500973197, 0, 1495711534, '', '10'),
(96, 16, NULL, 'лавылорваыло рловаырлоавыроавы', 'л орваылвыо рвалырваолыр валыор валыор ваолырваолы', 1500382077, NULL, 1500382077, '60000', '3'),
(97, 16, 96, 'лвпаапвлрпа лорпло авпворпл оавол п лавопл оравлопваол', 'валорплаоврплорпловарлоп валорполрвалопрлао', 1500382114, NULL, 1500382114, '60000', '3'),
(98, 16, NULL, 'Шаг №3', 'Описание шага № 2', 1500384702, NULL, 1500384690, '20000', '12'),
(99, 17, NULL, 'Удалите клеща ', '<strong>Запишите дату и время, когда вас укусил клещ. </strong><br />\r\n<br />\r\nУдалите впившегося клеща вместе с головой как можно быстрее. Вероятность заболевания клещевым энцефалитом зависит от времени, в течение которого клещ находится в присосавшемся состоянии.<br />\r\n<br />\r\nОбратитесь в медицинское учреждение, или проведите удаление самостоятельно.<br />\r\n<br />\r\nВ коммерческой клинике удаление клеща и его фрагментов обойдется в 500-1000 рублей.<br />\r\n<br />\r\nУзнать местонахождение ближайшее медицинское учреждение, можно по телефонам:<br />\r\n&bull; c городского телефона по номеру <strong>03</strong><br />\r\n&bull; c мобильного телефона по номеру <strong>112</strong><br />\r\n<br />\r\nПри себе необходимо иметь паспорт и полис ОМС. По полису ОМС в любом медицинском учреждении обязаны (в соответствии СП 3.1.3310-15):<br />\r\n&bull; удалить клеща<br />\r\n&bull; провести исследование на наличие опасных инфекционных болезней<br />\r\n&bull; провести экстренную профилактику<br />\r\n&bull; в случае зараженности клеща проинформировать пострадавшего о мерах экстренной профилактики в течение 72 часов после укуса.<br />\r\n<br />\r\nДля самостоятельного удаления клеща:<br />\r\n&bull; обработайте место укуса спиртсодержащим средством,<br />\r\n&bull; наденьте перчатки,<br />\r\n&bull; вытащите клеща с помощью одного из приспособлений:<br />\r\n<br />\r\n<strong><u>Способ 1 Выкручивателем клеща:</u></strong><br />\r\n<br />\r\n<img alt="" src="/uploads/images/9788987.jpg" style="float: left; width: 300px; height: 262px;" />Подведите щель (петлю) приспособления под клеща вдоль его узкой части как можно ближе к коже, вращайте клеща вокруг его оси (как шуруп), через 2-3 оборота клещ извлекается целиком. Самодельный выкручиватель клещей можно сделать из зажима для хлебного пакета (сделать надрез на конце и изогнуть) или вырезать из упаковочного материала (упаковка для таблеток).<br />\r\n<br />\r\n<strong><u>Способ 2 С помощью нити:</u></strong><br />\r\n<br />\r\n<img alt="" src="/uploads/images/1464168664_nit.jpg" style="float: right; width: 300px; height: 146px;" />Завяжите прочную (синтетическую) нить вокруг головки клеща в виде петли на узел максимально близко к хоботку, сделайте несколько оборотов. Растянув концы нитки в стороны раскачивающе-выкручивающими движениями аккуратно удалите клеща, немного подтягивая его. Тяните медленно, без рывков и с остановками. Как это сделать, смотрите <a href="https://www.youtube.com/embed/zxRPkzxYUqQ" target="_blank">здесь</a>.<br />\r\n<br />\r\n<strong><u>Способ 3 Пинцетом или пальцами:</u></strong><br />\r\n<br />\r\n<img alt="" src="/uploads/images/208608.jpg.7fa0d298e76b1b33f26fd6c5c9c2d888.jpg" style="float: left; width: 300px; height: 230px;" />Захватите клеща пинцетом или пальцами у хоботка, не сдавливая брюшко, вращайте клеща вокруг его оси. Действуйте очень аккуратно, не раздавите насекомое, это увеличит риск заражения. Как это сделать, смотрите<a href="https://www.youtube.com/embed/OjI9ir-33PY" target="_blank"> здесь</a>.<br />\r\n<br />\r\nМесто укуса обрабатывайте ежедневно в течение недели любым антисептиком (йод, зеленка, бетадин, спирт, хлоргексидин, перекись водорода, одеколон и др.).', 1501661414, NULL, 1500657711, 'от 500 до 1 000', '1 '),
(108, 18, NULL, 'Откройте браузер', 'Включите компьютер и откройте свой браузер.', 1501151704, NULL, 1501151704, NULL, NULL),
(109, 18, NULL, 'Введите ip адрес роутера', 'В адресной строке браузера введите ip адрес роутера (по умолчанию: 192.168.1.1 или 192.168.0.1)', 1501151867, NULL, 1501151867, NULL, NULL),
(110, 18, NULL, 'Введите логин и пароль', 'По умолчанию на роутерах логин - admin, пароль - admin.\nИли логин и пароль для доступа обычно наклеен на нижней части устройства.', 1501151967, NULL, 1501151967, NULL, NULL),
(111, 18, NULL, 'Интерфейс', 'Вы зашли в интерфейс роутера.\nДальше его настройка может отличаться по модели устройства', 1501152002, NULL, 1501152002, NULL, NULL),
(112, 18, 111, 'Sagemcom', 'Слева найдете пункт меню "Настройка WLAN".\nВойдите в него и во вкладке "Основной" поставьте галочку в пункте "Включить беспроводную связь"', 1501152036, NULL, 1501152036, NULL, NULL),
(113, 18, 112, 'Безопасность', 'В пункте меню "Настройка WLAN" выберите раздел "Безопасность".\nВ интерфейсе найдите "Включить WPS" и поставьте метку "Отключить".\nВ "Выберете SSID" напишите название сети, например "Home", "Work", "ILikeHelpCase".\nВ "Аутентификация" выберете "WPA2-PSK".\nВ "WPA/WAPI пароль" введите придуманный Вами пароль к сети Wi-Fi. (Команда HelpCase рекомендует поставить пароль не менее 8 символов с сочетанием букв и цифр).\nНажмите на кнопку "Применить/Сохранить".\n\nВсе готово! Вы превосходны!', 1501152080, NULL, 1501152080, NULL, NULL),
(114, 18, 111, 'ASUS', 'В меню слева выберете пункт "Беспроводная сеть".\n', 1501152372, NULL, 1501152233, NULL, NULL),
(115, 18, 114, 'Безопасность', 'В пункте "SSID" впишите имя своего Wi-Fi, например: "Home", "Work", "ILikeHelpCase".\nВ пункте "Канал" выберете - 6.\nВ пункте "Метод проверки подлинности" выберете - WPA2-Personal.\nВ Пункте "Предварительный ключ WPA" введите свой придуманный пароль от сети Wi-Fi (Команда HelpCase рекомендует установить пароль не менее 8 символов с содержанием цифр и букв).\n\nНажмите "Применить".\nВсе готово! Вы превосходны!', 1501152848, NULL, 1501152848, NULL, NULL),
(116, 17, 99, ' Сохраните клеща для анализа', 'Если клещ укусил на территории, на которой распространен клещевой энцефалит, сохраните насекомое для анализа.<br />\r\n<br />\r\nПоместите его в чистую посуду (пробирка, пузырек, баночка и т.п.), в которую предварительно поместите смоченную водой бумагу (фильтровальная, бумажная салфетка и др.) &ndash; важно, чтобы тело насекомого находилось во влажной среде.<br />\r\n<br />\r\nХранение и доставка клещей с соблюдением этих условий возможны только в течение 2-х суток (по информации некоторых лабораторий &ndash; до 5 суток).<br />\r\n<br />\r\nЧем раньше вы доставите клеща, тем точнее будет анализ.<br />\r\n&nbsp;', 1501658288, NULL, 1501658288, '', ''),
(117, 17, 99, ' Уничтожьте снятого клеща', 'Снятого клеща, если он мертв или вы не планируете проводить анализ насекомого на наличие инфекций, следует сжечь или залить кипятком.<br />\r\n<br />\r\nПосле тщательно вымойте руки с мылом.<br />\r\n<br />\r\nОбязательно обработайте одежду, на которой могут находиться паразиты. Сложите их в стиральную машинку, добавьте порошок и поставьте на длительную стирку при температуре выше 60 градусов. Паразиты должны погибнуть и смыться в канализацию. Для большей уверенности одежду можно прогладить.<br />\r\n<br />\r\nКлещи не терпят высокой температуры и сухого воздуха.<br />\r\n&nbsp;', 1501658689, NULL, 1501658689, '', '');
INSERT INTO `steps` (`id`, `object_id`, `parent_id`, `name`, `description`, `time_update`, `status`, `time_create`, `price`, `date`) VALUES
(118, 17, 116, 'Сделайте анализ клеща в течение 2-х дней с момента укуса', '<p dir="ltr" style="margin-top:0pt; margin-bottom:0pt"><span style="line-height:1.38"><span style="font-size:11pt"><span style="font-family:Arial"><span style="vertical-align:baseline"><span style="white-space:pre-wrap">Анализ клеща делают государственные и негосударственные учреждения. Закажите комплексный анализ клеща на инфекции (обязательно &ndash; на клещевой энцефалит и клещевой боррелиоз).</span></span></span></span></span><br />\r\n&nbsp;</p>\r\n\r\n<p dir="ltr" style="margin-top:0pt; margin-bottom:0pt"><span style="line-height:1.38"><span style="font-size:11pt"><span style="font-family:Arial"><span style="font-weight:700"><span style="vertical-align:baseline"><span style="white-space:pre-wrap">Стоимость анализа зависит от региона, сложности исследования и составляет от 500 до 1800 руб. Средняя стоимость &ndash; около 1000 руб.</span></span></span></span></span></span><br />\r\n&nbsp;</p>\r\n\r\n<p dir="ltr" style="margin-top:0pt; margin-bottom:0pt"><span style="line-height:1.38"><span style="font-size:11pt"><span style="font-family:Arial"><span style="vertical-align:baseline"><span style="white-space:pre-wrap">Адреса государственных учреждений, где проводится анализ, можно узнать:</span></span></span></span></span></p>\r\n\r\n<p dir="ltr" style="margin-top:0pt; margin-bottom:0pt"><span style="line-height:1.38"><span style="font-size:11pt"><span style="font-family:Arial"><span style="vertical-align:baseline"><span style="white-space:pre-wrap">&bull; </span></span></span></span> <span style="font-size:11pt"><span style="font-family:Arial"><span style="vertical-align:baseline"><span style="white-space:pre-wrap">c городского телефона по номеру </span></span></span></span><span style="font-size:11pt"><span style="font-family:Arial"><span style="font-weight:700"><span style="vertical-align:baseline"><span style="white-space:pre-wrap">03</span></span></span></span></span></span></p>\r\n\r\n<p dir="ltr" style="margin-top:0pt; margin-bottom:0pt"><span style="line-height:1.38"><span style="font-size:11pt"><span style="font-family:Arial"><span style="vertical-align:baseline"><span style="white-space:pre-wrap">&bull; </span></span></span></span> <span style="font-size:11pt"><span style="font-family:Arial"><span style="vertical-align:baseline"><span style="white-space:pre-wrap">c мобильного телефона по номеру </span></span></span></span><span style="font-size:11pt"><span style="font-family:Arial"><span style="font-weight:700"><span style="vertical-align:baseline"><span style="white-space:pre-wrap">112</span></span></span></span></span></span></p>\r\n\r\n<p dir="ltr" style="margin-top:0pt; margin-bottom:0pt"><span style="line-height:1.38"><span style="font-size:11pt"><span style="font-family:Arial"><span style="vertical-align:baseline"><span style="white-space:pre-wrap">&bull; </span></span></span></span> <span style="font-size:11pt"><span style="font-family:Arial"><span style="vertical-align:baseline"><span style="white-space:pre-wrap">в интернете.</span></span></span></span></span><br />\r\n&nbsp;</p>\r\n\r\n<p dir="ltr" style="margin-top:0pt; margin-bottom:0pt"><span style="line-height:1.38"><span style="font-size:11pt"><span style="font-family:Arial"><span style="vertical-align:baseline"><span style="white-space:pre-wrap">Время проведения анализа 2 дня (1-й день &ndash; сдача, 2-й получение результатов анализов).</span></span></span></span></span><br />\r\n&nbsp;</p>\r\n\r\n<p dir="ltr" style="margin-top:0pt; margin-bottom:0pt"><span style="line-height:1.38"><span style="font-size:11pt"><span style="font-family:Arial"><span style="vertical-align:baseline"><span style="white-space:pre-wrap">Если инфекций не обнаружено, в течение 30 дней наблюдайте за своим самочувствием.</span></span></span></span></span><br />\r\n&nbsp;</p>\r\n\r\n<p dir="ltr" style="margin-top:0pt; margin-bottom:0pt"><span style="line-height:1.38"><span style="font-size:11pt"><span style="font-family:Arial"><span style="vertical-align:baseline"><span style="white-space:pre-wrap">Наличие инфекции у клеща еще не значит, что вы заболеете.</span></span></span></span></span></p>\r\n\r\n<div></div>\r\n', 1501658863, NULL, 1501658863, 'от 1 000', 'от 2'),
(119, 17, 118, 'Клещ инфицирован: не позднее 4-х дней с момента укуса обратитесь за медицинской помощью', 'Если клещ инфицирован, не позднее 4-х дней (96 часов) с момента укуса обратитесь за медицинской помощью в медицинское учреждение по месту регистрации или в платную клинику к врачу-терапевту или инфекционисту.<br />\r\n<br />\r\nВрач назначит соответствующее возбудителю лечение.<br />\r\n<br />\r\n<strong>Стоимость консультации врача на коммерческой основе может составить от 1000 до 2500 руб.</strong><br />\r\n<br />\r\nПри себе необходимо иметь паспорт, полис ОМС (или ДМС, если есть), результаты анализа клеща и страховку от укуса клеща (если есть).<br />\r\n<br />\r\n<strong>ВАЖНО!</strong> Решение о необходимости введения противоклещевого иммуноглобулина и назначении антибиотиков и других лекарств принимает врач!<br />\r\n<br />\r\nНекоторые специалисты в регионах, где высокий риск заражения боррелиозом, рекомендуют в течение первых 3-х суток после укуса (чем раньше, тем лучше!) начать профилактику боррелиоза антибиотиками, даже не дожидаясь результатов анализа клеща.<br />\r\n<br />\r\n<strong>Стоимость лечения клещевого энцефалита и болезни Лайма может составить порядка 100 тысяч рублей и более.</strong><br />\r\n&nbsp;', 1501659034, NULL, 1501659034, 'от 1 200 до 2 500', ''),
(120, 17, 119, 'Полезная информация', '<p dir="ltr">От клещевого энцефалита можно сделать прививку &ndash; бесплатно в поликлинике по месту жительства или платно в коммерческой клинике. Вакцины российского производства в среднем составляет <strong>400-500 руб.</strong>, зарубежного &ndash; 1<strong>000-1500 руб.</strong><br />\r\n<br />\r\nОт укуса клеща можно застраховаться (анализы и лечение будут проводиться за счёт страховой компании). Стоимость страховки <strong>от 250 до 1000 руб.</strong><br />\r\n<br />\r\nВ России клещевой энцефалит регистрируется в 46 субъектах, около 70% всех случаев заболевания приходится на Урал и Сибирь. Территории, на которых распространен клещевой энцефалит можно посмотреть здесь.<br />\r\n<br />\r\nСамые надежные средства для предупреждения заболевания - физическая защита от укусов (одежда, защитные средства) и прививка от клещевого энцефалита.<br />\r\n<br />\r\nВакцины от боррелиоза не существует. У человека, переболевшего боррелиозом, не возникает устойчивого иммунитета к бактерии &ndash; он может заболеть и второй раз.<br />\r\n<br />\r\nБоррелиоз очень хорошо лечится на ранних стадиях, в запущенном виде - трудно излечим.</p>\r\n&nbsp;\r\n\r\n<div></div>\r\n', 1501659464, NULL, 1501659464, '', ''),
(121, 17, 117, 'Сдайте анализы крови', '<p dir="ltr" style="margin-top:0pt; margin-bottom:0pt"><span style="line-height:1.38"><span style="font-size:11pt"><span style="font-family:Arial"><span style="font-weight:700"><span style="vertical-align:baseline"><span style="white-space:pre-wrap">В среднем по России стоимость комплексного исследования крови на клещевые инфекции в платных лабораториях составит 2000-3000 руб</span></span></span></span></span><span style="font-size:11pt"><span style="font-family:Arial"><span style="vertical-align:baseline"><span style="white-space:pre-wrap">. Срок готовности анализов &ndash; около 1 недели.</span></span></span></span></span><br />\r\n&nbsp;</p>\r\n\r\n<p dir="ltr" style="margin-top:0pt; margin-bottom:0pt"><span style="line-height:1.38"><span style="font-size:11pt"><span style="font-family:Arial"><span style="vertical-align:baseline"><span style="white-space:pre-wrap">Сдать кровь на анализ можно бесплатно в поликлинике по месту жительства в рамках ОМС, для этого нужно обратиться к терапевту или инфекционисту, либо платно в частных лабораториях.</span></span></span></span></span><br />\r\n&nbsp;</p>\r\n\r\n<p dir="ltr" style="margin-top:0pt; margin-bottom:0pt"><span style="line-height:1.38"><span style="font-size:11pt"><span style="font-family:Arial"><span style="vertical-align:baseline"><span style="white-space:pre-wrap">При себе необходимо иметь паспорт, полис ОМС (или ДМС, если есть) и страховку от укуса клеща (если есть).</span></span></span></span></span><br />\r\n&nbsp;</p>\r\n\r\n<p dir="ltr" style="margin-top:0pt; margin-bottom:0pt"><span style="line-height:1.38"><span style="font-size:11pt"><span style="font-family:Arial"><span style="vertical-align:baseline"><span style="white-space:pre-wrap">Кровь на клещевые инфекции сдается на 10-20 день после укуса, натощак (после приема пищи должно пройти не менее 4-х часов), не курить в течение 30 минут до сдачи крови.</span></span></span></span></span><br />\r\n&nbsp;</p>\r\n\r\n<p dir="ltr" style="margin-top:0pt; margin-bottom:0pt"><span style="line-height:1.38"><span style="font-size:11pt"><span style="font-family:Arial"><span style="vertical-align:baseline"><span style="white-space:pre-wrap">Проконсультируйтесь с лечащим врачом или врачом лаборатории, в какие сроки и какие анализы вам нужно сдать.</span></span></span></span></span></p>\r\n\r\n<p dir="ltr" style="margin-top:0pt; margin-bottom:0pt"><br />\r\n<span style="line-height:1.38"><span style="font-size:11pt"><span style="font-family:Arial"><span style="vertical-align:baseline"><span style="white-space:pre-wrap">Если анализ не подтвердил инфицирование, опасности нет.<br />\r\n<br />\r\nЕсли результат положительный, обратитесь за лечением к врачу для постановки диагноза, госпитализации, лечения и медицинского наблюдения.</span></span></span></span></span><br />\r\n&nbsp;</p>\r\n\r\n<p dir="ltr" style="margin-top:0pt; margin-bottom:0pt"><span style="line-height:1.38"><span style="font-size:11pt"><span style="font-family:Arial"><span style="vertical-align:baseline"><span style="white-space:pre-wrap">После курса лечения проводят контрольный анализ крови.</span></span></span></span></span></p>\r\n', 1501659620, NULL, 1501659620, 'от 2 000 до 3 000', 'от 7 '),
(122, 17, 117, 'Не сдали клеща и кровь на анализ: в течение 1 месяца наблюдайтесь у врача и следите за самочувствием', 'Если вы не сдали клеща или кровь на анализ, в течение 1 месяца с момента укуса наблюдайтесь у инфекциониста.<br />\r\n<br />\r\nТакже наблюдайте за самочувствием: не проявляются ли симптомы инфекций, обычно проявляются в течение 2-й недели после укуса, но могут и позже &ndash; спустя 1 месяц после заражения.<br />\r\n<br />\r\nОбщие симптомы: озноб, повышение температуры до 38-40, головная боль и ломота в теле.<br />\r\n<br />\r\nГлавный отличительный признак боррелиоза (болезни Лайма) &ndash; мигрирующая кольцевидная эритема. Это ярко-красное пятно в месте укуса, которое постепенно увеличивается, образуя кольца. Боррелиоз очень хорошо лечится на ранних стадиях, в запущенных случаях становится трудноизлечимым.<br />\r\n<br />\r\n<strong>ВАЖНО! </strong>При любом ухудшении состояния здоровья срочно обратитесь в медицинское учреждение для обследования и возможного последующего лечения.', 1501659851, NULL, 1501659851, '', 'от 30'),
(123, 19, NULL, 'Пройдите медицинскую комиссию', '<p dir="ltr">Медицинская справка по форме № 003-В/у выдается по итогам прохождения медицинской комиссии.<br />\r\n<br />\r\nДля замены водительских прав с категорией &laquo;B&raquo; &mdash; легковые автомобили, необходимо пройти 4-х врачей: терапевта; офтальмолога (окулиста); нарколога; психиатра.<br />\r\n<br />\r\n<strong>ВАЖНО!</strong> Заключение врачей - психиатра и нарколога нужно получить исключительно в специализированных государственных и муниципальных медицинских организациях, которые обслуживают район вашей регистрации.<br />\r\n<br />\r\nПервым делом получите заключение нарколога и психиатра.<br />\r\n<br />\r\nЗатем обратитесь в поликлинику, которая предоставляет медсправки по форме № 003-В/у. Такие услуги оказывают как государственные, так и коммерческие медучреждения.<br />\r\n<br />\r\nВ среднем по России медицинское обследование стоит<strong> от 1 500 до 2 500 рублей</strong>. Услуги нарколога и психиатра предоставляются и оплачиваются отдельно от общей медкомиссии, а это еще <strong>500 &ndash; 1 000 рублей</strong>.<br />\r\n<br />\r\nСрок действия справки - 12 месяцев.</p>\r\n<br />\r\n<div></div>\r\n', 1501676446, NULL, 1501676446, 'от 2 000 до 3 500', 'от 2'),
(124, 19, 123, 'Подготовьте необходимые документы для замены ВУ по истечению срока действия', 'С 1 февраля 2017 года заменить водительское удостоверение можно в многофункциональном центре (МФЦ).<br />\r\n<br />\r\nДля замены ВУ соберите пакет документов:\r\n<ul>\r\n	<li>Паспорт или другой документ, удостоверяющий личность заявителя.</li>\r\n	<li>Отметка о регистрации по месту жительства (пребывания).</li>\r\n	<li>Прежнее водительское удостоверение.</li>\r\n	<li>Документ о прохождении обучения.</li>\r\n	<li>Медицинское заключение.</li>\r\n</ul>\r\n', 1501676548, NULL, 1501676533, '', 'от 1'),
(125, 19, 124, 'Выберите подходящий МФЦ', 'Выберите подходящий <a href="http://xn--l1aqg.xn--p1ai/mfc/index/regions">МФЦ</a>. Обратиться в центр за услугой можно по предварительной записи или в порядке живой очереди.<br />\r\n<br />\r\nЗаписаться можно через госуслуги. На сайте &laquo;Мои документы&raquo; выберите &laquo;Записаться на прием&raquo;. Авторизуйтесь &ndash; введите логин и пароль. Если не зарегистрированы на сайте, запишитесь в МФЦ через Госуслуги. В разделе &laquo;Войти с помощью&raquo; выберите вход через государственный портал. Откроется страница входа Госуслуг, где вы введете свой пароль. После его проверки вас перенаправят обратно на сайт МФЦ, где вы запишитесь на посещение выбранного центра.<br />\r\n<br />\r\nВ некоторых региональных отделениях некрупных городов отсутствует возможность записи через интернет. Тогда предварительно записаться можно по бесплатному <a href="http://xn--l1aqg.xn--p1ai/mfc/index/list/region_id/44" target="_blank">телефону</a>. Позвоните и сообщите сотруднику свое имя, фамилию, цель обращения, желаемые дату и время визита. Для оформления некоторых услуг у вас запросят дополнительные данные.<br />\r\n<br />\r\nПри посещении центра без предварительной записи, возьмите талон и ожидайте приглашения, в офисах действует электронная очередь. Если возникнут вопросы, подойдите к стойке администратора. Сотрудник МФЦ подскажет, как правильно взять талон к нужному вам специалисту для получения соответствующей услуги.<br />\r\n&nbsp;', 1501678699, NULL, 1501678699, '', 'от 1'),
(126, 19, 125, 'Оплатите государственную пошлину', 'Оплатить <strong>государственную пошлину за замену водительского удостоверения, размер которой составляет 2 000 рублей</strong>, можно в офисе МФЦ через терминал оплаты, который принимает наличные деньги и банковскую карту.<br />\r\n<br />\r\nИнструкции оплаты госпошлины через терминал:<br />\r\n<br />\r\n1. Государственные платежи<br />\r\n2. Платежи ГИБДД<br />\r\n3. За выдачу водительского удостоверения на пластиковой основе (национальное)- 2000р.<br />\r\n4. Договор-оферта &rarr; продолжить<br />\r\n5. Ввод ФИО&rarr; продолжить<br />\r\n6. Ввод адреса регистрации&rarr; продолжить<br />\r\n7. Проверка данных<br />\r\n8. Оплата наличными средствами/Оплата банковской картой<br />\r\n9. Внесение наличных/Вставьте карту<br />\r\n10. Оплатить<br />\r\n<br />\r\n<strong>Возьмите квитанцию!</strong><br />\r\n&nbsp;', 1501678789, NULL, 1501678789, '2 000', ''),
(127, 19, 126, 'Заполните бланк заявления', 'Заявление можно написать от руки в простой письменной форме, или вы можете заполнить уже готовый бланк, который выдается в МФЦ. В нем должны отображаться такие сведения, как:\r\n<ul>\r\n	<li>личная информация (ФИО, место жительства, дата его рождения, паспорт и пр.);</li>\r\n	<li>категория транспортного средства;</li>\r\n	<li>просьба о выдаче нового удостоверения;</li>\r\n	<li>список прилагаемых документов;</li>\r\n	<li>личная подпись лица и дата заполнения.</li>\r\n</ul>\r\n', 1501678847, NULL, 1501678847, '', ''),
(128, 19, 127, 'Подайте документы специалисту МФЦ', 'С подготовленным пакетом документов, заявлением на замену водительского удостоверения и квитанцией об оплате государственной пошлины проследуйте (по приглашению) в окно к специалисту.<br />\r\n<br />\r\nРаботник МФЦ осуществляет проверку, прием и регистрацию представленных документов и оформляет расписку в их получении, не теряйте ее!<br />\r\n<br />\r\nДалее вас сфотографируют на новые права &ndash; бесплатно.<br />\r\nПосле оформления дела сотрудник МФЦ отправляет запрос в ГИБДД, пересылает все документы, и ждет получения готовых прав для последующей выдачи их заявителю.<br />\r\n&nbsp;', 1501679047, NULL, 1501679047, '', ''),
(129, 19, 128, 'Получите водительское удостоверение', 'Срок изготовления нового водительского удостоверения при подаче заявления в МФЦ составляет 5 рабочих дней, не считая дня подачи заявления.<br />\r\n<br />\r\nВ расписке на получение сотрудником центра документов указана дата, когда ваше ВУ будет готово к выдаче.<br />\r\n<br />\r\nВ указанную дату с распиской и паспортом приходите в МФЦ , предъявляете их и забираете новое водительское удостоверение.<br />\r\n<br />\r\nОбязательно проверьте правильность внесенной информации, в том числе на латинице.<br />\r\n&nbsp;', 1501679147, NULL, 1501679147, '', 'от 5'),
(130, 22, NULL, '87465 734658746386784365 3487 87436584376587643', 'лоыар лрвплор олпрвлоырпл орвы орп олвырлпрлвыорл оплывоп лор ылоп лоывр лополвы', 1502178487, NULL, 1502112071, '60000', '3'),
(131, 22, 130, 'рпфлор лвоылорлырфлолвл оы выфоывовы', 'фвылор . фолвфырвол фолв лывфвлоыр влоылофыв лорылво лоыфр влорло влоыв лофролы', 1502178469, NULL, 1502178469, '4455', '6'),
(132, 22, 130, 'лофр влоы влор олр влоыфрвл олыфоволыфолвоыр765 76 5757576', '87687687 68в76786вы876ыф876в876фы78в687фы6 в876 в876ыф 78в687фы6 в86ыф87в', 1502178524, NULL, 1502178524, '1000', '3'),
(134, 24, NULL, 'Медицинская страховка', 'Очень важно до поездки позаботиться о покупке медицинского полиса страхования для выезжающих за границу на отдых. \n\nЕсли Вы покупаете тур, то медицинская страховка (полис медицинского страхования) будет неотъемлемой частью путёвки. До начала поездки прочитайте его: так Вы будете знать, как действовать в экстренной ситуации.\nА если Вы организуете путёвку самостоятельно, то есть несколько критериев, которых необходимо придерживаться:\nВыбирайте известную страховую компанию. Ту, которая успела себя зарекомендовать.\nУчитывайте стоимость медицинских услуг страны, куда Вы выезжаете. Например, в Таиланде выезд «скорой помощи» обойдется в пределах 50-150 долларов, а день госпитализации 50–300 долларов. В Европе один визит к врачу будет стоить 200-250 евро. Неделя госпитализации – в зависимости от страны – от 1 тысячи до 7 тысяч евро. Если поездка планируется в Северную Америку, то стоимость лечения там особенно высокая. \nУказывайте наиболее вероятные риски. Как правило, стандартная страховка включает в себя самые распространенные «бытовые» случаи и экстренные случаи, но может не включать услуги стоматолога или лечение солнечных ожогов. \nЕсли же Вы планируете экстремальный отдых, то в этом случае обязательно надо покупать расширенную медицинскую страховку, иначе в случае получения травмы медицинскую помощь Вы не получите.\nОбратите внимание на то, что сумма расходов, которые покрывает страховка должна быть не менее 30 тысяч евро.\nНаличие или отсутствие франшизы. При наличии франшизы назначается сумма (например, не более 100 или 200 евро), которую страховка не покрывает - она начинает покрывать лечение только сверх этой суммы.\n\n\nОбычный страховой полис Вам оформят в течении 15 минут и обойдется он от 50 до 250 рублей за день в зависимости от страховой компании и страны пребывания.', 1502290073, NULL, 1502289775, '60000', '3'),
(135, 25, NULL, 'Выберите специальность, которую ваш ребенок хочет получить', 'Первое, что необходимо сделать &ndash; выбрать специальность, которая соответствует вашим интересам и способностям. Это сузит перечень подходящих учебных заведений.<br />\r\n<br />\r\nПри выборе ориентируйтесь на рынок труда, оцените возможности и перспективы трудоустройства, уровень заработной платы на данной специальности.<br />\r\n<br />\r\nВыберите не престижную, а востребованную профессию.<br />\r\n<br />\r\nНет конкретных предпочтений, определиться с выбором профессии самостоятельно не можете, обратитесь за помощью к <strong>профориентологу</strong>, в среднем по России стоимость услуг составляет <strong>от 2 000 рублей</strong>, в зависимости о региона.<br />\r\n&nbsp;', 1502365264, NULL, 1502365264, '2 000', '2'),
(136, 25, 135, 'Составьте список учебных заведений, подходящих выбранному направлению', 'Узнайте обо всех вузах (в вашем регионе либо в регионе, которому вы отдаете предпочтение), которые предоставляют образовательные услуги по выбранной специальности или имеют приближенные к ней факультеты.<br />\r\n<br />\r\nВыберите до семи высших учебных заведений.<br />\r\n<br />\r\nЗафиксируйте варианты для анализа и сравнения важной информации. Для это сделайте таблицу, которая содержит:<br />\r\n&middot; форма обучения,<br />\r\n&middot; стоимость обучения<br />\r\n&middot; условия поступления,<br />\r\n&middot; карьерные перспективы.<br />\r\n<br />\r\n<strong>ВАЖНО!</strong> Абитуриент имеет право подать документы в пять вузов на 3 направления подготовки в каждом &mdash; то есть претендовать на 15 бюджетных мест.', 1502365349, NULL, 1502365349, '', '1'),
(137, 25, 136, ' Определитесь какому статусу  учебного учреждения вы отдаете предпочтение', 'Высшее учебное заведение может быть негосударственным и государственным. Существенных различий нет. Статус не влияет на качество образования.<br />\r\n<br />\r\nУровень образования в государственных учебных заведениях гарантирован, образовательные программы соответствуют всем требованиям. Преимуществом является наличие бюджетных мест.<br />\r\n<br />\r\nСреди негосударственных учебных заведений есть престижные и вполне уважаемые. Некоторые новейшие направления можно изучить только в частном учебном заведении. Они более гибки в отношении учебного процесса. При рассмотрении обучения в частном ВУЗе, внимательно ознакомьтесь с учебной программой, соответствует ли она общепринятым параметрам.<br />\r\n<br />\r\n<strong>ВАЖНО!</strong> Обязательно проверьте наличие лицензии и аккредитации у негосударственного ВУЗа.<br />\r\n&nbsp;', 1502365451, NULL, 1502365451, '', '1'),
(138, 25, 137, 'Определитесь с формой обучения', '<p dir="ltr" style="margin-top:0pt; margin-bottom:0pt"><span style="line-height:1.38"><span style="font-size:11pt"><span style="font-family:Arial"><span style="vertical-align:baseline"><span style="white-space:pre-wrap">Форма обучения зависит от возможностей обучающегося. При выборе отталкивайтесь от способности обучаться самостоятельно &mdash; это отличает данные виды друг от друга. </span></span></span></span></span></p>\r\n\r\n<p dir="ltr" style="margin-top:0pt; margin-bottom:0pt"><br />\r\n<span style="line-height:1.38"><span style="font-size:11pt"><span style="font-family:Arial"><span style="vertical-align:baseline"><span style="white-space:pre-wrap">Вузы предлагают формы:</span></span></span></span></span></p>\r\n\r\n<ul style="margin-top:0pt; margin-bottom:0pt">\r\n	<li dir="ltr" style="list-style-type:disc; font-size:11pt; font-family:Arial; vertical-align:baseline">\r\n	<p dir="ltr" style="margin-top:0pt; margin-bottom:0pt"><span style="line-height:1.38"><span style="font-size:11pt"><span style="vertical-align:baseline"><span style="white-space:pre-wrap">очное (дневное);</span></span></span></span></p>\r\n	</li>\r\n	<li dir="ltr" style="list-style-type:disc; font-size:11pt; font-family:Arial; vertical-align:baseline">\r\n	<p dir="ltr" style="margin-top:0pt; margin-bottom:0pt"><span style="line-height:1.38"><span style="font-size:11pt"><span style="vertical-align:baseline"><span style="white-space:pre-wrap">очно-заочное (вечернее);</span></span></span></span></p>\r\n	</li>\r\n	<li dir="ltr" style="list-style-type:disc; font-size:11pt; font-family:Arial; vertical-align:baseline">\r\n	<p dir="ltr" style="margin-top:0pt; margin-bottom:0pt"><span style="line-height:1.38"><span style="font-size:11pt"><span style="vertical-align:baseline"><span style="white-space:pre-wrap">заочное;</span></span></span></span></p>\r\n	</li>\r\n	<li dir="ltr" style="list-style-type:disc; font-size:11pt; font-family:Arial; vertical-align:baseline">\r\n	<p dir="ltr" style="margin-top:0pt; margin-bottom:0pt"><span style="line-height:1.38"><span style="font-size:11pt"><span style="vertical-align:baseline"><span style="white-space:pre-wrap">дистанционное;</span></span></span></span></p>\r\n	</li>\r\n	<li dir="ltr" style="list-style-type:disc; font-size:11pt; font-family:Arial; vertical-align:baseline">\r\n	<p dir="ltr" style="margin-top:0pt; margin-bottom:0pt"><span style="line-height:1.38"><span style="font-size:11pt"><span style="vertical-align:baseline"><span style="white-space:pre-wrap">экстернат.</span></span></span></span></p>\r\n	</li>\r\n</ul>\r\n&nbsp;\r\n\r\n<p dir="ltr" style="margin-top:0pt; margin-bottom:0pt"><span style="line-height:1.38"><span style="font-size:11pt"><span style="font-family:Arial"><span style="vertical-align:baseline"><span style="white-space:pre-wrap">Решите, какая форма обучения вам подходит. Есть ли возможность обучаться по этой форме в выбранных вузах, зафиксируйте информацию в таблице.</span></span></span></span></span></p>\r\n\r\n<div></div>\r\n', 1502365501, NULL, 1502365501, '', '1'),
(139, 25, 138, 'Уточните наличие бюджетных мест и стоимость обучения', '<p dir="ltr" style="margin-top:0pt; margin-bottom:0pt"><span style="line-height:1.38"><span style="font-size:11pt"><span style="font-family:Arial"><span style="vertical-align:baseline"><span style="white-space:pre-wrap">Решите для себя: рассматриваете ли вы только бюджетные места, или в случае необходимости, будет возможность выбрать платное образование.</span></span></span></span></span></p>\r\n&nbsp;\r\n\r\n<p dir="ltr" style="margin-top:0pt; margin-bottom:0pt"><span style="line-height:1.38"><span style="font-size:11pt"><span style="font-family:Arial"><span style="vertical-align:baseline"><span style="white-space:pre-wrap">Количество бюджетных мест определяют органы исполнительной власти субъекта федерации, совместно с учебным заведением. Государственные ВУЗы проводят целевой прием студентов, где существует отдельный конкурс на места (чем выше балл при сдаче ЕГЭ, тем больше шансов поступить на бюджетные места).</span></span></span></span></span></p>\r\n&nbsp;\r\n\r\n<p dir="ltr" style="margin-top:0pt; margin-bottom:0pt"><span style="line-height:1.38"><span style="font-size:11pt"><span style="font-family:Arial"><span style="vertical-align:baseline"><span style="white-space:pre-wrap">Если у вас есть необходимость в получении высшего образования на платной основе, выясните стоимость обучения и график платежей. Уточните о возможности рассрочки платежей. Ознакомьтесь с документами о платных образовательных услугах.</span></span></span></span></span></p>\r\n&nbsp;\r\n\r\n<p dir="ltr" style="margin-top:0pt; margin-bottom:0pt"><span style="line-height:1.38"><span style="font-size:11pt"><span style="font-family:Arial"><span style="vertical-align:baseline"><span style="white-space:pre-wrap">Зафиксируйте информацию в своей таблице.</span></span></span></span></span></p>\r\n\r\n<div></div>\r\n', 1502365561, NULL, 1502365561, '', '1'),
(140, 25, 139, 'Узнайте условия поступления', '<p dir="ltr" style="margin-top:0pt; margin-bottom:0pt"><span style="line-height:1.38"><span style="font-size:11pt"><span style="font-family:Arial"><span style="vertical-align:baseline"><span style="white-space:pre-wrap">Правила поступления отличаются, поэтому очень внимательно изучите условия поступления в выбранные вузы.<br />\r\n<br />\r\nУточните:</span></span></span></span></span></p>\r\n\r\n<ul dir="ltr">\r\n	<li style="margin-top: 0pt; margin-bottom: 0pt;">Сроки и способы подачи документов;</li>\r\n	<li style="margin-top: 0pt; margin-bottom: 0pt;">Какие предметы необходимо сдать на ЕГЭ;</li>\r\n	<li style="margin-top: 0pt; margin-bottom: 0pt;">Проходные баллы по результатам ЕГЭ на бюджетные и внебюджетные места;</li>\r\n	<li style="margin-top: 0pt; margin-bottom: 0pt;">Наличие дополнительных вступительных экзаменов;</li>\r\n	<li style="margin-top: 0pt; margin-bottom: 0pt;">Наличие льгот при поступлении.</li>\r\n</ul>\r\n\r\n<p dir="ltr" style="margin-top:0pt; margin-bottom:0pt"></p>\r\n\r\n<p dir="ltr" style="margin-top:0pt; margin-bottom:0pt"><span style="line-height:1.38"><span style="font-size:11pt"><span style="font-family:Arial"><span style="vertical-align:baseline"><span style="white-space:pre-wrap">Полученную информацию занесите в таблицу.</span></span></span></span></span></p>\r\n\r\n<div></div>\r\n', 1502365642, NULL, 1502365642, '', ''),
(141, 25, 140, 'Узнайте о возможностях трудоустройства по окончанию обучения в вузе', '<p dir="ltr">Важно знать при выборе вуза &ndash; карьерные перспективы после его окончания. Узнайте, где в основном работают выпускники выбранных университетов, используйте интернет форумы.<br />\r\n<br />\r\nОбратите внимание на наличие налаженных программ стажировок для студентов и обмена студентами с иностранными вузами, собственного карьерного центра, который оказывает содействие в поиске места работы.<br />\r\n<br />\r\nУзнайте о возможности трудоустроиться во время обучения.</p>\r\n\r\n<p dir="ltr">Изучите истории прохождения студентами вуза производственной и преддипломной практик. Часто работодатели приглашают понравившихся им студентов на вакантные места.<br />\r\n<br />\r\nИнформацию можно найти на официальных сайтах и форумах ВУЗов.</p>\r\n&nbsp;\r\n\r\n<div></div>\r\n', 1502365729, NULL, 1502365729, '', '2'),
(142, 25, 141, 'Проведите анализ таблицы и сделайте выбор', '<p dir="ltr">Какое именно учебное заведение выбрать и шансы поступить напрямую зависят только от вашего ребенка, его предпочтений и подготовленности, и от ваших финансовых возможностей.<br />\r\n<br />\r\nПроанализируйте таблицу выбранных институтов, оценивая каждый критерий. Распишите плюсы и минусы. Тщательно продумайте свои возможности и желания, сопоставьте с критериями вузов в таблице, взвесьте все &laquo;за&raquo; и &laquo;против&raquo;.<br />\r\n<br />\r\nВыберете из вашего списка несколько подходящих вузов (до трех), где условия поступления и сроки подачи документов совпадают. Это поможет в подготовке к вступительным испытаниям.</p>\r\n&nbsp;\r\n\r\n<div></div>\r\n', 1502366014, NULL, 1502366014, '', '3'),
(143, 26, NULL, 'Уточните дату окончания срока действия водительского удостоверения', 'Срок действия водительского удостоверения (далее ВУ) – 10 лет. По прошествии указанного периода времени, документ утрачивает юридическую силу и подлежит замене.\n\nУзнайте дату окончания срока действия в особой колонке.\n\nЗамену ВУ начните заранее. Вам потребуется время на сбор документов, оплату государственной пошлины и прохождение медицинской комиссии (в случае если отсутствует медицинская справка).\n\nВАЖНО! По ВУ с истекшим сроком действия управлять транспортным средством НЕЛЬЗЯ – это приравнивается к вождению без прав и влечет наказание в виде административного штрафа в размере от 5 000 до 15 000 рублей.', 1502369352, NULL, 1502369352, '', ''),
(144, 27, NULL, 'первый степ', 'описание', 1502442640, NULL, 1502442640, 'ст', 'ср'),
(145, 27, 144, 'второй степ', 'деск', 1502443128, NULL, 1502443128, 'ст', 'ср'),
(146, 27, 145, 'третий степ', 'описание', 1502443931, NULL, 1502443931, 'ст', 'сп'),
(149, 28, NULL, 'Тестовый кейс с 0 Тестовый кейс с 0 Тестовый кейс с 0 ', 'Тестовый кейс с 0 Тестовый кейс с 0 Тестовый кейс с 0 Тестовый кейс с 0 Тестовый кейс с 0 Тестовый кейс с 0 Тестовый кейс с 0 Тестовый кейс с 0 ', 1503159819, NULL, 1503159819, '20 000 руб', '3 часа'),
(150, 28, 149, 'Тестовый кейс с 0 Тестовый кейс с 0 Тестовый кейс с 0 Тестовый кейс с 0 Тестовый кейс с 0 ', 'Тестовый кейс с 0 Тестовый кейс с 0 Тестовый кейс с 0 Тестовый кейс с 0 Тестовый кейс с 0 Тестовый кейс с 0 Тестовый кейс с 0 Тестовый кейс с 0 Тестовый кейс с 0 Тестовый кейс с 0 Тестовый кейс с 0 Тестовый кейс с 0 Тестовый кейс с 0 Тестовый кейс с 0 Тестовый кейс с 0 ', 1503159847, NULL, 1503159847, '24 000', '1 день'),
(151, 28, 150, 'Тестовый кейс с 0 Тестовый кейс с 0 Тестовый кейс с 0 Тестовый кейс с 0 Тестовый кейс с 0 Тестовый кейс с 0 Тестовый кейс с 0 ', 'Тестовый кейс с 0 Тестовый кейс с 0 Тестовый кейс с 0 Тестовый кейс с 0 Тестовый кейс с 0 Тестовый кейс с 0 Тестовый кейс с 0 Тестовый кейс с 0 Тестовый кейс с 0 Тестовый кейс с 0 Тестовый кейс с 0 Тестовый кейс с 0 Тестовый кейс с 0 Тестовый кейс с 0 Тестовый кейс с 0 Тестовый кейс с 0 Тестовый кейс с 0 Тестовый кейс с 0 Тестовый кейс с 0 Тестовый кейс с 0 Тестовый кейс с 0 Тестовый кейс с 0 Тестовый кейс с 0 Тестовый кейс с 0 Тестовый кейс с 0 Тестовый кейс с 0 ', 1503159888, NULL, 1503159888, '', '3 часа'),
(152, 32, NULL, 'Кейс полностью созданный из фронта Кейс полностью созданный из фронта Кейс полностью созданный из фронта ', 'Кейс полностью созданный из фронта Кейс полностью созданный из фронта Кейс полностью созданный из фронта Кейс полностью созданный из фронта Кейс полностью созданный из фронта Кейс полностью созданный из фронта ', 1503173680, NULL, 1503173680, '50 рублей', '3 часа'),
(156, 36, NULL, '786wr7868743658765743', '<p>kuh utushg khdks uhkguhsdku gbkusd</p>\n<p><em>dsuhgukhsgkjdshjk gdskghdshg kjdhjks gs</em></p>\n<p><strong>ksdjhgk hdks ghjk dkgkdsgjhdskjhg kjdsjkgjks</strong></p>\n', 1503340525, NULL, 1503340525, NULL, NULL);
INSERT INTO `steps` (`id`, `object_id`, `parent_id`, `name`, `description`, `time_update`, `status`, `time_create`, `price`, `date`) VALUES
(157, 37, NULL, ' Убедитесь имеете ли Вы право на приобретение травматического оружия', '<p>Получить лицензию на травматическое оружие и зарегистрировать его, может не каждый. С 2014 года правила получения лицензии на эту категорию оружия ужесточились.&nbsp;</p>\n<p>На ношение оружия имеет право каждый гражданин РФ, если он:</p>\n<p>• достиг возраста 21 год;&nbsp;</p>\n<p>• не страдает психическими заболеваниями;&nbsp;</p>\n<p>• является психологически устойчивым в экстремальных ситуациях;&nbsp;</p>\n<p>прошел обучающий курс по безопасному обращению с огнестрельным оружием;&nbsp;</p>\n<p>• предоставил необходимые документы и получил лицензию;&nbsp;</p>\n<p>• своевременно выполняет все требования по хранению оружия, исключая возможность получения доступа к нему посторонних лиц;&nbsp;</p>\n<p>• соблюдает правила ношения и использования оружия в целях самообороны.</p>\n<p><strong>ВАЖНО!</strong> Перед принятием решения о приобретении оружия, на официальном сайте МВД РФ уточните его наличие в списке разрешенного для гражданских лиц.&nbsp;</p>\n', 1503380736, NULL, 1503380736, NULL, '1'),
(158, 37, 157, 'Пройдите медицинскую комиссию', '<p>Для приобретения оружия необходимо пройти медицинскую комиссию и химико-токсикологическое исследование. Можно обратиться в государственное медицинское учреждение либо в коммерческую клинику.&nbsp;</p>\n<p>В среднем по России общая стоимость медицинской комиссии для получения лицензии на приобретение оружия от 3 000 до 5 700 рублей, в зависимости от региона, спектра услуг и работ специалиста.&nbsp;</p>\n<p>Первое, что нужно сделать - посетить неврологический и наркологический диспансеры по месту регистрации, где сделаете химико-токсикологическое исследование (ХТИ), стоимость от 1 500 рублей; получите заключения нарколога и психиатра, о том, что на учете не стоите и серьёзных заболеваний не имеете, стоимость от 700 рублей за прием специалиста.</p>\n<p>Далее пройдите медицинское освидетельствование офтальмолога, терапевта. Терапевт собирает все выданные заключения специалистов, и выдает справку формы № 002-О/у, которая информирует об отсутствие медицинских противопоказаний к владению оружием. Цена медсправки на оружие формы 002-О/у примерно 1 100 рублей, в зависимости от региона.</p>\n<p><strong>ВАЖНО!</strong> С 2017 года Приказом Минздрава №441н была отменена справка 046-1.&nbsp;</p>\n', 1503381010, NULL, 1503380821, 'от 3 000 до 5 700', '2'),
(159, 37, 158, 'Пройдите обучение правилам безопасного обращения с оружием', '<p>В сети интернет множество организаций, представляющих услуги краткого курса обучения правилам безопасного обращения с оружием в организации. В среднем по России обучение стоит от 3 500 до 7 000 рублей.</p>\n<p><strong>ВАЖНО!</strong> Компании, которые оказывают услуги по обучению, должны иметь лицензию на осуществление такой деятельности.&nbsp;</p>\n<p>Курс по правилам безопасного ношения, хранения и применения оружия включает в себя отработку навыков обращения с оружием, знание правовых норм и практические стрельбы. После окончания обучения сдаются нормативы, после чего выдается сертификат о прохождении курсов и акт о проверке знаний.</p>\n', 1503380968, NULL, 1503380968, 'от 3 500 до 7 000', '3'),
(160, 37, 159, 'Купите сейф для хранения оружия', '<p>Сейф – это важнейшее условие для покупки оружия. Вы идете в магазин и покупаете любой сейф для оружия. Простой сейф обойдется примерно в 2 000 рублей, в зависимости от модели и габаритов.</p>\n<p>Требования к сейфу для хранения оружия:</p>\n<ol>\n<li>Должен быть выполнен из металла, при этом толщина каждой стенки должна составлять не менее 2 мм</li>\n<li>Должен иметь 2 (или более) замка различного типа</li>\n<li>Должен обладать дополнительным отделением для хранения пороха/патронов с толщиной стенок не менее 3 мм (запирающимся также на 2 разных замка), крепежами, полками</li>\n</ol>\n<p>При продаже Вам выдадут паспорт сейфа, который Вам понадобится.&nbsp;</p>\n<p>Хорошо продумайте место для сейфа. Сейф должен быть скрыт от глаз, но находиться в «шаговой доступности». Обязательно прикрепите сейф к стене. Это и безопаснее и будет соответствовать требованиям закона</p>\n', 1503381135, NULL, 1503381135, 'от 2 000', '1'),
(161, 37, 160, 'Получите рапорт участкового о соответствии условий хранения оружия установленным требованиям ', '<p>Возьмите паспорт на сейф, все Ваши собранные ранее документы и идете к своему участковому. Он должен прийти к Вам домой, проверить наличие сейфа и его исправность.&nbsp;</p>\n<p>Убедившись в том, что хранить оружие у Вас дома безопасно, участковый выдаст Вам акт на осмотр правильности хранения оружия.</p>\n<p>Акт Вы получаете бесплатно, без него лицензию Вам не получить.</p>\n', 1503381184, NULL, 1503381184, NULL, '1'),
(162, 37, 161, 'Получите лицензию на приобретение оружия', '<p>На данном этапе основная цель - получение в отделе лицензионно-разрешительной работы (далее ОЛРР) лицензии на приобретение оружия самообороны.</p>\n<p>Заявление на получение лицензии подается в ОЛРР при ОВД по месту жительства заявителя. К заявлению прилагаются следующие документы:</p>\n<p>• ксерокопия паспорта;</p>\n<p>• справка из медучреждения;</p>\n<p>• 3 фотографии размером 3Х4;</p>\n<p>• сертификат о прохождении обучения правилам безопасного владения оружием;</p>\n<p>• документ, подтверждающий оплату государственной пошлины (реквизиты узнать в ОЛРР);&nbsp;</p>\n<p>• рапорт участкового о проведении проверки условий хранения.</p>\n<p>Лицензионный сбор на получение лицензии на приобретение одной единицы огнестрельного оружия ограниченного поражения (ОООП), часто называемого травматическим составляет 110 рублей, и соответственно 220 – за 2 единицы, 330 – за 3 единицы.</p>\n<p>Материалы о выдаче лицензии рассматривают в месячный срок со дня обращения, по истечению которого все разрешительные документы должны быть выданы.</p>\n', 1503381326, NULL, 1503381326, 'от 110', '30'),
(163, 37, 162, ' Приобретите в магазине оружие', '<p>&nbsp;Получив лицензию, можете приобретать оружие. В среднем по России минимальная стоимость оружия самообороны составляет 10 000 рублей.&nbsp;</p>\n<p>В магазине отдайте лицензию продавцу и предъявите личный паспорт. Продавец заполняет лицензию и ставит печать. При покупке обратите внимание на:&nbsp;</p>\n<p>• Правильность заполнения лицензии.</p>\n<p>• Паспорт оружия.</p>\n<p>• Номер на покупаемое оружия в паспорте, соответствует ли он номерам на разных частях оружия.</p>\n<p>• Товарный чек.</p>\n<p>Патроны для оружия Вам не продадут до получения разрешения на хранение и ношение оружия.</p>\n', 1503381392, NULL, 1503381392, 'от 10 000', '1'),
(164, 37, 163, 'Зарегистрируйте оружие в ОЛРР и получите разрешение на хранение и ношение оружия', '<p>После покупки оружия в двухнедельный срок его необходимо зарегистрировать в ОЛРР по месту Вашей регистрации, где будет произведен его экспериментальный отстрел. При этом подайте заявление на выдачу разрешения на хранение и ношение оружия.</p>\n<p>К заявлению прилагаются документы:</p>\n<p>• заявление;</p>\n<p>• 2 фото 3Х4;</p>\n<p>• копия паспорта;</p>\n<p>• копия лицензии;</p>\n<p>• копия технического паспорта охотничьего ружья.</p>\n<p>Через один месяц, после подачи заявления и постановки оружия на учет, выдается разрешение на его ношение и хранение. Сделайте ксерокопию и заверьте ее в РОВД по месту выдачи, либо сделайте ксерокопию и заверьте ее у нотариуса, стоимость заверенной нотариусом копии составляет от 300 рублей, взависимости от региона.</p>\n<p>С этого момента Вы легально владеете оружием.</p>\n<p><strong>ВАЖНО!</strong> При регистрации оружия в ОЛРР, его необходимо предоставить в кобуре, в противном случае владельцу грозит штраф за невыполнение правил ношения.</p>\n', 1503381863, NULL, 1503381513, 'от 300', '30 '),
(165, 37, 164, 'Приобретите боеприпасы', '<p>Разрешение на хранение и ношение оружия дает Вам право на покупку патронов и ношение оружия, его нужно носить всегда с собой.&nbsp;</p>\n<p>Боеприпасы приобретают в специализированных магазинах без особого предуведомления ОЛРР. Средняя стоимость одного патрона 100 рублей, стоимость зависит от оружия самообороны.</p>\n<p>При покупке боеприпасов в специализированном магазине необходимо предъявить:</p>\n<p>• Копию паспорта гражданина РФ</p>\n<p>• Ксерокопия разрешения на ношение-хранение оружия (заверенная нотариусом или РОВД по месту выдачи).&nbsp;</p>\n', 1503381728, NULL, 1503381629, 'от 100', '1');

-- --------------------------------------------------------

--
-- Структура таблицы `steps_attachments`
--

CREATE TABLE IF NOT EXISTS `steps_attachments` (
  `id` int(11) NOT NULL AUTO_INCREMENT,
  `step_id` int(11) DEFAULT NULL,
  `attachment_id` int(11) DEFAULT NULL,
  PRIMARY KEY (`id`)
) ENGINE=InnoDB  DEFAULT CHARSET=utf8 AUTO_INCREMENT=3 ;

--
-- Дамп данных таблицы `steps_attachments`
--

INSERT INTO `steps_attachments` (`id`, `step_id`, `attachment_id`) VALUES
(1, 133, 1),
(2, 134, 2);

-- --------------------------------------------------------

--
-- Структура таблицы `steps_notes`
--

CREATE TABLE IF NOT EXISTS `steps_notes` (
  `id` int(11) NOT NULL AUTO_INCREMENT,
  `step_id` int(11) NOT NULL,
  `user_id` int(11) NOT NULL,
  `text` text,
  `time_create` int(11) DEFAULT NULL,
  PRIMARY KEY (`id`)
) ENGINE=InnoDB  DEFAULT CHARSET=utf8 AUTO_INCREMENT=43 ;

--
-- Дамп данных таблицы `steps_notes`
--

INSERT INTO `steps_notes` (`id`, `step_id`, `user_id`, `text`, `time_create`) VALUES
(1, 130, 5, 'офвыироыфвыр пфопвыопвопывыпвпофры', 1502178488),
(2, 130, 5, 'и вовыиорф вофвпывфыповпфывыфвффыворф', 1502178488),
(3, 130, 5, 'в ылрлоырв лофволыов фловоыфолвор волрлов оыфв', 1502178488),
(4, 133, 5, '1 рпрпропорп орпор пор попорп пор пор ппор', 1502229910),
(5, 133, 5, '2 орпроп оп оорп попор пор пппппорп ор пппорп', 1502229910),
(6, 133, 5, '3 098090 90г90 г0909 9 г09г г089 908р8 р8р89р 9р', 1502229910),
(7, 144, 1, 'йцу', 1502442640),
(8, 144, 1, 'кен', 1502442640),
(9, 145, 1, 'ываыва', 1502443129),
(10, 145, 1, 'укук', 1502443129),
(11, 146, 1, 'йййй', 1502443931),
(12, 146, 1, 'ввава', 1502443931),
(13, 149, 14, 'Тестовый кейс с 0 Тестовый кейс с 0 ', 1503159819),
(14, 149, 14, 'Тестовый кейс с 0 Тестовый кейс с 0 ', 1503159819),
(15, 149, 14, 'Тестовый кейс с 0 Тестовый кейс с 0 ', 1503159819),
(16, 150, 14, 'Тестовый кейс с 0 Тестовый кейс с 0 ', 1503159847),
(17, 150, 14, 'Тестовый кейс с 0 Тестовый кейс с 0 ', 1503159847),
(18, 150, 14, 'Тестовый кейс с 0 Тестовый кейс с 0 ', 1503159847),
(19, 151, 14, '2344244432434234234', 1503159888),
(20, 151, 14, '423432432432432424323434', 1503159888),
(21, 151, 14, '43423432432423432434324', 1503159888),
(22, 151, 14, '432423423432423423432', 1503159888),
(23, 152, 14, '45354355', 1503173681),
(24, 152, 14, '3455345345', 1503173681),
(25, 152, 14, '54535535444', 1503173681),
(26, 157, 11, 'На официальном сайте МВД РФ уточните наличие оружия, которое Вы планируете приобрести в списке разрешенного для гражданских лиц.', 1503380736),
(28, 159, 11, 'Найдите организацию, предоставляющую услуги краткого курса обучения правилам безопасного обращения с оружием обучению', 1503380968),
(29, 159, 11, 'Проверьте у организации наличие соответствующей лицензии', 1503380968),
(30, 159, 11, 'Запишитесь на краткий курс обучения', 1503380968),
(31, 158, 11, 'Найдите организацию, предоставляющую услуги краткого курса обучения правилам безопасного обращения с оружием обучению', 1503381010),
(32, 158, 11, 'Проверьте у организации наличие соответствующей лицензии', 1503381010),
(33, 158, 11, 'Запишитесь на краткий курс обучения', 1503381010),
(34, 160, 11, 'Возьмите в магазине документы на приобретенный сейф (паспорт, чек)', 1503381135),
(35, 161, 11, 'Возьмите в магазине документы на приобретенный сейф (паспорт, чек)', 1503381184),
(36, 162, 11, 'Сделайте ксерокопию паспорта гражданина РФ', 1503381327),
(37, 162, 11, 'Возьмите реквизиты в ОЛРР при ОВД по месту вашей регистрации на оплату госпошлины ', 1503381327),
(38, 163, 11, 'Возьмите лицензию на приобретение оружия и паспорт', 1503381392),
(39, 163, 11, 'Проверьте правильность внесенных продавцом сведений в вашу лицензию ', 1503381392),
(40, 164, 11, 'Для предоставления оружия на регистрацию поместите его в кобуру', 1503381513),
(41, 164, 11, 'Сделайте ксерокопию разрешения на ношение-хранение оружия, заверенную в РОВД', 1503381513),
(42, 165, 11, 'Возьмите паспорт и ксерокопию разрешения на ношение и хранение оружия ', 1503381629);

-- --------------------------------------------------------

--
-- Структура таблицы `tags`
--

CREATE TABLE IF NOT EXISTS `tags` (
  `id` int(11) NOT NULL AUTO_INCREMENT,
  `menu` int(11) DEFAULT NULL,
  `frequency` int(11) DEFAULT NULL,
  `name` varchar(255) DEFAULT NULL,
  `url` varchar(255) DEFAULT NULL,
  PRIMARY KEY (`id`)
) ENGINE=InnoDB  DEFAULT CHARSET=utf8 AUTO_INCREMENT=31 ;

--
-- Дамп данных таблицы `tags`
--

INSERT INTO `tags` (`id`, `menu`, `frequency`, `name`, `url`) VALUES
(1, NULL, 0, 'тестовое', 'testovoe'),
(2, NULL, 0, 'направление', 'napravlenie'),
(3, NULL, 1, 'Нецензурная лексика', 'netsenzurnaya_leksika'),
(4, NULL, 1, 'алкоголь', 'alkogol'),
(5, NULL, 1, 'Минобороны', 'minoboronyi'),
(6, NULL, 1, 'Гидрометцентр', 'gidromettsentr'),
(7, NULL, 1, 'Отзыв лицензий', 'otzyiv_litsenziy'),
(8, NULL, 1, 'ЦБ РФ', 'tsb_rf'),
(9, NULL, 1, 'Авиаперевозки', 'aviaperevozki'),
(10, NULL, 2, 'Путин', 'putin'),
(11, NULL, 1, 'Президент России', 'prezident_rossii'),
(12, NULL, 1, 'США', 'ssha'),
(13, NULL, 2, 'Турция', 'turtsiya'),
(14, NULL, 1, 'ДТП', 'dtp'),
(15, NULL, 2, 'Роспотребнадзор', 'rospotrebnadzor'),
(16, NULL, 1, 'Бездомные животные', 'bezdomnyie_jivotnyie'),
(17, NULL, 1, 'Пожар', 'pojar'),
(18, NULL, 2, 'ЧП', 'chp'),
(19, NULL, 2, 'МЧС', 'mchs'),
(20, NULL, 1, 'Мужчина и женщина', 'mujchina_i_jenschina'),
(21, NULL, 1, 'Такси', 'taksi'),
(22, NULL, 2, 'Активный образ жизни', 'aktivnyiy_obraz_jizni'),
(23, NULL, 1, 'Научные исследования', 'nauchnyie_issledovaniya'),
(24, NULL, 1, 'Онкология', 'onkologiya'),
(25, NULL, 1, 'Подростки', 'podrostki'),
(26, NULL, 4, 'Здоровье', 'zdorove'),
(27, NULL, 1, 'ТКО', 'tko'),
(28, NULL, 1, 'Санкт-Петербург', 'sankt_peterburg'),
(29, NULL, 1, 'Платные парковки', 'platnyie_parkovki'),
(30, NULL, 1, 'Происшествия', 'proisshestviya');

-- --------------------------------------------------------

--
-- Структура таблицы `tickets`
--

CREATE TABLE IF NOT EXISTS `tickets` (
  `id` int(11) NOT NULL AUTO_INCREMENT,
  `category_id` int(11) NOT NULL,
  `user_id` int(11) NOT NULL,
  `title` varchar(255) NOT NULL,
  `time_create` int(11) DEFAULT NULL,
  `time_update` int(11) DEFAULT NULL,
  `status` smallint(6) DEFAULT NULL,
  PRIMARY KEY (`id`),
  KEY `idx-tickets-ticket_id` (`id`)
) ENGINE=InnoDB  DEFAULT CHARSET=utf8 AUTO_INCREMENT=8 ;

--
-- Дамп данных таблицы `tickets`
--

INSERT INTO `tickets` (`id`, `category_id`, `user_id`, `title`, `time_create`, `time_update`, `status`) VALUES
(1, 3, 1, 'Можно подать рекламу ?', 1499171508, 1499171508, 0),
(2, 3, 5, 'Хочу опубликовать рекламу на вашем ресурсе', 1499171680, 1499171680, 0),
(3, 1, 1, 'Приветствуем! У меня вопросы!', 1499216667, 1499216667, 1),
(4, 3, 1, 'Как опубликовать рекламу на главной странице?', 1501075231, 1501075231, 0),
(5, 1, 5, 'Есть вопросы по заполнению кейса', 1501751711, 1501751711, 0),
(6, 5, 5, 'У меня всегда были вопросы к админам', 1501751786, 1501751786, 0),
(7, 2, 21, 'Прогнозная ключевая ставка на 2019 год', 1503386771, 1503386771, 0);

-- --------------------------------------------------------

--
-- Структура таблицы `tickets_categories`
--

CREATE TABLE IF NOT EXISTS `tickets_categories` (
  `id` int(11) NOT NULL AUTO_INCREMENT,
  `name` varchar(255) NOT NULL,
  `slug` varchar(255) NOT NULL,
  `status` smallint(6) DEFAULT '0',
  `time_update` int(11) DEFAULT '0',
  `order` int(11) DEFAULT '0',
  `email` varchar(255) DEFAULT NULL,
  PRIMARY KEY (`id`)
) ENGINE=InnoDB  DEFAULT CHARSET=utf8 AUTO_INCREMENT=6 ;

--
-- Дамп данных таблицы `tickets_categories`
--

INSERT INTO `tickets_categories` (`id`, `name`, `slug`, `status`, `time_update`, `order`, `email`) VALUES
(1, 'Технический вопрос', 'ТО', 1, 1503395851, 1, 'resmedia@ya.ru'),
(2, 'Финансовый вопрос', 'ФО', 1, 1503395844, 2, 'resmedia@ya.ru'),
(3, 'Отдел рекламы', 'РО', 1, 1503395868, 3, 'resmedia@ya.ru'),
(4, 'Правовой вопрос', 'ПО', 1, 1503395882, 4, 'resmedia@ya.ru'),
(5, 'Администрация', 'АО', 1, 1503395906, 5, 'resmedia@ya.ru');

-- --------------------------------------------------------

--
-- Структура таблицы `ticket_messages`
--

CREATE TABLE IF NOT EXISTS `ticket_messages` (
  `id` int(11) NOT NULL AUTO_INCREMENT,
  `user_id` int(11) DEFAULT NULL,
  `ticket_id` int(11) DEFAULT NULL,
  `text` text,
  `time_create` int(11) DEFAULT NULL,
  `time_update` int(11) DEFAULT NULL,
  `status` int(11) DEFAULT NULL,
  PRIMARY KEY (`id`)
) ENGINE=InnoDB  DEFAULT CHARSET=utf8 AUTO_INCREMENT=19 ;

--
-- Дамп данных таблицы `ticket_messages`
--

INSERT INTO `ticket_messages` (`id`, `user_id`, `ticket_id`, `text`, `time_create`, `time_update`, `status`) VALUES
(1, 1, 1, 'куку, че как ?', 1500995071, 1500995071, NULL),
(2, 1, 1, 'куку, че как ?', 1500995072, 1500995072, NULL),
(3, 1, 1, 'да нормально все', 1500995203, 1500995203, NULL),
(4, 5, 2, 'Добрый день! У меня поломалось все!', 1500995944, 1500995944, NULL),
(5, 1, 2, 'Тру ту ту ту тутутутут ут ут у т т ту ту туу ту уту туу ту ут уту ту ту ту ту ту', 1500996006, 1500996006, NULL),
(6, 1, 2, 'лор олрло лрлорлрлорлор лорлорол лор', 1500996131, 1500996131, NULL),
(7, 5, 2, 'о опрпопопропроп оп ро пропроп роп опроп орпроп роп ро', 1501075251, 1501075251, NULL),
(8, 5, 1, 'Что-то все разъехалось\n', 1501659836, 1501659836, NULL),
(9, 1, 6, 'Сообщение нельзя оставить через первую форму, тут вроде работает', 1501752757, 1501752757, NULL),
(10, 1, 6, 'В админке все работает. Вопрос в отправке сообщения в отдел', 1501752822, 1501752822, NULL),
(11, 5, 6, 'Проверим ответ', 1501753534, 1501753534, NULL),
(12, 1, 6, 'Могу ответить и тут', 1501755548, 1501755548, NULL),
(13, 5, 5, 'gdgfgffdfffdgjhfgj', 1503344891, 1503344891, NULL),
(14, 5, 5, 'gdgfgffdfffdgjhfgj', 1503344892, 1503344892, NULL),
(15, 21, 7, '2+2=5', 1503389041, 1503389041, NULL),
(16, 21, 7, '2+2=5', 1503389041, 1503389041, NULL),
(17, 1, 7, 'Добрый день! К концу 2019 года ЦБ снизит ключевую ставку до 7%​', 1503395965, 1503395965, NULL),
(18, 5, 7, 'Мммм да тут писать могут все сейчас....', 1503396031, 1503396031, NULL);

-- --------------------------------------------------------

--
-- Структура таблицы `users`
--

CREATE TABLE IF NOT EXISTS `users` (
  `id` int(11) NOT NULL AUTO_INCREMENT,
  `name` varchar(255) COLLATE utf8_unicode_ci DEFAULT NULL,
  `lastname` varchar(255) COLLATE utf8_unicode_ci DEFAULT NULL,
  `auth_key` varchar(32) COLLATE utf8_unicode_ci NOT NULL,
  `password_hash` varchar(255) COLLATE utf8_unicode_ci NOT NULL,
  `password_reset_token` varchar(255) COLLATE utf8_unicode_ci DEFAULT NULL,
  `email` varchar(255) COLLATE utf8_unicode_ci NOT NULL,
  `status` smallint(6) NOT NULL DEFAULT '10',
  `time_create` int(11) NOT NULL,
  `time_update` int(11) NOT NULL,
  `patronymic` varchar(32) COLLATE utf8_unicode_ci DEFAULT NULL,
  `birth_date` date DEFAULT NULL,
  `phone` varchar(24) COLLATE utf8_unicode_ci DEFAULT NULL,
  `time_request_delete` int(11) NOT NULL DEFAULT '0',
  PRIMARY KEY (`id`),
  UNIQUE KEY `email` (`email`),
  UNIQUE KEY `username` (`name`),
  UNIQUE KEY `password_reset_token` (`password_reset_token`)
) ENGINE=InnoDB  DEFAULT CHARSET=utf8 COLLATE=utf8_unicode_ci AUTO_INCREMENT=33 ;

--
-- Дамп данных таблицы `users`
--

INSERT INTO `users` (`id`, `name`, `lastname`, `auth_key`, `password_hash`, `password_reset_token`, `email`, `status`, `time_create`, `time_update`, `patronymic`, `birth_date`, `phone`, `time_request_delete`) VALUES
(1, 'Админ', '1', 'JoC3zxT9e_SqT-IEPmyiEUkEUCJK6M6H', '$2y$13$veSGkBlRJfNgcXoHTyms9.0vz3MOMIw43bHojKvCRWitAufcB5.V.', NULL, 'admin@gmail.com', 10, 1499407609, 1501671206, NULL, '2017-07-31', NULL, 0),
(5, 'Николай', 'Ковалев', 'oNBIEkFnOB4eRRrPQcl_Av5onzmaBWxB', '$2y$13$3P.JzsHFhug0Iy0ly7Fdv.1ZGKORSiZl/VzoyRcmNJKXHG4JSDFge', NULL, 'resmedia@ya.ru', 10, 1499093241, 1503311498, 'Алексеевич', '1981-09-07', '+79900000111', 0),
(6, 'ЕвгенийК', 'evgeny.kost@caseis.com', 'lIQgNzQHB9pFpNGoHfNRtuzrolO3-G3G', '$2y$13$aEK7lVN2.phxD4UEdcaAdO4Rg8aJ1wmNWq6cnHBZFMAxvrIAUaIWy', NULL, 'evgeny.kost@caseis.com', 10, 1500384974, 1500384974, NULL, NULL, NULL, 0),
(7, 'Дмитрий', 'Зинланд', 'CqX4jMXo91JV7fnUhXOgVEwJYyTRSJAb', '$2y$13$ZlP8vpIY4d6Nj.6cJvsWw.Pvf0bp1j9ToYEgVmoqimJVbS4NLnpPa', NULL, 'dmitry.zinland@caseis.com', 20, 1500386324, 1500386324, NULL, NULL, NULL, 0),
(8, 'Мария', 'Чудина', 'r5jqB9V59UsMVbwIssMgdIjBCfKOdavO', '$2y$13$KzLJTiTOSjz9fxxoKsxIAed5wrkTwT4ZJnsXocSISHMvvtjUKhBNa', NULL, 'maria.chudina@caseis.com', 10, 1500450421, 1500450421, NULL, NULL, NULL, 0),
(10, 'Александр', 'Карпович', 'CT-UTu-W6vEIDzfBvINEx9SKFp1MQBul', '$2y$13$UwpsTKWtkRgZaJ2ZMGrsT.OzgQxy1DF2wzNbAHufDaCuYCeLQWb0e', NULL, 'alexsure.k@gmail.com', 10, 1500550240, 1501787222, NULL, NULL, NULL, 0),
(11, 'Марина', 'Исаева', 'G2xUjCro2btEvq08-2uNUX_zb1dgjIRV', '$2y$13$JZ3lt0SxJIkUnQnxX9JzseP9mB2CQEg56KNuxxNl8uFgdZwD8xmB2', NULL, 'marina.isaeva@caseis.com', 10, 1500553484, 1503317619, NULL, '1988-09-05', NULL, 0),
(12, 'Евгений', 'Ко', '7X1or9q5IyugRJQMTQx14Zafvpbxm0qE', '$2y$13$X6Bnws/26LGMNiwmtp7zfOM2yL.swlwcUFiR17HiXmIFh.K5j.vnu', NULL, 'ekost55@gmail.com', 10, 1500573321, 1500573321, NULL, NULL, NULL, 0),
(13, 'Садар', 'Тин', 'Q2G6juZsza2UYypF_eoSKzwj_WppFUuS', '$2y$13$wxI9P2Efx0JAqyvbFkRk..g0mIcxRdgU.3u6tJRn3rDBl0johIvd2', NULL, 'sadar.tin@yandex.by', 10, 1503159009, 1503159009, NULL, NULL, NULL, 0),
(14, 'Арест', 'Тангонг', '3KYKpvByN60HUCWnAV2pPf3RewuzTOBA', '$2y$13$C5fh2eA5K5Nxt5qEOWhH.uJRdjuC10nbeGd/hotUG9.gRY1t7ynsS', NULL, 'e.rogozhuk@mail.ru', 10, 1503159013, 1503185170, NULL, NULL, NULL, 0),
(15, 'Анжелика', 'Фёдорова', 'PLBfBOwUO7qFX9f5ngK5XCwQsCfTnQVf', '$2y$13$BJMxOtWel1L3tZisrjvXkONNWkE3aKoe0PXQ.jBdKiyvcayPJF7gG', NULL, 'designangelika@gmail.com', 10, 1503242408, 1503242408, NULL, NULL, NULL, 0),
(20, 'Юрий', 'Макаров', '3T3OjlHyURcigyD0lvqz0-HZy6-bxev7', '$2y$13$jIYwgTP.PS1AbmnozACLHOdAMs8PAGE1Qiw1HHZtMiVCmOCJt8fQm', NULL, 'yury.makarov@caseis.com', 10, 1503386177, 1503386177, NULL, NULL, NULL, 0),
(21, 'Сергей', 'Задорощенко', '_Vk3kI7pIQ5oj3Jz3PVlYf9Pk7TIBKL8', '$2y$13$sZaivp.DVaaMhi0.SWC3zOioTyUNLb5kXl1slciq0GVjAAL0UZ9Xe', NULL, 'zadoroshenko@yandex.ru', 10, 1503386324, 1503386324, NULL, NULL, NULL, 0),
(22, 'Елизавета', 'Гераськина', 'HP0OqB8azKNYtT6RDMTqUCGk5a3xm8xh', '$2y$13$KWb/KJxbQ4OdBctb.pOng.UFUmlotMymkpcvmiALEo8NhXy5SPWKe', NULL, 'elizaveta.geraskina@caseis.com', 10, 1503388458, 1503388458, NULL, NULL, NULL, 0),
(23, 'Ost', 'Big', 'I9FDdIdw2Q0Zi1aRFl2Z4unabZBsnRLG', '$2y$13$UjmwHBo7czG0vyhr0y10b.doFfAXD7wQumoY2xM5BemL6Nr2aVGqq', NULL, 'ostap.bigovchiy@caseis.com', 10, 1503389632, 1503389632, NULL, NULL, NULL, 0),
(32, 'Dina', 'Dzhioeva', '8gkdCCL7DpQqI38cqOmIbCmyxbCSBOPy', '$2y$13$/yz7jI9QafsD9efVlCeEUOl1youySnf82L0DI68vI5Y1WasE5NoQe', NULL, 'dshaz@mail.ru', 10, 1503405546, 1503405546, NULL, NULL, NULL, 0);

--
-- Ограничения внешнего ключа сохраненных таблиц
--

--
-- Ограничения внешнего ключа таблицы `auth_assignments`
--
ALTER TABLE `auth_assignments`
  ADD CONSTRAINT `auth_assignments_ibfk_1` FOREIGN KEY (`item_name`) REFERENCES `auth_items` (`name`) ON DELETE CASCADE ON UPDATE CASCADE;

--
-- Ограничения внешнего ключа таблицы `auth_items`
--
ALTER TABLE `auth_items`
  ADD CONSTRAINT `auth_items_ibfk_1` FOREIGN KEY (`rule_name`) REFERENCES `auth_rules` (`name`) ON DELETE SET NULL ON UPDATE CASCADE;

--
-- Ограничения внешнего ключа таблицы `auth_items_childs`
--
ALTER TABLE `auth_items_childs`
  ADD CONSTRAINT `auth_items_childs_ibfk_1` FOREIGN KEY (`parent`) REFERENCES `auth_items` (`name`) ON DELETE CASCADE ON UPDATE CASCADE,
  ADD CONSTRAINT `auth_items_childs_ibfk_2` FOREIGN KEY (`child`) REFERENCES `auth_items` (`name`) ON DELETE CASCADE ON UPDATE CASCADE;

--
-- Ограничения внешнего ключа таблицы `passports`
--
ALTER TABLE `passports`
  ADD CONSTRAINT `fk-passports-user_id` FOREIGN KEY (`user_id`) REFERENCES `users` (`id`) ON DELETE CASCADE;

/*!40101 SET CHARACTER_SET_CLIENT=@OLD_CHARACTER_SET_CLIENT */;
/*!40101 SET CHARACTER_SET_RESULTS=@OLD_CHARACTER_SET_RESULTS */;
/*!40101 SET COLLATION_CONNECTION=@OLD_COLLATION_CONNECTION */;
